{"type": "FeatureCollection", "features": [{"type": "Feature", "properties": {"regiao": 0}, "geometry": {"type": "Polygon", "coordinates": [[[-62.16928550332962, -13.133879932876269], [-62.190586132160455, -13.153486516027137], [-62.214824778761056, -13.11147240927528], [-62.24567396534364, -13.145083694676764], [-62.352177109497816, -13.14298298933917], [-62.44325566036069, -13.079961829211385], [-62.61292618656492, -13.041448898022182], [-62.66066897532368, -12.969324681431495], [-62.73411941956794, -13.021842314871314], [-62.778924190556936, -13.00993831795829], [-62.89203787469309, -12.8586875336516], [-63.007355072156564, -12.839781185613266], [-63.09476110080723, -12.684328990631393], [-63.09035407415257, -12.636012767866756], [-63.16307001395439, -12.635312532754227], [-63.242396493738184, -12.690631106644172], [-63.2996878402487, -12.68152805018127], [-63.38415585112959, -12.652818410567498], [-63.437040170985455, -12.564588786388597], [-63.501676561920405, -12.567389726838723], [-63.55015385512161, -12.508569977386124], [-63.684568168088596, -12.453251403496175], [-63.78666428558811, -12.428042939445064], [-63.83367256990444, -12.463054695071609], [-63.87333580979633, -12.446949287483399], [-63.89757445639694, -12.499466920923219], [-63.963679856216764, -12.529577030762052], [-64.05696192040696, -12.491764334685378], [-64.17374812675533, -12.500867391148283], [-64.17154461342801, -12.47075728130945], [-64.23471199547807, -12.455352108833768], [-64.28465829756416, -12.502968096485876], [-64.29494135975835, -12.457452814171361], [-64.40585153056718, -12.446949287483399], [-64.49913359475738, -12.367122484654868], [-64.51308917916379, -12.22287405147349], [-64.55201791461324, -12.241780399511828], [-64.71287438750817, -12.173857593596324], [-64.69818429865931, -12.103834082343226], [-64.73858204299366, -12.100332906780572], [-64.74152006076342, -12.151450069995335], [-64.7686967251338, -12.145848189095084], [-64.75988267182449, -12.102433612118165], [-64.83994365605072, -12.01070281237661], [-64.91706662250719, -12.028208690189885], [-64.94865031353223, -11.993196934563336], [-64.9809685089997, -12.01700492838939], [-65.02871129775846, -11.997398345238523], [-65.0191627400067, -11.892363078358876], [-65.07057805097769, -11.856651087619799], [-65.09040967092363, -11.707501008650706], [-65.20499236394467, -11.749515115402563], [-65.2505316393761, -11.721505710901322], [-65.21160290392666, -11.530341525180372], [-65.30488496811685, -11.501631885566603], [-65.33573415469945, -11.356683217272693], [-65.30121244590464, -11.315369345633368], [-65.33940667691166, -11.312568405183242], [-65.35997280130005, -11.25795006640583], [-65.36364532351226, -11.147312918625936], [-65.28872587038312, -11.094095050073584], [-65.29753992369243, -11.02617224415808], [-65.25126614381855, -10.984158137406222], [-65.27550479041915, -10.871420284288739], [-65.36217631462738, -10.801396773035645], [-65.35850379241516, -10.657148339854267], [-65.41579513892569, -10.61653470332747], [-65.39743252786462, -10.58082271258839], [-65.42975072333209, -10.480689091496465], [-65.28872587038312, -10.220201629634946], [-65.33279613692967, -9.94430899529775], [-65.28725686149824, -9.839973963530635], [-65.39155649232508, -9.687322708998888], [-65.4437063077385, -9.669116596073081], [-65.56783755851129, -9.838573493305574], [-65.62365989613693, -9.835772552855449], [-65.6853582693021, -9.748943398901613], [-65.85355978662145, -9.794458681216124], [-65.87118789324006, -9.753144809576796], [-65.91893068199883, -9.752444574464267], [-65.98503608181866, -9.806362678129151], [-66.15176859025311, -9.785355624753223], [-66.21567047674561, -9.832971612405327], [-66.23770561001889, -9.81476549947952], [-66.58732972462155, -9.9001941832083], [-66.81061907512408, -9.818266675042175], [-66.77536286188683, -9.753144809576796], [-66.72541655980075, -9.755945750026921], [-66.50065820041333, -9.633404605334004], [-66.39268604737427, -9.50035993395312], [-66.37505794075565, -9.42613501202484], [-65.97034599296981, -9.413530779999281], [-65.82491411336618, -9.529769808679422], [-65.79994096232313, -9.585088382569367], [-65.73016304029109, -9.563381094080906], [-65.67948223376256, -9.451343476075955], [-65.58840368289968, -9.413530779999281], [-65.50320116757635, -9.47024982411429], [-65.43195423665942, -9.458345827201263], [-65.45692738770246, -9.400926547973725], [-65.44003378552628, -9.311996688682292], [-65.37760090791868, -9.324600920707852], [-65.2468591171639, -9.25737834990488], [-65.21160290392666, -9.279085638393337], [-65.18516074399872, -9.426835247137369], [-65.14255948633705, -9.447142065400769], [-65.0536844488015, -9.402327018198786], [-65.00080012894564, -9.304294102444452], [-64.96260589793863, -9.293090340643957], [-64.92000464027696, -9.220265888940737], [-64.9398362602229, -9.124333678523996], [-64.8707928426333, -9.012296060519041], [-64.80762546058325, -8.985687126242865], [-64.76135168070937, -9.020698881869414], [-64.7136088919506, -8.994089947593238], [-64.61077827000865, -9.016497471194228], [-64.32358703301361, -8.92896808212786], [-64.31110045749209, -8.996190652930832], [-64.23324298659318, -8.991989242255645], [-64.14216443573031, -8.94507348971607], [-64.14289894017274, -8.742705542194624], [-64.03566129157613, -8.693689084317455], [-63.98644949393248, -8.585852876987687], [-63.94605174959814, -8.609660870813741], [-63.92475112076731, -8.575349350299724], [-63.97322841396851, -8.478716904770451], [-63.940910218501045, -8.452107970494275], [-63.976900936180726, -8.409393628629886], [-63.9453172451557, -8.387686340141425], [-63.94384823627082, -8.330967296026419], [-63.871132296469, -8.288953189274562], [-63.77344320562415, -8.320463769338453], [-63.72276239909561, -8.249740022972826], [-63.74185951459911, -8.190220038407695], [-63.693382221397904, -8.158009223231272], [-63.621400786038535, -7.9766483290857515], [-62.83254301485524, -7.994154206899026], [-62.692252666348715, -8.092887357765893], [-62.654792939784144, -8.22943320470943], [-62.58574952219455, -8.27214754657382], [-62.51817511348983, -8.384885399691303], [-62.46529079363397, -8.339370117376792], [-62.360991162807125, -8.39818986682939], [-62.336018011764075, -8.609660870813741], [-62.2691781075018, -8.576049585412253], [-62.18397559217847, -8.599157344125775], [-62.200134689912204, -8.643972391327758], [-62.12521523678306, -8.801525291647224], [-62.031198668150424, -8.79942458630963], [-61.979048852736994, -8.872949273125382], [-61.860059133061306, -8.853342689974514], [-61.8409620175578, -8.739204366631967], [-61.77485661773797, -8.748307423094872], [-61.713158244572796, -8.688087203417208], [-61.626486720364575, -8.728700839944004], [-61.58315095826046, -8.798724351197098], [-60.42043042587391, -8.796623645859505], [-60.42850997474078, -8.65237521267813], [-60.522526543373424, -8.559243942711511], [-60.52913708335541, -8.494822312358664], [-60.489473843463514, -8.39818986682939], [-60.44540357691696, -8.386986105028896], [-60.45495213466871, -8.301557421300117], [-60.487270330136184, -8.292454364837216], [-60.4409965502623, -8.101290179116265], [-60.587897438750815, -7.708458280986395], [-60.67383445851659, -7.678348171147565], [-60.632702209739804, -7.289017448580349], [-60.64959581191599, -7.202188294626513], [-60.696604096232306, -7.146169485624036], [-59.87249011181177, -6.812157336946768], [-59.079225313973815, -6.389215328978068], [-58.85520145902884, -6.381512742740227], [-58.836104343525335, -6.471142837144189], [-58.87503307897479, -6.589482571161923], [-58.83243182131312, -6.744934766143796], [-58.601797426386156, -7.037633043181735], [-58.49676329111688, -7.052337980544888], [-58.563603195379144, -7.198687119063859], [-58.529815991026794, -7.2379002853655905], [-58.57388625757334, -7.287616978355288], [-58.540099053220985, -7.342235317132705], [-58.14713917651422, -7.342935552245233], [-58.18092638086658, -7.181881476363113], [-58.43433041350926, -6.908789782476038], [-58.482073202268026, -6.781346991995406], [-58.47840068005581, -6.699419483829285], [-58.32709276491265, -6.50055271187049], [-58.26686340063236, -6.4753442478193755], [-57.82101920406973, -5.55803625040382], [-57.757851822019674, -5.581144009117342], [-57.71451605991556, -5.547532723715854], [-57.7255336265522, -5.6224578807566665], [-57.64473813788352, -5.636462583007287], [-57.52134139155317, -5.545432018378261], [-57.44495292953914, -5.55803625040382], [-57.35754690088848, -5.619656940306545], [-57.278954925547126, -5.62455858609426], [-57.320087174323916, -5.7232917369611265], [-57.269406367795376, -5.81362206647762], [-56.96532152862416, -5.932662035607883], [-56.9711975641637, -5.990781549947954], [-56.914640722095626, -6.012488838436411], [-56.72734208927278, -5.965573085896839], [-56.59733480296045, -5.998484136185791], [-56.72366956706057, -6.072709058114075], [-56.754518753643154, -6.153936331167667], [-56.72587308038789, -6.190348557019277], [-56.72366956706057, -6.300285469686635], [-56.83678325119672, -6.4872482447324025], [-56.85661487114267, -6.577578574248896], [-56.83457973786939, -6.616091505438099], [-56.88452603995548, -6.6686091388779225], [-56.84412829562115, -6.849970033023439], [-56.88526054439792, -6.8975860206755435], [-56.89260558882235, -6.990717290642163], [-56.99690521964919, -7.089450441509026], [-57.06374512391146, -7.218293702214723], [-57.133523045943505, -7.265909689866831], [-57.20036295020578, -7.398254126135182], [-57.19522141910868, -7.496987277002045], [-57.06521413279635, -7.555106791342116], [-57.03656845954109, -7.646837591083671], [-56.988091166339885, -7.654540177321511], [-56.88379153551304, -7.801589550953015], [-56.94328639535088, -7.875114237768763], [-56.89480910214968, -8.02426431673786], [-56.631122007312804, -8.207025681108437], [-56.63479452952502, -8.249039787860298], [-56.47834508328475, -8.274948487023941], [-56.44088535672019, -8.312761183100612], [-56.340258248105556, -8.244138142072579], [-56.29398446823167, -8.309260007537958], [-56.191153846289716, -8.339370117376792], [-56.15957015526469, -8.405892453067231], [-56.15957015526469, -8.242037436734986], [-56.058208542207616, -7.992053501561433], [-56.0648190821896, -7.93743516278402], [-56.116968897603016, -7.9185288147456845], [-56.102278808754164, -7.870212591981048], [-56.17279123522865, -7.655240412434043], [-56.16911871301644, -7.489984925876737], [-56.22934807729673, -7.421361884848704], [-56.252852219454894, -7.320528028644244], [-56.20584393513857, -7.272211805879607], [-56.23302059950894, -7.254005692953804], [-56.21025096179322, -6.939600127427401], [-56.17499474855598, -6.933998246527153], [-56.13973853531874, -6.8709770863993676], [-56.1478180841856, -6.730229828780644], [-56.08685421546288, -6.684714546466132], [-56.07436763994135, -6.6195926810007535], [-55.89074152933071, -6.536264702609568], [-55.76514126967304, -6.413723557916651], [-55.78130036740677, -6.357704748914173], [-55.7196019942416, -6.294683588786388], [-55.6351339833607, -6.3899155640906], [-55.41478265062794, -6.471843072256721], [-55.283306355430724, -6.5824802200366115], [-55.25025365552081, -6.648302320614523], [-55.21352843339868, -6.642000204601743], [-55.19002429124052, -6.6952180731540984], [-55.220873477823105, -6.847869327685846], [-55.19369681345273, -6.891283904662767], [-55.2517226644057, -6.978813293729136], [-55.25245716884814, -7.159473952762124], [-55.199572848992275, -7.245602871603431], [-55.210590415628914, -7.398254126135182], [-55.15183006023351, -7.438867762661975], [-55.176068706834116, -7.4577741107003135], [-55.14742303357885, -7.4906851609892655], [-55.064424031582845, -7.525696916615814], [-55.11216682034161, -7.695153813848307], [-55.015212233939195, -7.751872857963313], [-55.00713268507233, -7.816994723428696], [-55.087928173741005, -7.877214943106356], [-55.063689527140404, -7.933233752108833], [-55.14448501580908, -8.004657733586992], [-55.127591413632906, -8.06207701281453], [-55.212793928956245, -8.14260405075559], [-55.23776707999929, -8.232934380272084], [-55.20030735343472, -8.282651073261782], [-55.20765239785914, -8.475215729207797], [-55.16578564463992, -8.552941826698731], [-55.17092717573702, -8.63206839441473], [-55.06883105823751, -8.718197313256038], [-55.089397182625895, -8.775616592483576], [-55.17680321127656, -8.701391670555296], [-55.2708197799092, -8.737803896406906], [-55.235563566671956, -8.781218473383824], [-55.24217410665395, -8.826733755698339], [-55.178272220161446, -8.842839163286548], [-55.1723961846219, -8.96678077820453], [-55.11877736032359, -8.986387361355398], [-55.111432315899165, -9.038204759682689], [-54.87418738099022, -9.063413223733804], [-54.68101271262783, -9.153043318137765], [-54.674402172645856, -9.18665460353925], [-54.77209126349071, -9.300092691769265], [-54.732428023598814, -9.316198099357479], [-54.671464154876084, -9.485654996589972], [-54.61343830392312, -9.536071924692198], [-53.58880460671577, -9.61099708173301], [-53.59982217335241, -9.649510012922214], [-53.76141315068976, -9.71043046771241], [-53.75186459293801, -9.743341518001362], [-53.83486359493402, -9.803561737679026], [-53.839270621588675, -9.840674198643168], [-53.94357025241552, -9.850477490218601], [-53.975153943440546, -9.888990421407804], [-54.00526862558069, -9.975119340249112], [-54.05741844099411, -9.997526863850101], [-54.11324077861975, -10.094859544491904], [-54.06182546764877, -10.232805861660506], [-54.268955720417566, -10.24260915323594], [-54.36223778460777, -10.325937131627121], [-54.43128120219737, -10.323836426289528], [-54.525297770830015, -10.38965852686744], [-54.65530505714234, -10.353946536128362], [-54.85729377881405, -10.239808212785814], [-54.91605413420945, -10.248211034136187], [-55.05560997827354, -10.129871300118452], [-55.15403357356084, -10.225803510535194], [-55.22968753113242, -10.186590344233462], [-55.24217410665395, -10.145976707706666], [-55.35161526857789, -10.18729057934599], [-55.41772066839771, -10.16348258551994], [-55.5572765124618, -10.057046848415233], [-55.574904619080414, -9.951311346423058], [-55.629257947821166, -9.881988070282492], [-55.67112470104039, -9.898793712983238], [-55.733557578648, -9.788156565203344], [-55.83198117393531, -9.736339166876053], [-55.89588306042781, -10.037440265264365], [-56.00312070902442, -10.124269419218205], [-56.10080979986928, -10.11166518719265], [-56.19702988182925, -10.201995516709143], [-56.20437492625368, -10.265016676836929], [-56.14488006641584, -10.25031173947378], [-56.020748815643046, -10.392459467317561], [-55.94215684030169, -10.381955940629599], [-55.80774252733471, -10.240508447898346], [-55.639541010015364, -10.248911269248715], [-55.591798221256596, -10.220901864747479], [-55.56976308798332, -10.126370124555798], [-55.465463457156474, -10.22860445098532], [-55.430941748361676, -10.431672633619296], [-55.23997059332662, -10.56611777522524], [-55.162113122427705, -10.723670675544707], [-55.111432315899165, -10.743977493808103], [-55.09306970483811, -10.71806879464446], [-54.88300143429954, -10.728572321332422], [-54.7977989189762, -10.620035878890125], [-54.672198659318525, -10.594127179726478], [-54.63988046385106, -10.537408135611471], [-54.60829677282602, -10.592726709501417], [-54.55467794852772, -10.606731411752037], [-54.42907768887004, -10.542309781399187], [-54.35122021797113, -10.45548062744535], [-54.24618608270185, -10.433073103844357], [-54.07725006094006, -10.450578981657632], [-53.925207641354454, -10.56471730500018], [-53.65931703319025, -10.51570084712301], [-53.31924147633935, -10.643143637603647], [-53.09815563916415, -10.77758877920959], [-53.12312879020719, -10.830806647761943], [-53.237711483228225, -10.871420284288739], [-53.29867535195096, -10.92953979862881], [-53.31556895412714, -11.000263544994436], [-53.242118509882886, -11.148013153738468], [-53.22375589882182, -11.267053122868731], [-53.08493455920018, -11.461718484152339], [-53.0628994259269, -11.454015897914498], [-52.960068803984946, -11.568154221257043], [-52.58326802501192, -11.70470006820058], [-52.54433928956246, -11.670388547686564], [-52.38715533887976, -11.713803124663482], [-52.27624516807093, -11.778924990128864], [-52.25053751258544, -11.828641683118562], [-52.15578643951035, -11.74741441006497], [-52.02577915319802, -11.790128751929359], [-51.98464690442124, -11.727107591801573], [-51.721694314026806, -11.728508062026634], [-51.453600192535276, -11.676690663699343], [-51.389698306042774, -11.608767857783839], [-51.28539867521593, -11.668988077461503], [-51.284664170773496, -11.716604065113607], [-51.369132181654386, -11.743913234502315], [-51.33534497730203, -11.846847796044365], [-51.1553913889036, -11.788728281704294], [-51.134825264515214, -11.816037451093003], [-51.295681737410135, -12.042913627553034], [-51.197258142122834, -11.988295288775621], [-51.049622749191876, -12.124841135719155], [-50.89390780739406, -12.031009630640007], [-50.80576727430095, -11.814636980867942], [-50.72423728118983, -11.756517466527871], [-50.74039637892356, -11.739711823827129], [-50.717626741207845, -11.727107591801573], [-50.68604305018282, -11.858751792957392], [-50.63903476586649, -11.884660492121036], [-50.68677755462526, -12.035911276427726], [-50.681636023528156, -12.216571935460713], [-50.632424225884506, -12.268389333788004], [-50.6236101725752, -12.455352108833768], [-50.69999863458922, -12.59539913133996], [-50.68383953685549, -12.647916764779783], [-50.73452034338402, -12.733345448508562], [-50.73011331672937, -12.78446261172332], [-50.84249249642308, -12.892298819053089], [-50.89684582516382, -12.848884242076167], [-50.94532311836504, -12.692731811981766], [-51.023180589263944, -12.812472016224557], [-51.02685311147616, -12.918207518216732], [-51.111321122357054, -12.962322330306183], [-51.100303555720416, -13.078561358986324], [-51.2001961598926, -13.174493569403065], [-51.22370030205076, -13.240315669980976], [-51.27144309080953, -13.245217315768691], [-51.27658462190662, -13.307538240783948], [-51.341955517284006, -13.341149526185433], [-51.308168312931656, -13.365657755124015], [-51.41687497041315, -13.50010289672996], [-51.427892537049786, -13.569426172870525], [-51.45580370586261, -13.541416768369288], [-51.480042352463215, -13.570826643095586], [-51.48665289244519, -13.634548038335904], [-51.51676757458534, -13.607939104059728], [-51.604173603236, -13.610740044509853], [-51.895771866885696, -13.778096236404753], [-51.93690411566247, -13.74938659679098], [-51.97142582445727, -13.773194590617035], [-52.041938250931764, -13.757789418141353], [-52.03826572871955, -13.832014340069634], [-52.0874775263632, -13.924445374923721], [-51.83407349372052, -14.04138463871639], [-51.931028080122935, -14.217143651961663], [-51.99052293996078, -14.219244357299257], [-52.16900751947432, -14.317277273053591], [-52.17268004168653, -14.385900314081624], [-52.249068503700556, -14.423713010158295], [-52.33059849681168, -14.534350157938189], [-52.272572645858716, -14.580565675365232], [-52.213812290463316, -14.568661678452205], [-52.10437112853938, -14.68209976668222], [-52.0580973486655, -14.676497885781973], [-51.87447123805486, -14.502839577874294], [-51.77825115609488, -14.471328997810403], [-51.73344638510589, -14.42021183459564], [-51.747401969512296, -14.379598198068845], [-51.71949080069948, -14.371895611831004], [-51.69451764965643, -14.576364264690046], [-51.75988854503382, -14.598771788291035], [-51.91413447794676, -14.772430096198715], [-51.966284293360175, -14.772430096198715], [-52.090415544132966, -14.859959485265083], [-52.23951994594881, -14.822146789188412], [-52.34528858566053, -14.934184407193367], [-52.48998596082171, -14.905474767579594], [-52.52891469627117, -15.177165991241608], [-52.589878564993896, -15.049723200760972], [-52.603099644957865, -14.936985347643489], [-52.678019098087006, -14.861359955490144], [-52.73898296680974, -15.023114266484797], [-52.93876817515411, -15.268896790983163], [-53.04086429265362, -15.27449867188341], [-53.16573004786886, -15.217779627768405], [-53.255339589846855, -15.237386210919272], [-53.32144498966668, -15.365529236512437], [-53.44337272711214, -15.346622888474101], [-53.484504975888925, -15.380934408988118], [-53.73276747743451, -15.343121712911447], [-53.874526834825915, -15.248589972719767], [-54.034648803278394, -15.334018656448542], [-54.058152945436554, -15.39143793567608], [-54.033179794393504, -15.468463798054486], [-54.04419736103014, -15.61551317168599], [-54.183753205094234, -15.67573339136365], [-54.194036267288425, -15.640721635737105], [-54.22488545387101, -15.644222811299759], [-54.20358482504018, -15.532185193294804], [-54.3644412979351, -15.598007293872715], [-54.43054669775493, -15.559494362683512], [-54.35783075795311, -15.45445909580387], [-54.28144229593909, -15.42014757528985], [-54.26454869376291, -15.338220067123729], [-54.32184004027343, -15.333318421336013], [-54.44670579548867, -15.398440286801392], [-54.625190375002205, -15.37533252808787], [-54.90283305424549, -15.496473202555727], [-54.95204485188914, -15.486669910980293], [-55.015212233939195, -15.757660899529775], [-54.96306241852578, -15.77656724756811], [-54.95204485188914, -15.918014740299363], [-54.91238161199724, -15.983136605764741], [-54.94543431190715, -16.012546480491043], [-54.927071700846085, -16.055260822355432], [-54.95057584300425, -16.11968245270828], [-55.122449882535804, -16.096574693994757], [-55.25539518661791, -16.172900321260634], [-55.350146259693, -16.31714875444201], [-55.519082281454786, -16.30874593309164], [-55.51834777701234, -16.260429710327003], [-55.369977879638945, -16.086071167306795], [-55.371446888523835, -16.03985564987975], [-55.433145261689006, -15.965630727951467], [-55.41992418172504, -15.93131920743745], [-55.38246445516047, -15.883002984672814], [-55.30974851535866, -15.887904630460532], [-55.30240347093424, -15.853593109946516], [-55.36189833077208, -15.813679708532252], [-55.41037562397329, -15.819981824545028], [-55.386136977372686, -15.77026513155533], [-55.41331364174306, -15.761862310204961], [-55.397154544009325, -15.692539034064396], [-55.42506571282214, -15.663129159338094], [-55.381729950718025, -15.633719284611793], [-55.44269381944076, -15.613412466348397], [-55.4037650839913, -15.509077434581283], [-55.343535719711014, -15.48596967586776], [-55.30607599314645, -15.516079785706594], [-55.26567824881211, -15.403341932589107], [-55.33398716195926, -15.352925004486877], [-55.098945740377644, -15.106442244875982], [-54.844072698850084, -15.066528843461718], [-54.64796001271792, -14.91597829426756], [-54.49812110645964, -14.862760425715209], [-54.52823578859979, -14.779432447324023], [-54.33726463356473, -14.73251669478445], [-54.33065409358274, -14.640085659930364], [-54.37545886457174, -14.628181663017337], [-54.3989630067299, -14.531549217488063], [-54.44964381325843, -14.484633464948491], [-54.550270921873064, -14.476230643598118], [-54.5958101973045, -14.39850454610718], [-54.635473437196396, -14.40620713234502], [-54.708923881440654, -14.320078213503713], [-54.81469252115238, -14.29416951434007], [-54.80881648561284, -14.264759639613768], [-54.87565638987511, -14.211541771061416], [-55.027698809460716, -14.249354467138087], [-55.06883105823751, -14.205239655048636], [-55.20104185787716, -14.217843887074196], [-55.2414396022115, -14.239551175562653], [-55.20912140674403, -14.244452821350372], [-55.22160798226555, -14.28786739832729], [-55.308279506473774, -14.292769044115008], [-55.39054400402733, -14.33828432642952], [-55.430941748361676, -14.322178918841306], [-55.60648831010545, -14.44261935819663], [-55.69462884319856, -14.474830173373057], [-55.72841604755091, -14.458724765784844], [-55.82537063395333, -14.515443809899853], [-55.847405767226604, -14.648488481280733], [-56.10080979986928, -14.697504939157902], [-56.13826952643385, -14.651989656843387], [-56.205109430696126, -14.6680950644316], [-56.29839149488633, -14.766127980185935], [-56.45043391447194, -14.736718105459634], [-56.45704445445392, -14.68209976668222], [-56.52682237648596, -14.668795299544133], [-56.399018603500956, -14.53575062816325], [-56.38873554130676, -14.486734170286084], [-56.44602688781728, -14.45662406044725], [-56.48789364103651, -14.469928527585338], [-56.55253003197145, -14.392902665206933], [-56.57529966968717, -14.335483385979394], [-56.53710543868016, -14.261958699163646], [-56.60467984738487, -14.20103824437345], [-56.70897947821172, -14.196136598585735], [-56.728076593715215, -14.133815673570478], [-56.89040207549502, -14.147820375821098], [-56.938879368696234, -14.16462601852184], [-56.86689793333686, -14.263359169388707], [-56.88746405772525, -14.36069185003051], [-56.972666573048585, -14.411809013245271], [-56.949162430890425, -14.476230643598118], [-56.96679053750905, -14.525247101475284], [-57.170248268065635, -14.664593888868946], [-57.23782267677035, -14.644287070605547], [-57.53309346263225, -14.757725158835562], [-57.649145164538176, -14.729715754334325], [-57.76446236200165, -14.859959485265083], [-57.73508218430395, -14.976198513945224], [-57.78576299083249, -14.951690285006638], [-57.83203677070637, -14.85015619368965], [-58.00978684577747, -14.76332703973581], [-58.19120944306078, -14.72481410854661], [-58.2279346651829, -14.770329390861122], [-58.235279709607326, -14.912477118704906], [-58.12804206101072, -14.890069595103917], [-58.060467652306, -14.923680880505401], [-58.01786639464434, -15.000006507771275], [-57.7306751576493, -15.000006507771275], [-57.70056047550915, -15.027315677159983], [-57.67705633335099, -15.135852119602283], [-57.82322271739706, -15.14145400050253], [-57.83717830180347, -15.198173044617537], [-57.933398383763446, -15.237386210919272], [-58.25804934732305, -15.150557056965432], [-58.25364232066839, -15.108542950213575], [-58.31019916273647, -15.06932978391184], [-58.345455375973714, -14.919479469830215], [-58.297712587214946, -14.803940676262606], [-58.36234897814989, -14.782933622886677], [-58.40421573136911, -14.738818810797227], [-58.39246366029003, -14.710109171183458], [-58.479869688940695, -14.683500236907282], [-58.61869102856234, -14.828448905201192], [-58.75677786374154, -14.59387014250332], [-58.76265389928108, -14.719912462758892], [-58.85520145902884, -14.936985347643489], [-58.8544669545864, -15.000006507771275], [-58.5092498666384, -15.000006507771275], [-58.52173644215992, -15.09943989375067], [-58.332968800452186, -15.14215423561506], [-58.31827871160334, -15.179266696579202], [-58.27934997615388, -15.184168342366917], [-58.25804934732305, -15.23038385979396], [-58.27714646282655, -15.284301963458844], [-58.19120944306078, -15.387236525000898], [-58.12583854768339, -15.413145224164541], [-58.01860089908678, -15.358526885387128], [-57.966451083673356, -15.394939111238738], [-57.97232711921289, -15.4257494561901], [-57.92605333933902, -15.429250631752755], [-57.83203677070637, -15.509777669693815], [-57.843788841785454, -15.541988484870238], [-57.783559477505165, -15.640021400624573], [-57.81293965520287, -15.71774749811551], [-57.79898407079645, -15.773766307117985], [-57.965716579230914, -15.714246322552853], [-57.93560189709077, -15.797574300944039], [-58.15521872538109, -15.86479687174701], [-58.15154620316888, -16.044757295667466], [-58.24189024958931, -16.03355353386697], [-58.29257105611785, -15.9957408377903], [-58.310933667178915, -15.92361662119961], [-58.39099465140515, -15.885103690010407], [-58.63117760408386, -15.981035900427148], [-58.69507949057636, -16.03215306364191], [-58.71491111052231, -16.14138974119674], [-58.796441103633434, -16.25062641875157], [-58.785423536996795, -16.308045697979107], [-60.17437143765566, -16.266731826339782], [-60.23974233303304, -15.474765914067266], [-60.57541086322929, -15.09733918841308], [-60.244883864130145, -15.09733918841308], [-60.2735295373854, -14.621179311892028], [-60.32274133502905, -14.610675785204062], [-60.33963493720523, -14.510542164112135], [-60.46670420574779, -14.264059404501236], [-60.4806597901542, -14.096002977493807], [-60.38297069930934, -13.993068415951758], [-60.450545108014055, -13.926546080261314], [-60.486535825693736, -13.818709872931546], [-60.623153651988055, -13.71927648695215], [-60.645923289703774, -13.738883070103018], [-60.879495702400504, -13.617742395635162], [-60.9191589422924, -13.548419119494596], [-61.00583046650062, -13.55051982483219], [-61.014644519809934, -13.487498664704404], [-61.15346585943158, -13.527412066118668], [-61.32901242117534, -13.503604072292614], [-61.47003727412431, -13.555421470619905], [-61.58535447158779, -13.500803131842492], [-61.75722851111935, -13.540716533256756], [-61.868873186370614, -13.5281123012312], [-61.88723579743168, -13.440582912164828], [-62.115666679031314, -13.25852178290678], [-62.11493217458887, -13.163990042715099], [-62.16928550332962, -13.133879932876269]]]}}, {"type": "Feature", "properties": {"regiao": 1}, "geometry": {"type": "Polygon", "coordinates": [[[-68.71592359882005, -11.145912448400875], [-68.7651353964637, -11.066085645572347], [-68.74824179428752, -11.018469657920242], [-68.81140917633759, -10.993961428981656], [-68.91203628495221, -11.021970833482897], [-68.96638961369297, -10.98765931296888], [-69.0016458269302, -11.008666366344809], [-69.23228022185717, -10.940043325316772], [-69.42325137689222, -10.926738858178684], [-69.71852216275413, -10.975755316055853], [-69.81180422694433, -10.925338387953623], [-69.94915655768109, -10.92463815284109], [-70.20182608588132, -11.05418164865932], [-70.3083292300355, -11.070287056247533], [-70.4207084097292, -11.039476711296171], [-70.53014957165315, -10.935141679529057], [-70.62122812251603, -10.999563309881903], [-70.62049361807358, -9.832271377292795], [-70.53749461607757, -9.767849746939948], [-70.54116713828978, -9.68172082809864], [-70.59772398035786, -9.606795671057828], [-70.49489335841591, -9.424734541799776], [-70.6241661402858, -9.47095005922682], [-70.97452475933089, -9.7622478660397], [-70.99802890148905, -9.818266675042175], [-71.16329240103863, -9.874985719157184], [-71.21103518979739, -9.966716518898739], [-71.3770331937894, -10.000327804300227], [-72.18058105382156, -10.000327804300227], [-72.14091781392966, -9.877786659607306], [-72.15266988500873, -9.796559386553717], [-72.27092510024198, -9.744741988226426], [-72.24668645364139, -9.656512364047526], [-72.28928771130305, -9.60189402527011], [-72.28194266687862, -9.550076626942818], [-72.36641067775952, -9.489856407265155], [-72.52432913288467, -9.489156172152626], [-72.71970731457438, -9.411430074661688], [-73.2118252910109, -9.411430074661688], [-73.10091512020207, -9.304294102444452], [-73.08695953579566, -9.24477411787932], [-73.02232314486072, -9.225867769840985], [-73.0083675604543, -9.167748255500914], [-72.96429729390775, -9.146741202124986], [-72.94005864730715, -9.069015104634051], [-72.96650080723508, -8.979385010230086], [-72.99514648049033, -8.919865025664954], [-73.05611034921307, -8.906560558526866], [-73.14204736897885, -8.722398723931224], [-73.2845412308127, -8.666379914928747], [-73.34403609065055, -8.6019582845759], [-73.33228401957147, -8.475215729207797], [-73.39471689717908, -8.467513142969956], [-73.40646896825817, -8.41919692020532], [-73.53721075901294, -8.345672233389568], [-73.62682030099093, -8.021463376287734], [-73.74654452510907, -7.952840335259701], [-73.75315506509105, -7.889819175131915], [-73.683377143059, -7.8443038928174005], [-73.68190813417412, -7.789685554039988], [-73.73993398512708, -7.73366674503751], [-73.82146397823821, -7.717561337449297], [-73.9904, -7.53620044330378], [-73.94779874233832, -7.526397151728347], [-73.91915306908307, -7.465476696938154], [-73.96616135339939, -7.351338373595606], [-73.8765518114214, -7.3821487185469685], [-73.8523131648208, -7.34713696292042], [-73.7178988518538, -7.328930849994617], [-73.71349182519916, -7.233698874690404], [-73.80163235829225, -7.111857965110019], [-73.7384649762422, -7.134965723823541], [-73.66648354088284, -7.000520582217597], [-73.68043912528924, -6.953604829678021], [-73.62755480543338, -6.936799186977279], [-73.35946068394185, -6.949403419002834], [-73.19346267994983, -6.918593074051472], [-73.00983656933919, -7.0285299867188336], [-72.8511836097716, -6.999820347105064], [-72.68518560577958, -6.904588371800855], [-72.66388497694875, -6.950803889227899], [-72.69693767685867, -6.960607180803333], [-72.69840668574355, -7.009623638680498], [-72.63230128592372, -7.097853262859399], [-72.53314318619398, -7.132164783373415], [-72.43251607757935, -7.112558200222548], [-72.38697680214791, -7.204288999964106], [-72.32307491565541, -7.207089940414228], [-72.2158372670588, -7.181181241250584], [-72.18351907159132, -7.132865018485948], [-71.9881408899016, -7.096452792634338], [-71.97124728772543, -7.004021757780251], [-71.79423171709678, -6.979513528841668], [-71.80084225707876, -6.920693779389065], [-71.68332154628794, -6.88568202376252], [-71.63043722643208, -6.9732114128288885], [-71.55551777330295, -6.950803889227899], [-71.53642065779944, -6.864674970386588], [-71.46811174465228, -6.860473559711405], [-71.34324598943705, -6.681213370903478], [-71.18973456096656, -6.7267286532179895], [-71.09057646123681, -6.66020631752755], [-70.99362187483439, -6.646901850389462], [-70.8643490929645, -6.7267286532179895], [-70.79016414427781, -6.707122070067122], [-70.7725360376592, -6.656004906852363], [-70.6535463179835, -6.595084452062171], [-70.59552046703054, -6.595084452062171], [-70.56467128044795, -6.484447304282277], [-70.50884894282231, -6.415824263254244], [-70.40454931199547, -6.375210626727448], [-70.38031066539487, -6.3044868803618215], [-70.16730437708652, -6.21485678595786], [-70.11295104834578, -6.06150529631358], [-69.99910285976719, -5.941765092070785], [-69.98147475314856, -5.788413602426505], [-69.92271439775315, -5.756903022362611], [-69.91683836221362, -5.62455858609426], [-69.8801131400915, -5.603551532718331], [-69.8940687244979, -5.541230607703078], [-69.84999845795134, -5.49361462005097], [-69.93005944217758, -5.3696730051329915], [-69.79417612032572, -5.350066421982124], [-69.78315855368908, -5.287045261854338], [-69.69134549838375, -5.240829744427295], [-69.59439091198134, -5.20721845902581], [-69.53342704325861, -5.219122455938834], [-69.52020596329464, -5.1497991797982685], [-69.42692389910444, -5.038461796905846], [-69.41737534135268, -4.963536639865033], [-69.38726065921254, -4.989445339028681], [-69.34392489710844, -4.964937110090098], [-69.2829610283857, -4.852199256972611], [-69.18159941532863, -4.794779977745073], [-69.14928121986115, -4.719154585591731], [-69.12210455549078, -4.723355996266914], [-69.03984005793721, -4.578407327973007], [-69.0119288891244, -4.344528800387668], [-68.9428854715348, -4.326322687461861], [-68.95096502040167, -4.208683188556659], [-68.81581620299224, -3.954497842707923], [-68.8393203451504, -3.887275271904951], [-68.825364760744, -3.743727073836105], [-68.77101143200325, -3.747228249398759], [-68.74530377651776, -3.6996122617466547], [-68.62484504795718, -3.691909675508814], [-68.5785712680833, -3.6491953336444247], [-68.44709497288608, -3.775237653899996], [-68.38392759083602, -3.723420255572705], [-68.25612381785102, -3.6940103808464038], [-68.18193886916433, -3.770336008112281], [-68.03577248511826, -3.7346240173732], [-68.01300284740253, -3.5581647690153986], [-68.04752455619733, -3.532256069851755], [-68.02916194513627, -3.4650334990487828], [-68.06368365393107, -3.414616570946553], [-67.96452555420133, -3.431422213647295], [-67.84553583452563, -3.381705520657597], [-67.76620935474183, -2.9972764438781], [-67.71112152155865, -2.904145173911484], [-67.66264422835744, -2.8957423525611112], [-67.60608738628936, -2.942658105100687], [-67.56128261530037, -2.890840706773396], [-67.46212451557062, -2.8691334182849353], [-67.44008938229734, -2.891540941885925], [-67.3409312825676, -2.8593301267095015], [-67.29098498048151, -2.8831381205355555], [-67.29098498048151, -2.5421236207329763], [-67.25499426280183, -2.5582290283211897], [-67.21533102290992, -2.6835711134642324], [-67.16171219861162, -2.679369702789046], [-67.13086301202904, -2.6233508937865686], [-67.08165121438539, -2.607245486198355], [-67.04198797449348, -2.6450581822750294], [-67.04125347005105, -2.7052784019526896], [-66.97588257467366, -2.7283861606662114], [-66.88260051048346, -2.662564060088304], [-66.73055809089784, -2.717882633978249], [-66.60936485789482, -2.642257241824904], [-66.64094854891985, -2.3887721310886967], [-66.41325217176266, -2.402776833339317], [-66.40370361401091, -2.5064116299938988], [-66.33319118753643, -2.562430438996376], [-66.37358893187077, -2.6471588876126226], [-66.29866947874163, -2.7031776966150964], [-66.35008478971261, -2.720683574428371], [-66.46319847384876, -2.691273699702073], [-66.48964063377669, -2.7423908629168317], [-66.5917367512762, -2.785105204781221], [-66.55648053803895, -2.852327775584193], [-66.62185143341635, -2.9433583402132157], [-66.58953323794887, -2.997976678990632], [-66.61817891120414, -3.052595017768045], [-66.59761278681574, -3.140824641946949], [-66.32731515199688, -3.15833051976022], [-66.20979444120607, -3.068000190243726], [-66.1929008390299, -2.96086421802649], [-65.96814247964248, -2.627552304461755], [-65.79847195343825, -2.591840313722674], [-65.81756906894175, -2.500109513981119], [-65.7837818645894, -2.4791024606051906], [-65.72134898698178, -2.5274186833698273], [-65.71400394255735, -2.612147131986074], [-65.66405764047127, -2.6618638249757716], [-65.58913818734213, -2.657662414300585], [-65.39743252786462, -2.4503928209914214], [-65.31443352586861, -2.4770017552675974], [-65.25640767491565, -2.563830909221437], [-65.26154920601275, -2.6065452510858265], [-65.38641496122798, -2.6870722890268866], [-65.33867217246922, -2.7739014429807263], [-65.34601721689364, -2.82011696040777], [-65.42681270556233, -2.8733348289601217], [-65.58913818734213, -2.8719343587350608], [-65.97842554183667, -3.4874410226497723], [-65.99164662180064, -3.728321901360424], [-65.94977986858142, -3.7521298951864743], [-65.97989455072155, -3.785741180587962], [-65.98136355960645, -3.902680444380632], [-65.86604636214297, -4.169470022254927], [-65.92554122198081, -4.261200821996482], [-65.90864761980464, -4.292711402060377], [-65.66626115379859, -4.139359912416097], [-65.16973615070742, -3.9082823252808794], [-65.10289624644516, -3.812350114864138], [-65.02063174889159, -3.78504094547543], [-65.02724228887358, -3.681406148820848], [-64.97215445569039, -3.6225863993682488], [-64.9809685089997, -3.5063473706881076], [-64.8862174359246, -3.392909282458092], [-64.67468015650115, -3.2633657866398664], [-64.52190323247311, -3.3270871818801844], [-64.44404576157419, -3.4636330288237183], [-64.17742064896754, -3.6624998007825127], [-63.987918502817365, -3.706614612871963], [-63.94237922738593, -3.813050349976667], [-63.78592978114567, -3.799745882838579], [-63.8814153586632, -3.7920432966007382], [-63.926220129652194, -3.736724722710793], [-63.91960958967021, -3.656197684769733], [-63.98644949393248, -3.602979816217381], [-64.02023669828483, -3.6225863993682488], [-64.0628379559465, -3.5434598316522496], [-64.15832353346404, -3.5112490164758263], [-64.15171299348205, -3.4209186869593324], [-64.08707660254711, -3.3305883574428385], [-64.29126883754614, -3.152028403747444], [-64.26923370427286, -3.1079135916579936], [-64.3213835196863, -3.0960095947449666], [-64.3301975729956, -3.0266863186044013], [-64.4477182837864, -2.929353637962599], [-64.50207161252715, -2.7381894522416452], [-64.35737423736597, -2.720683574428371], [-64.33754261742003, -2.692674169927134], [-64.35884324625086, -2.650660063175277], [-64.42568315051312, -2.639456301374782], [-64.46093936375037, -2.4706996392548177], [-64.49031954144807, -2.460196112566855], [-64.52924827689753, -2.3369547327614058], [-64.516761701376, -2.311046033597762], [-64.44845278822885, -2.323650265623318], [-64.45065630155618, -2.283736864209054], [-64.36692279511772, -2.2648305161707185], [-64.40732053945206, -2.208111472055709], [-64.49619557698762, -2.1808023026670007], [-64.53365530355218, -2.245223933019851], [-64.66366258986451, -2.2144135880684885], [-64.71213988306572, -2.1422893714777977], [-64.70406033419886, -2.0197482267848805], [-64.9310222069136, -2.1100785563013744], [-64.93396022468337, -1.9000080225420888], [-65.01989724444915, -1.9133124896801768], [-65.05809147545617, -1.9700315337951828], [-65.17120515959232, -1.9595280071072203], [-65.1932402928656, -1.7984739312251001], [-65.3107610036564, -1.7781671129617003], [-65.37906991680356, -1.671731375856993], [-65.30268145478954, -1.487569541261351], [-65.08600264426897, -1.4581596665350531], [-65.05809147545617, -1.4203469704583824], [-65.0742505731899, -1.3027074715531768], [-65.03164931552823, -1.166161624609643], [-64.96995094236306, -1.145854806346243], [-64.98464103121191, -1.0457211852543153], [-64.87887239150018, -1.0219131914282613], [-64.84214716937805, -0.8321494759323755], [-64.79146636284952, -0.8006388958684809], [-64.81937753166233, -0.494636151692454], [-64.48444350590853, -0.3903011199253399], [-64.43449720382245, -0.348987248286015], [-64.23324298659318, -0.33778348648552026], [-64.09956317806864, -0.28666632327075803], [-64.08560759366223, -0.18793317240389484], [-64.11939479801458, -0.1550221221149357], [-64.06577597371628, -0.1340150687390107], [-63.98571498949004, -0.0009703973581238756], [-63.96588336954409, 0.16498532431171498], [-64.01509516718774, 0.26091753472845625], [-64.08413858477735, 0.5816252162676321], [-64.16419956900359, 0.6642529595462889], [-64.2023938000106, 0.6537494328583193], [-64.44110774380442, 0.8057004522775415], [-64.4477182837864, 0.8533164399296425], [-64.54320386130394, 0.9044336031444047], [-64.62399934997262, 1.030475923399976], [-64.70038781198664, 1.0367780394127593], [-64.86344779820888, 1.1929304695071608], [-64.85243023157224, 1.2300429304712992], [-64.82305005387454, 1.2783591532359395], [-64.7635551940367, 1.2307431655838315], [-64.72242294525992, 1.238445751821672], [-64.70185682087153, 1.2909633852614917], [-64.5909466500627, 1.3371789026885352], [-64.53145179022485, 1.4352118184428733], [-64.43890423047709, 1.4716240442944795], [-64.39777198170032, 1.5269426181844281], [-64.35149820182643, 1.5185397968340553], [-64.39997549502763, 1.3945981819160735], [-64.34268414851712, 1.384094655228111], [-64.30228640418278, 1.4681228687318253], [-64.11204975359016, 1.589263543199685], [-64.06504146927384, 1.6760926971535213], [-64.06210345150407, 1.930978278114793], [-63.975431927295844, 1.9911984977924533], [-63.830000047692224, 1.9680907390789315], [-63.7036652835921, 2.046517071682402], [-63.66767456591242, 2.017107196956097], [-63.61772826382632, 2.106737291360062], [-63.39737693109356, 2.1466506927743296], [-63.36065170897143, 2.269191837467247], [-63.37166927560807, 2.426744737786713], [-63.52003917298146, 2.421843091998994], [-63.60377267941992, 2.456854847625543], [-63.75067356790842, 2.442149910262394], [-63.83440707434688, 2.492566838364624], [-64.02317471605461, 2.4645574338633836], [-64.04227183155811, 2.5800962274309924], [-63.98644949393248, 2.6487192684590255], [-64.0143606627453, 2.8118740496787353], [-64.11866029357215, 2.9855323575864148], [-64.1612615512338, 2.9869328278114793], [-64.1575890290216, 3.0464528123766073], [-64.21414587108967, 3.090567624466061], [-64.22002190662921, 3.1507878441437214], [-64.18109317117975, 3.170394427294589], [-64.11498777135994, 3.3349496787393633], [-64.19651776447105, 3.5786314979001403], [-64.28906532421881, 3.699772172367993], [-64.47856747036899, 3.783100150759182], [-64.6739456520587, 4.0043744463189626], [-64.73197150301166, 4.119913239886571], [-64.81056347835302, 4.174531578663988], [-64.82158104498966, 4.258559792167702], [-64.78044879621288, 4.286569196668935], [-64.68496321869534, 4.2389532090168345], [-64.62326484553017, 4.13461817724972], [-64.56083196792255, 4.101707126960768], [-64.43155918605267, 4.13461817724972], [-64.17154461342801, 4.129016296349469], [-64.10911173582039, 4.085601719372555], [-64.03566129157613, 3.934350935065865], [-64.00187408722378, 3.9329504648408076], [-63.96882138731387, 3.878332126063391], [-63.85056617208061, 3.949756107541546], [-63.70072726582233, 3.9441542266413023], [-63.68530267253104, 4.009276092106681], [-63.511225119672154, 3.8468215459994965], [-63.48111043753201, 3.8734304802756725], [-63.450995755391865, 3.8587255429125236], [-63.41206701994241, 3.9119434114648755], [-63.452464764276755, 3.955357988441797], [-63.42896062211859, 3.9770652769302544], [-63.20493676717361, 3.949055872429014], [-63.22623739600445, 3.835617784199002], [-63.12340677406249, 3.8048074392476394], [-63.068318940879294, 3.75228980580782], [-63.072725967533955, 3.6857674701173764], [-62.95226723897338, 3.6115425481890924], [-62.838419050394776, 3.7361843982196064], [-62.74880950841679, 3.672463002979285], [-62.74293347287725, 3.8083086148102936], [-62.789207252751126, 3.89303706342654], [-62.73632293289526, 4.040086437058044], [-62.60998816879515, 4.04428784773323], [-62.57473195555791, 4.014877973006925], [-62.532865202338684, 4.047088788183352], [-62.54241376009043, 4.109409713198609], [-62.43737962482115, 4.182934400014354], [-62.14798487449878, 4.079299603359772], [-61.993004437143405, 4.175231813776513], [-61.93057155953579, 4.103107597185826], [-61.92322651511137, 4.1556252306256525], [-61.81892688428452, 4.167529227538672], [-61.80276778655079, 4.228449682328872], [-61.750617971137366, 4.255058616605048], [-61.56185032942963, 4.2508572059298615], [-61.50823150513133, 4.321580952295484], [-61.52145258509529, 4.383901877310741], [-61.44800214085104, 4.43922045120069], [-61.35178205889106, 4.41891363293729], [-61.27906611908925, 4.477733382389893], [-61.323136385635806, 4.535152661617431], [-61.17623549714729, 4.511344667791377], [-61.147589823892034, 4.480534322840015], [-60.99775091763375, 4.5155460784665635], [-60.93384903114125, 4.584869354607129], [-60.94780461554766, 4.655593100972752], [-60.89932732234645, 4.717914025988009], [-60.853788046915014, 4.702508853512327], [-60.720842742832914, 4.777434010553144], [-60.5842249165386, 4.955993964248535], [-60.697338600674755, 5.2290856581356095], [-60.54603068553159, 5.194073902509061], [-60.328617370568594, 5.2052776643095555], [-60.21256566866267, 5.271799999999999], [-60.132504684436434, 5.224884247460423], [-60.095779462314304, 5.140856033956709], [-59.97164821154151, 5.075033933378798], [-60.03628460247646, 4.790738477691228], [-60.026001540282266, 4.706010029074982], [-60.16115035769169, 4.517646783804153], [-60.122221622242236, 4.50154137621594], [-60.0906379312172, 4.533051956279834], [-60.06493027573172, 4.495239260203164], [-59.975320733753726, 4.488937144190388], [-59.97164821154151, 4.50924396245378], [-59.73587228551746, 4.423815278725009], [-59.67637742567961, 4.346789416346603], [-59.732199763305246, 4.286569196668935], [-59.7314652588628, 4.180833694676764], [-59.62275860138131, 4.129716531462002], [-59.654342292406334, 4.0694963117843415], [-59.51625545722713, 3.946254931978892], [-59.56546725487078, 3.916144822140062], [-59.59558193701093, 3.7957043827847343], [-59.66462535460053, 3.78239991564665], [-59.668297876812744, 3.703273347930647], [-59.851923987423376, 3.6031397268387195], [-59.87249011181177, 3.5639265605369914], [-59.804915703107056, 3.5100084568721073], [-59.841640925229186, 3.4252800082558608], [-59.80638471199194, 3.3538560267776987], [-59.912153351703665, 3.1956028913457004], [-59.90774632504901, 3.1129751480670507], [-59.95622361825022, 3.080764332890624], [-59.98854181371769, 2.679529613410388], [-59.897463262854814, 2.4820633116766544], [-59.8989322717397, 2.3630233425463913], [-59.77994255206401, 2.2859974801679854], [-59.740279312172106, 2.2929998312932938], [-59.72044769222616, 2.2362807871782877], [-59.75937642767562, 1.9001679331634307], [-59.74615534771165, 1.8518517103987904], [-59.65801481461855, 1.8224418356724925], [-59.690333010086015, 1.7566197350945814], [-59.617617070284204, 1.7153058634552565], [-59.533883563845755, 1.7160060985677887], [-59.2533028668327, 1.3882960659032975], [-59.04837612739123, 1.3224739653253863], [-58.9183688410789, 1.3168720844251425], [-58.895599203363176, 1.2279422251337095], [-58.895599203363176, 0.26371847517857816], [-60.03775361136134, 0.26371847517857816], [-60.059054240192175, 0.1628846189741182], [-60.133239188878875, 0.10336463440899024], [-60.13984972886085, 0.027039007143109473], [-60.23680431526327, -0.10880660468789216], [-60.08255838235034, -0.04788614989769968], [-59.97678974263861, -0.06259108726084861], [-59.935657493861825, -0.039483328547326835], [-59.94300253828625, 0.015835245342614712], [-59.91656037835833, 0.03334112315589266], [-59.8644105629449, -0.04648567967263517], [-59.91949839612809, -0.1263124825011701], [-59.81079173864659, -0.22994727915575197], [-59.853392996308266, -0.39240182526292955], [-59.83135786303499, -0.4113081733012649], [-59.95402010492289, -0.515643205068379], [-59.96724118488686, -0.5688610736207309], [-60.03848811580379, -0.5961702430094391], [-60.02232901807005, -0.6171772963853712], [-60.05464721353752, -0.675997045837974], [-60.012045955875855, -0.7915358394055758], [-59.85633101407804, -0.9112760436483711], [-59.78655309204599, -1.045020950141783], [-59.70135057672265, -1.1045409347069182], [-59.669766885697626, -1.0660280035177152], [-59.605864999205124, -1.1094425804946368], [-59.38037213537526, -1.1066416400445078], [-59.37963763093282, -1.1479555116838398], [-59.251833857947815, -1.1892693833231647], [-59.15928629820006, -1.2774990075020654], [-59.020464958578415, -1.3160119386912683], [-58.92424487661844, -1.4420542589468397], [-58.86401551233815, -1.4539582558598667], [-58.83316632575556, -1.4987733030618458], [-58.73988426156536, -1.4980730679493135], [-58.69067246392171, -1.5757991654402517], [-58.65321273735714, -1.555492347176859], [-58.59665589528906, -1.6136118615169224], [-58.55919616872449, -1.7277501848594738], [-58.58710733753731, -1.7550593542481785], [-58.46003806899475, -1.8075769876880017], [-58.37557005811385, -1.920314840805485], [-58.26392538286259, -1.930118132380919], [-58.18900592973345, -2.0085444649843858], [-58.187536920848565, -2.1128794967515], [-58.13538710543514, -2.1366874905775504], [-58.11408647660431, -2.220015468968736], [-58.03475999682051, -2.224917114756451], [-57.99583126137106, -2.2697321619584336], [-57.98114117252221, -2.405577773789439], [-57.892266134986656, -2.406278008901971], [-57.8342402840337, -2.512013510894146], [-57.768134884213865, -2.5393226802828543], [-57.82689523960927, -2.5960417243978604], [-57.93560189709077, -2.6177490128863212], [-57.917239286029705, -2.757796035392513], [-57.95837153480649, -2.797009201694248], [-58.03990152791761, -2.8075127283822106], [-58.110413954392094, -2.8593301267095015], [-58.1794573719817, -2.7500934491546722], [-58.185333407521235, -2.681470408126639], [-58.30432312719693, -2.6114468968735416], [-58.45489653789765, -2.6520605334003378], [-58.503373831098855, -2.7024774615025677], [-58.68479642838217, -2.6632642952008325], [-58.7802820058997, -2.58833913816002], [-58.85005992793174, -2.60234384041064], [-58.95876658541324, -2.5582290283211897], [-59.0219339674633, -2.6065452510858265], [-59.155613775987845, -2.5176153917943935], [-59.20115305141928, -2.5645311443339693], [-59.2290642202321, -2.697575815714849], [-59.5000963594934, -2.972067979826985], [-59.30471817780368, -3.131721585484044], [-59.19527701587974, -3.156930049535159], [-59.20702908695882, -3.180037808248681], [-59.35172646212, -3.1457262877346643], [-59.39065519756946, -3.1632321655479387], [-59.69988156783777, -3.060997839118418], [-59.76965948986981, -3.064499014681072], [-59.90701182060657, -3.1380237014968237], [-59.9040738028368, -3.2549629652894936], [-59.94447154717114, -3.284372840015795], [-60.231662784166176, -3.3599982321691364], [-60.39545727483086, -3.3053798933917236], [-60.64004725416423, -3.448227856348037], [-60.62756067864271, -3.5392584209770632], [-60.707621662868945, -3.7157176693348646], [-61.015379024252375, -3.7829402401378367], [-61.04475920195008, -3.8214531713270397], [-61.113068115097235, -3.7962447072759247], [-61.14685531944959, -3.7010127319717157], [-61.331950438945114, -3.696111086183997], [-61.41054241428647, -3.6218861642557165], [-61.28861467684101, -3.6001788757672557], [-61.30257026124741, -3.5007454897878603], [-61.211491710384536, -3.495143608887613], [-61.15126234610425, -3.4090146900463054], [-61.089563972939075, -3.4524292670232235], [-61.073404875205334, -3.3852066962202514], [-61.10939559288502, -3.3459935299185197], [-61.11894415063677, -3.2528622599519004], [-61.318729358981145, -3.1975436860619553], [-61.40833890095914, -2.8810374151979623], [-61.48325835408828, -2.786505675006282], [-61.51263853178598, -2.815215314620051], [-61.640442304770986, -2.828519781758139], [-61.66247743804426, -2.8614308320470947], [-61.71683076678501, -2.8439249542338203], [-61.70875121791814, -2.733988041566459], [-61.760166528889116, -2.6401565364873107], [-61.810112830975214, -2.6100464266484806], [-61.92396101955381, -2.6093461915359484], [-62.03854371257484, -2.6485593578376836], [-62.092897041315595, -2.7122807530780015], [-62.42783106706939, -2.816615784845112], [-62.48438790913747, -2.8824378854230233], [-62.5365377245509, -3.0722016009189126], [-62.582811504424775, -3.106513121432929], [-62.47704286471305, -3.237457087476219], [-62.44472466924557, -3.4209186869593324], [-62.27211612527157, -3.444026445672854], [-62.27064711638669, -3.3754034046448176], [-62.0877555102185, -3.2780707240030154], [-62.08702100577605, -3.3908085771204988], [-62.03854371257484, -3.451729031910695], [-62.01210155264691, -3.5938767597544796], [-61.896049850740994, -3.6603990954449195], [-61.78293616660484, -3.6323896909436826], [-61.65292888029251, -3.6758042679206007], [-61.586823480472674, -3.6582983901073263], [-61.478851327433624, -3.684907324383502], [-61.37528620104922, -3.86556798341649], [-61.567726364969175, -4.0707368713880605], [-61.68304356243265, -4.2534982357586415], [-61.85344859307932, -4.271704348684448], [-61.90119138183809, -4.247896354858394], [-62.00769452599226, -4.284308580710004], [-62.053233801423694, -4.31091751498618], [-62.0583753325208, -4.368336794213718], [-62.18471009662091, -4.472671825980832], [-62.28533720523554, -4.476873236656019], [-62.32720395845477, -4.563002155497326], [-62.396247376044364, -4.587510384435909], [-62.629085284298654, -4.640028017875732], [-62.68490762192429, -4.62322237517499], [-62.83033950152792, -4.678540949064935], [-62.94565669899139, -4.662435541476722], [-63.000010027732145, -4.791979037294951], [-62.9441876901065, -4.82068867690872], [-62.92655958348789, -4.789178096844825], [-62.825197970430814, -4.791979037294951], [-62.706208250755125, -4.85079878674755], [-62.69665969300337, -4.909618536200149], [-62.7333849151255, -4.969138520765281], [-62.65038591312949, -4.900515479737248], [-62.102445599067345, -5.460003334649485], [-62.33234548955186, -5.817823477152807], [-62.863392201437826, -6.429828965504864], [-62.7231018529313, -6.418625203704369], [-62.63569582428064, -6.45643789978104], [-62.557838353381726, -6.381512742740227], [-62.50495403352586, -6.414423793029183], [-62.3830262960804, -6.32549393373775], [-62.288275223005314, -6.334596990200652], [-62.26550558528959, -6.25126901180947], [-62.151657396710995, -6.190348557019277], [-61.96509326833059, -6.260372068272371], [-61.8549176019642, -6.258271362934778], [-61.80717481320544, -6.144133039592234], [-61.74474193559783, -6.224660077533294], [-61.74106941338562, -6.2540699522595915], [-61.84316553088513, -6.286981002548547], [-61.78367067104728, -6.427728260167271], [-61.699202660166385, -6.417224733479305], [-61.748414457810036, -6.474644012706847], [-61.6925921201844, -6.498452006532897], [-61.661742933601815, -6.585981395599269], [-61.69112311129952, -6.666508433540329], [-61.67422950912334, -6.772243935532504], [-61.7322553600763, -6.875178497074554], [-61.775591122180415, -6.875878732187086], [-61.7770601310653, -6.913691428263757], [-61.85344859307932, -6.981614234179261], [-61.84316553088513, -7.030630692056427], [-61.918819488456705, -7.063541742345382], [-61.95627921502128, -7.1622748932122455], [-62.02752614593821, -7.222495112889909], [-61.96068624167594, -7.292518624143007], [-61.847572557539785, -7.321928498869305], [-61.85565210640665, -7.392652245234935], [-61.823333910939176, -7.426963765748951], [-61.87915624856481, -7.543202794429089], [-61.81819237984208, -7.652439471983918], [-61.851245079752, -7.759575444201154], [-62.03193317259286, -7.908725523170251], [-62.05910983696324, -8.003257263361931], [-61.979048852736994, -8.055074661689222], [-61.91441246180206, -8.194421449082881], [-61.908536426262515, -8.344971998277039], [-61.981252366064325, -8.454908910944397], [-61.96215525056082, -8.641871685990164], [-61.99888047268295, -8.688087203417208], [-61.969500294985245, -8.79942458630963], [-61.90266039072297, -8.863145981549948], [-61.979048852736994, -8.872949273125382], [-62.031198668150424, -8.79942458630963], [-62.12521523678306, -8.801525291647224], [-62.200134689912204, -8.643972391327758], [-62.18397559217847, -8.599157344125775], [-62.2691781075018, -8.576049585412253], [-62.336018011764075, -8.609660870813741], [-62.360991162807125, -8.39818986682939], [-62.46529079363397, -8.339370117376792], [-62.51817511348983, -8.384885399691303], [-62.58574952219455, -8.27214754657382], [-62.654792939784144, -8.22943320470943], [-62.692252666348715, -8.092887357765893], [-62.8663302192076, -7.975948093973223], [-63.621400786038535, -7.9766483290857515], [-63.693382221397904, -8.158009223231272], [-63.74185951459911, -8.190220038407695], [-63.72276239909561, -8.249740022972826], [-63.77344320562415, -8.320463769338453], [-63.871132296469, -8.288953189274562], [-63.94384823627082, -8.330967296026419], [-63.9453172451557, -8.387686340141425], [-63.976900936180726, -8.409393628629886], [-63.940910218501045, -8.452107970494275], [-63.97322841396851, -8.478716904770451], [-63.92475112076731, -8.575349350299724], [-63.94605174959814, -8.609660870813741], [-63.98644949393248, -8.585852876987687], [-64.03566129157613, -8.693689084317455], [-64.14289894017274, -8.742705542194624], [-64.14216443573031, -8.94507348971607], [-64.23324298659318, -8.991989242255645], [-64.31110045749209, -8.996190652930832], [-64.32358703301361, -8.92896808212786], [-64.61077827000865, -9.016497471194228], [-64.7136088919506, -8.994089947593238], [-64.76135168070937, -9.020698881869414], [-64.80762546058325, -8.985687126242865], [-64.8707928426333, -9.012296060519041], [-64.9398362602229, -9.124333678523996], [-64.92000464027696, -9.220265888940737], [-64.96260589793863, -9.293090340643957], [-65.00080012894564, -9.304294102444452], [-65.0536844488015, -9.402327018198786], [-65.14255948633705, -9.447142065400769], [-65.18516074399872, -9.426835247137369], [-65.21160290392666, -9.279085638393337], [-65.2468591171639, -9.25737834990488], [-65.37760090791868, -9.324600920707852], [-65.44003378552628, -9.311996688682292], [-65.45692738770246, -9.400926547973725], [-65.43195423665942, -9.458345827201263], [-65.50320116757635, -9.47024982411429], [-65.58840368289968, -9.413530779999281], [-65.67948223376256, -9.451343476075955], [-65.73016304029109, -9.563381094080906], [-65.79994096232313, -9.585088382569367], [-65.82491411336618, -9.529769808679422], [-65.97034599296981, -9.413530779999281], [-66.37505794075565, -9.42613501202484], [-66.39268604737427, -9.50035993395312], [-66.50065820041333, -9.633404605334004], [-66.72541655980075, -9.755945750026921], [-66.77536286188683, -9.753144809576796], [-66.81061907512408, -9.818266675042175], [-66.62699296451345, -9.898093477870706], [-66.6365415222652, -9.942908525072689], [-66.87084843940437, -10.080854842241287], [-67.00966977902601, -10.251712209698841], [-67.12572148093193, -10.290225140888044], [-67.17052625192093, -10.337841128540148], [-67.31595813152455, -10.318934780501813], [-67.31963065373677, -10.381255705517066], [-67.42393028456361, -10.3910589970925], [-67.43641686008513, -10.44777804120751], [-67.60535288184693, -10.534607195161346], [-67.73021863706215, -10.71316714885674], [-67.88593357885998, -10.639642462040992], [-68.0761702294526, -10.685157744355504], [-68.10408139826541, -10.773387368534404], [-68.23923021567484, -10.957549203130046], [-68.38466209527846, -11.01776942280771], [-68.4059627241093, -11.053481413546788], [-68.48749271722042, -11.050680473096666], [-68.54331505484606, -11.111600927886858], [-68.71592359882005, -11.145912448400875]]]}}, {"type": "Feature", "properties": {"regiao": 2}, "geometry": {"type": "Polygon", "coordinates": [[[-71.46811174465228, -6.860473559711405], [-71.53642065779944, -6.864674970386588], [-71.55551777330295, -6.950803889227899], [-71.63043722643208, -6.9732114128288885], [-71.68332154628794, -6.88568202376252], [-71.80084225707876, -6.920693779389065], [-71.79423171709678, -6.979513528841668], [-71.97124728772543, -7.004021757780251], [-71.9881408899016, -7.096452792634338], [-72.18351907159132, -7.132865018485948], [-72.2158372670588, -7.181181241250584], [-72.32307491565541, -7.207089940414228], [-72.38697680214791, -7.204288999964106], [-72.43251607757935, -7.112558200222548], [-72.53314318619398, -7.132164783373415], [-72.63230128592372, -7.097853262859399], [-72.69840668574355, -7.009623638680498], [-72.69693767685867, -6.960607180803333], [-72.66388497694875, -6.950803889227899], [-72.68518560577958, -6.904588371800855], [-72.8511836097716, -6.999820347105064], [-73.00983656933919, -7.0285299867188336], [-73.19346267994983, -6.918593074051472], [-73.35946068394185, -6.949403419002834], [-73.62755480543338, -6.936799186977279], [-73.68043912528924, -6.953604829678021], [-73.66648354088284, -7.000520582217597], [-73.7384649762422, -7.134965723823541], [-73.80163235829225, -7.111857965110019], [-73.72671290516313, -7.022227870706054], [-73.75462407397593, -6.941700832764994], [-73.64297939872466, -6.762440643957071], [-73.51664463462456, -6.677011960228292], [-73.38076131277268, -6.634997853476435], [-73.35431915284475, -6.595084452062171], [-73.21329429989578, -6.577578574248896], [-73.13837484676664, -6.4977517714203685], [-73.10899466906893, -6.4102223823539966], [-73.25001952201791, -6.144833274704762], [-73.23753294649639, -6.032095421587279], [-73.15086142228816, -5.863338759467318], [-72.99220846272057, -5.703685153810259], [-72.95695224948332, -5.465605215549733], [-72.87028072527511, -5.299649493879894], [-72.88864333633617, -5.166604822499014], [-72.82180343207389, -5.140696123335367], [-72.81298937876458, -5.103583662371225], [-72.60659363043823, -5.0279582702178836], [-72.59704507268648, -4.982442987903372], [-72.40093238655432, -4.884410072149038], [-72.36567617331707, -4.802482563982913], [-72.21950978927102, -4.770971983919022], [-71.95435368554925, -4.609917908036902], [-71.90661089679048, -4.515386167845222], [-71.75016145055022, -4.4922784091317], [-71.61721614646812, -4.52869063498331], [-71.4754567890767, -4.433458659679097], [-71.27714058961722, -4.440461010804409], [-71.21397320756716, -4.378140085789152], [-71.08249691236995, -4.373238440001437], [-71.0332851147263, -4.399847374277613], [-70.94587908607564, -4.376739615564091], [-70.84672098634589, -4.28080740514735], [-70.8019162153569, -4.182074254280483], [-70.75931495769522, -4.158966495566961], [-70.672643433487, -4.195378721418571], [-70.64620127355907, -4.12745591550307], [-70.61755560030382, -4.136558971965972], [-70.61608659141892, -4.193278016080978], [-70.52207002278628, -4.137259207078504], [-70.4655131807182, -4.175772138267707], [-70.43686750746295, -4.1330577964033175], [-70.29290463674421, -4.159666730679493], [-70.2789490523378, -4.23039047704512], [-70.30759472559305, -4.246495884633333], [-70.20035707699644, -4.355732562188162], [-70.15334879268012, -4.33122433324958], [-70.15628681044988, -4.27450528913457], [-70.0769603306661, -4.285008815822536], [-70.04317312631373, -4.332624803474641], [-69.97266069983925, -4.324221982124268], [-69.93299745994736, -4.219186715244625], [-69.45777308568702, -1.493171422161602], [-69.42986191687422, -1.3874359201694233], [-69.39974723473406, -1.3706302774686847], [-69.43059642131665, -1.2417870167629843], [-69.39827822584918, -1.1444543361211856], [-69.46364912122657, -0.967294852650852], [-69.52755100771907, -0.9217795703363407], [-69.52314398106441, -0.8860675795972597], [-69.61201901859997, -0.7705287860296508], [-69.62230208079416, -0.7320158548404478], [-69.57382478759295, -0.6500883466743232], [-69.61128451415752, -0.5135424997307894], [-69.84485692685425, -0.34548607272336085], [-69.9234489021956, -0.33148137047273707], [-70.05712871072015, -0.18653270217883033], [-70.04684564852595, 0.5620186331167645], [-69.99543033755498, 0.5508148713162697], [-69.9785367353788, 0.5781240407049779], [-69.93593547771712, 0.5529155766538665], [-69.90875881334675, 0.584426156717754], [-69.82355629802342, 0.5914285078430694], [-69.8044591825199, 0.5718219246922018], [-69.6869384717291, 0.6628524893212244], [-69.63258514298835, 0.6355433199325162], [-69.48127722784518, 0.7349767059119117], [-69.34980093264797, 0.613836031444059], [-69.29618210834967, 0.6495480221831329], [-69.27194346174906, 0.6012317994184997], [-69.21244860191122, 0.6103348558814048], [-69.18380292865595, 0.6544496679708516], [-69.1154940155088, 0.6439461412828891], [-69.18747545086816, 0.7468807028249387], [-69.14707770653384, 0.7692882264259282], [-69.16764383092222, 0.8211056247532227], [-69.1360601398972, 0.8694218475178559], [-69.19261698196527, 0.9240401862952723], [-69.19775851306237, 0.997564873111024], [-69.26092589511242, 1.0535836821134978], [-69.32188976383516, 1.0885954377400466], [-69.41517182802536, 1.042379920313003], [-69.4401449790684, 1.07459073548943], [-69.70530108279017, 1.0801926163896738], [-69.70236306502039, 1.1180053124663445], [-69.8110697225019, 1.0633869736889352], [-69.84632593573913, 1.0780919110520841], [-69.8455914312967, 1.707603277217416], [-69.64433721406743, 1.7293105657058732], [-69.53416154770105, 1.7769265533579812], [-69.39093318142476, 1.7293105657058732], [-68.15696571812127, 1.73141127104347], [-68.16945229364279, 1.770624437345198], [-68.23629219790507, 1.7727251426827948], [-68.26714138448766, 1.8273434814602112], [-68.2436372423295, 1.9267768674396066], [-68.18267337360676, 1.978594265766894], [-68.14080662038754, 1.9848963817796772], [-68.08718779608924, 1.901568403388488], [-67.94102141204317, 1.8308446570228654], [-67.91311024323035, 1.898067227825834], [-67.7794304347058, 2.0311118992067208], [-67.62004297069578, 2.02340931296888], [-67.52161937540846, 2.1704586866003766], [-67.38940857576881, 2.2439833734161283], [-67.34313479589493, 2.2054704422269253], [-67.27776390051754, 1.8756597042248444], [-67.15730517195696, 1.8490507699486685], [-67.09707580767667, 1.7328117412685273], [-67.07210265663363, 1.4429144046807139], [-67.08826175436737, 1.167021770343517], [-66.85689285499797, 1.2300429304712992], [-66.31850109868758, 0.7552835241753115], [-66.21273245897585, 0.780491988226423], [-66.15103408581068, 0.744779997487349], [-66.08860120820306, 0.7587846997379657], [-66.070238597142, 0.8050002171650092], [-65.97108049741225, 0.8057004522775415], [-65.93655878861745, 0.8820260795434152], [-65.73971159804285, 0.9996655784486137], [-65.58546566512992, 1.0087686349115188], [-65.50834269867345, 0.9156373649448994], [-65.50393567201878, 0.8526162048171173], [-65.59134170066945, 0.7216722387738272], [-65.56416503629907, 0.6754567213467837], [-65.45252036104782, 0.685260012922214], [-65.39743252786462, 0.7496816432750606], [-65.39816703230706, 0.8211056247532227], [-65.32912361471746, 0.9317427725331129], [-65.24098308162436, 0.9212392458451504], [-65.16532912405278, 0.9506491205714482], [-65.15137353964636, 1.116604842241287], [-65.10289624644516, 1.1565182436555475], [-65.02210075777647, 1.1152043720162226], [-64.96113688905375, 1.1894292939445066], [-64.96995094236306, 1.217438698445747], [-64.82305005387454, 1.2783591532359395], [-64.86344779820888, 1.1929304695071608], [-64.75547564516984, 1.0878952026275144], [-64.70038781198664, 1.0367780394127593], [-64.62399934997262, 1.030475923399976], [-64.56964602123186, 0.9331432427581774], [-64.4477182837864, 0.8533164399296425], [-64.44110774380442, 0.8057004522775415], [-64.35517072403864, 0.7356769410244439], [-64.2023938000106, 0.6537494328583193], [-64.16419956900359, 0.6642529595462889], [-64.08413858477735, 0.5816252162676321], [-64.01509516718774, 0.26091753472845625], [-63.96588336954409, 0.16498532431171498], [-63.98571498949004, -0.0009703973581238756], [-64.06577597371628, -0.1340150687390107], [-64.11939479801458, -0.1550221221149357], [-64.08560759366223, -0.18793317240389484], [-64.09956317806864, -0.28666632327075803], [-64.23324298659318, -0.33778348648552026], [-64.43449720382245, -0.348987248286015], [-64.48444350590853, -0.3903011199253399], [-64.81937753166233, -0.494636151692454], [-64.79146636284952, -0.8006388958684809], [-64.84214716937805, -0.8321494759323755], [-64.87887239150018, -1.0219131914282613], [-64.98464103121191, -1.0457211852543153], [-64.96995094236306, -1.145854806346243], [-65.03164931552823, -1.166161624609643], [-65.0742505731899, -1.3027074715531768], [-65.05809147545617, -1.4203469704583824], [-65.08600264426897, -1.4581596665350531], [-65.30268145478954, -1.487569541261351], [-65.37906991680356, -1.671731375856993], [-65.3107610036564, -1.7781671129617003], [-65.1932402928656, -1.7984739312251001], [-65.17120515959232, -1.9595280071072203], [-65.05809147545617, -1.9700315337951828], [-65.01989724444915, -1.9133124896801768], [-64.93396022468337, -1.9000080225420888], [-64.9310222069136, -2.1100785563013744], [-64.70406033419886, -2.0197482267848805], [-64.71213988306572, -2.1422893714777977], [-64.66366258986451, -2.2144135880684885], [-64.53365530355218, -2.245223933019851], [-64.49619557698762, -2.1808023026670007], [-64.40732053945206, -2.208111472055709], [-64.36692279511772, -2.2648305161707185], [-64.45065630155618, -2.283736864209054], [-64.44845278822885, -2.323650265623318], [-64.516761701376, -2.311046033597762], [-64.52924827689753, -2.3369547327614058], [-64.49031954144807, -2.460196112566855], [-64.46093936375037, -2.4706996392548177], [-64.42568315051312, -2.639456301374782], [-64.35884324625086, -2.650660063175277], [-64.33754261742003, -2.692674169927134], [-64.35737423736597, -2.720683574428371], [-64.50207161252715, -2.7381894522416452], [-64.4477182837864, -2.929353637962599], [-64.3301975729956, -3.0266863186044013], [-64.3213835196863, -3.0960095947449666], [-64.26923370427286, -3.1079135916579936], [-64.29126883754614, -3.152028403747444], [-64.08707660254711, -3.3305883574428385], [-64.15171299348205, -3.4209186869593324], [-64.15832353346404, -3.5112490164758263], [-64.0628379559465, -3.5434598316522496], [-64.02023669828483, -3.6225863993682488], [-63.98644949393248, -3.602979816217381], [-63.91960958967021, -3.656197684769733], [-63.926220129652194, -3.736724722710793], [-63.8814153586632, -3.7920432966007382], [-63.78592978114567, -3.799745882838579], [-63.94237922738593, -3.813050349976667], [-63.987918502817365, -3.706614612871963], [-64.17742064896754, -3.6624998007825127], [-64.44404576157419, -3.4636330288237183], [-64.52190323247311, -3.3270871818801844], [-64.67468015650115, -3.2633657866398664], [-64.8862174359246, -3.392909282458092], [-64.9809685089997, -3.5063473706881076], [-64.97215445569039, -3.6225863993682488], [-65.02724228887358, -3.681406148820848], [-65.02063174889159, -3.78504094547543], [-65.10289624644516, -3.812350114864138], [-65.16973615070742, -3.9082823252808794], [-65.66626115379859, -4.139359912416097], [-65.90864761980464, -4.292711402060377], [-65.92554122198081, -4.261200821996482], [-65.86604636214297, -4.169470022254927], [-65.98136355960645, -3.902680444380632], [-65.97989455072155, -3.785741180587962], [-65.94977986858142, -3.7521298951864743], [-65.99164662180064, -3.728321901360424], [-65.97842554183667, -3.4874410226497723], [-65.58913818734213, -2.8719343587350608], [-65.42681270556233, -2.8733348289601217], [-65.34601721689364, -2.82011696040777], [-65.33867217246922, -2.7739014429807263], [-65.38641496122798, -2.6870722890268866], [-65.26154920601275, -2.6065452510858265], [-65.25640767491565, -2.563830909221437], [-65.31443352586861, -2.4770017552675974], [-65.39743252786462, -2.4503928209914214], [-65.58913818734213, -2.657662414300585], [-65.66405764047127, -2.6618638249757716], [-65.71400394255735, -2.612147131986074], [-65.72134898698178, -2.5274186833698273], [-65.7837818645894, -2.4791024606051906], [-65.81756906894175, -2.500109513981119], [-65.79847195343825, -2.591840313722674], [-65.96814247964248, -2.627552304461755], [-66.1929008390299, -2.96086421802649], [-66.20979444120607, -3.068000190243726], [-66.32731515199688, -3.15833051976022], [-66.59761278681574, -3.140824641946949], [-66.61817891120414, -3.052595017768045], [-66.58953323794887, -2.997976678990632], [-66.62185143341635, -2.9433583402132157], [-66.55648053803895, -2.852327775584193], [-66.5917367512762, -2.785105204781221], [-66.48964063377669, -2.7423908629168317], [-66.46319847384876, -2.691273699702073], [-66.35008478971261, -2.720683574428371], [-66.29866947874163, -2.7031776966150964], [-66.37358893187077, -2.6471588876126226], [-66.33319118753643, -2.562430438996376], [-66.40370361401091, -2.5064116299938988], [-66.41325217176266, -2.402776833339317], [-66.64094854891985, -2.3887721310886967], [-66.60936485789482, -2.642257241824904], [-66.73055809089784, -2.717882633978249], [-66.88260051048346, -2.662564060088304], [-66.97588257467366, -2.7283861606662114], [-67.04125347005105, -2.7052784019526896], [-67.04198797449348, -2.6450581822750294], [-67.08165121438539, -2.607245486198355], [-67.13086301202904, -2.6233508937865686], [-67.16171219861162, -2.679369702789046], [-67.21533102290992, -2.6835711134642324], [-67.25499426280183, -2.5582290283211897], [-67.29098498048151, -2.5421236207329763], [-67.29098498048151, -2.8831381205355555], [-67.3409312825676, -2.8593301267095015], [-67.44008938229734, -2.891540941885925], [-67.46212451557062, -2.8691334182849353], [-67.56128261530037, -2.890840706773396], [-67.60608738628936, -2.942658105100687], [-67.66264422835744, -2.8957423525611112], [-67.71112152155865, -2.904145173911484], [-67.76620935474183, -2.9972764438781], [-67.84553583452563, -3.381705520657597], [-67.96452555420133, -3.431422213647295], [-68.06368365393107, -3.414616570946553], [-68.02916194513627, -3.4650334990487828], [-68.04752455619733, -3.532256069851755], [-68.01300284740253, -3.5581647690153986], [-68.03577248511826, -3.7346240173732], [-68.18193886916433, -3.770336008112281], [-68.25612381785102, -3.6940103808464038], [-68.38392759083602, -3.723420255572705], [-68.44709497288608, -3.775237653899996], [-68.5785712680833, -3.6491953336444247], [-68.62484504795718, -3.691909675508814], [-68.74530377651776, -3.6996122617466547], [-68.77101143200325, -3.747228249398759], [-68.825364760744, -3.743727073836105], [-68.8393203451504, -3.887275271904951], [-68.81581620299224, -3.954497842707923], [-68.95096502040167, -4.208683188556659], [-68.9428854715348, -4.326322687461861], [-69.0119288891244, -4.344528800387668], [-69.03984005793721, -4.578407327973007], [-69.12210455549078, -4.723355996266914], [-69.14928121986115, -4.719154585591731], [-69.18159941532863, -4.794779977745073], [-69.2829610283857, -4.852199256972611], [-69.34392489710844, -4.964937110090098], [-69.38726065921254, -4.989445339028681], [-69.41737534135268, -4.963536639865033], [-69.42692389910444, -5.038461796905846], [-69.52020596329464, -5.1497991797982685], [-69.53342704325861, -5.219122455938834], [-69.59439091198134, -5.20721845902581], [-69.69134549838375, -5.240829744427295], [-69.78315855368908, -5.287045261854338], [-69.79417612032572, -5.350066421982124], [-69.93005944217758, -5.3696730051329915], [-69.84999845795134, -5.49361462005097], [-69.8940687244979, -5.541230607703078], [-69.8801131400915, -5.603551532718331], [-69.91683836221362, -5.62455858609426], [-69.9043517866921, -5.706486094260384], [-69.92271439775315, -5.756903022362611], [-69.98147475314856, -5.788413602426505], [-69.99910285976719, -5.941765092070785], [-70.11295104834578, -6.06150529631358], [-70.16730437708652, -6.21485678595786], [-70.38031066539487, -6.3044868803618215], [-70.40454931199547, -6.375210626727448], [-70.50884894282231, -6.415824263254244], [-70.56467128044795, -6.484447304282277], [-70.59552046703054, -6.595084452062171], [-70.7725360376592, -6.656004906852363], [-70.79016414427781, -6.707122070067122], [-70.8643490929645, -6.7267286532179895], [-70.99362187483439, -6.646901850389462], [-71.09057646123681, -6.66020631752755], [-71.18973456096656, -6.7267286532179895], [-71.34324598943705, -6.681213370903478], [-71.46811174465228, -6.860473559711405]]]}}, {"type": "Feature", "properties": {"regiao": 3}, "geometry": {"type": "Polygon", "coordinates": [[[-60.696604096232306, -7.146169485624036], [-60.632702209739804, -7.289017448580349], [-60.67383445851659, -7.678348171147565], [-60.587897438750815, -7.708458280986395], [-60.4409965502623, -8.101290179116265], [-60.487270330136184, -8.292454364837216], [-60.45495213466871, -8.301557421300117], [-60.44540357691696, -8.386986105028896], [-60.489473843463514, -8.39818986682939], [-60.52913708335541, -8.494822312358664], [-60.522526543373424, -8.559243942711511], [-60.42850997474078, -8.65237521267813], [-60.42043042587391, -8.796623645859505], [-61.58315095826046, -8.798724351197098], [-61.626486720364575, -8.728700839944004], [-61.713158244572796, -8.688087203417208], [-61.77485661773797, -8.748307423094872], [-61.8409620175578, -8.739204366631967], [-61.860059133061306, -8.853342689974514], [-61.91735047957182, -8.863145981549948], [-61.99594245491318, -8.746906952869807], [-61.99888047268295, -8.688087203417208], [-61.96215525056082, -8.641871685990164], [-61.981252366064325, -8.454908910944397], [-61.908536426262515, -8.344971998277039], [-61.91441246180206, -8.194421449082881], [-61.979048852736994, -8.055074661689222], [-62.05910983696324, -8.003257263361931], [-62.03193317259286, -7.908725523170251], [-61.851245079752, -7.759575444201154], [-61.81819237984208, -7.652439471983918], [-61.87915624856481, -7.543202794429089], [-61.823333910939176, -7.426963765748951], [-61.85565210640665, -7.392652245234935], [-61.847572557539785, -7.321928498869305], [-61.96068624167594, -7.292518624143007], [-62.02752614593821, -7.222495112889909], [-61.95627921502128, -7.1622748932122455], [-61.918819488456705, -7.063541742345382], [-61.84316553088513, -7.030630692056427], [-61.85344859307932, -6.981614234179261], [-61.7770601310653, -6.913691428263757], [-61.775591122180415, -6.875878732187086], [-61.7322553600763, -6.875178497074554], [-61.67422950912334, -6.772243935532504], [-61.69112311129952, -6.666508433540329], [-61.661742933601815, -6.585981395599269], [-61.6925921201844, -6.498452006532897], [-61.748414457810036, -6.474644012706847], [-61.699202660166385, -6.417224733479305], [-61.78367067104728, -6.427728260167271], [-61.84316553088513, -6.286981002548547], [-61.74106941338562, -6.2540699522595915], [-61.74474193559783, -6.224660077533294], [-61.80717481320544, -6.144133039592234], [-61.8549176019642, -6.258271362934778], [-61.96509326833059, -6.260372068272371], [-62.151657396710995, -6.190348557019277], [-62.26550558528959, -6.25126901180947], [-62.288275223005314, -6.334596990200652], [-62.3830262960804, -6.32549393373775], [-62.50495403352586, -6.414423793029183], [-62.557838353381726, -6.381512742740227], [-62.63569582428064, -6.45643789978104], [-62.7231018529313, -6.418625203704369], [-62.863392201437826, -6.429828965504864], [-62.33234548955186, -5.817823477152807], [-62.102445599067345, -5.460003334649485], [-62.65038591312949, -4.900515479737248], [-62.7333849151255, -4.969138520765281], [-62.69665969300337, -4.909618536200149], [-62.706208250755125, -4.85079878674755], [-62.825197970430814, -4.791979037294951], [-62.92655958348789, -4.789178096844825], [-62.9441876901065, -4.82068867690872], [-63.000010027732145, -4.791979037294951], [-62.94565669899139, -4.662435541476722], [-62.83033950152792, -4.678540949064935], [-62.68490762192429, -4.62322237517499], [-62.629085284298654, -4.640028017875732], [-62.396247376044364, -4.587510384435909], [-62.32720395845477, -4.563002155497326], [-62.28533720523554, -4.476873236656019], [-62.18471009662091, -4.472671825980832], [-62.0583753325208, -4.368336794213718], [-62.053233801423694, -4.31091751498618], [-62.00769452599226, -4.284308580710004], [-61.90119138183809, -4.247896354858394], [-61.85344859307932, -4.271704348684448], [-61.68304356243265, -4.2534982357586415], [-61.567726364969175, -4.0707368713880605], [-61.37528620104922, -3.8886757421300118], [-61.478851327433624, -3.684907324383502], [-61.586823480472674, -3.6582983901073263], [-61.65292888029251, -3.6758042679206007], [-61.78293616660484, -3.6323896909436826], [-61.896049850740994, -3.6603990954449195], [-62.01210155264691, -3.5938767597544796], [-62.03854371257484, -3.451729031910695], [-62.08702100577605, -3.3908085771204988], [-62.0877555102185, -3.2780707240030154], [-62.27064711638669, -3.3754034046448176], [-62.27211612527157, -3.444026445672854], [-62.44472466924557, -3.4209186869593324], [-62.47704286471305, -3.237457087476219], [-62.582811504424775, -3.106513121432929], [-62.496139980216554, -2.9818712714024187], [-62.46896331584618, -2.851627540471661], [-62.35438062282514, -2.7739014429807263], [-62.092897041315595, -2.7122807530780015], [-62.03854371257484, -2.6485593578376836], [-61.92396101955381, -2.6093461915359484], [-61.810112830975214, -2.6100464266484806], [-61.70875121791814, -2.733988041566459], [-61.71683076678501, -2.8439249542338203], [-61.66247743804426, -2.8614308320470947], [-61.640442304770986, -2.828519781758139], [-61.51263853178598, -2.815215314620051], [-61.48325835408828, -2.786505675006282], [-61.40833890095914, -2.8810374151979623], [-61.318729358981145, -3.1975436860619553], [-61.11894415063677, -3.2528622599519004], [-61.10939559288502, -3.3459935299185197], [-61.073404875205334, -3.3852066962202514], [-61.089563972939075, -3.4524292670232235], [-61.15126234610425, -3.4090146900463054], [-61.211491710384536, -3.495143608887613], [-61.30257026124741, -3.5007454897878603], [-61.28861467684101, -3.6001788757672557], [-61.41054241428647, -3.6218861642557165], [-61.331950438945114, -3.696111086183997], [-61.14685531944959, -3.7010127319717157], [-61.113068115097235, -3.7962447072759247], [-61.04475920195008, -3.8214531713270397], [-61.015379024252375, -3.7829402401378367], [-60.707621662868945, -3.7157176693348646], [-60.62756067864271, -3.5392584209770632], [-60.64004725416423, -3.448227856348037], [-60.39545727483086, -3.3053798933917236], [-60.231662784166176, -3.3599982321691364], [-59.94447154717114, -3.284372840015795], [-59.9040738028368, -3.2549629652894936], [-59.90701182060657, -3.1380237014968237], [-59.76965948986981, -3.064499014681072], [-59.69988156783777, -3.060997839118418], [-59.39065519756946, -3.1632321655479387], [-59.35172646212, -3.1457262877346643], [-59.20702908695882, -3.180037808248681], [-59.19527701587974, -3.156930049535159], [-59.30471817780368, -3.131721585484044], [-59.5000963594934, -2.972067979826985], [-59.2290642202321, -2.697575815714849], [-59.20115305141928, -2.5645311443339693], [-59.155613775987845, -2.5176153917943935], [-59.0219339674633, -2.6065452510858265], [-58.95876658541324, -2.5582290283211897], [-58.85005992793174, -2.60234384041064], [-58.7802820058997, -2.58833913816002], [-58.68479642838217, -2.6632642952008325], [-58.503373831098855, -2.7024774615025677], [-58.45489653789765, -2.6520605334003378], [-58.30432312719693, -2.6114468968735416], [-58.185333407521235, -2.681470408126639], [-58.1794573719817, -2.7500934491546722], [-58.110413954392094, -2.8593301267095015], [-57.917239286029705, -2.757796035392513], [-57.93560189709077, -2.6177490128863212], [-57.82689523960927, -2.5960417243978604], [-57.768134884213865, -2.5393226802828543], [-57.8342402840337, -2.512013510894146], [-57.892266134986656, -2.406278008901971], [-57.98114117252221, -2.405577773789439], [-57.99583126137106, -2.2697321619584336], [-58.03475999682051, -2.224917114756451], [-58.11408647660431, -2.220015468968736], [-58.13538710543514, -2.1366874905775504], [-58.187536920848565, -2.1128794967515], [-58.18900592973345, -2.0085444649843858], [-58.26392538286259, -1.930118132380919], [-58.37557005811385, -1.920314840805485], [-58.46003806899475, -1.8075769876880017], [-58.58710733753731, -1.7550593542481785], [-58.55919616872449, -1.7277501848594738], [-58.59665589528906, -1.6136118615169224], [-58.65321273735714, -1.555492347176859], [-58.69067246392171, -1.5757991654402517], [-58.73988426156536, -1.4980730679493135], [-58.83316632575556, -1.4987733030618458], [-58.86401551233815, -1.4539582558598667], [-58.92424487661844, -1.4420542589468397], [-59.020464958578415, -1.3160119386912683], [-59.15928629820006, -1.2774990075020654], [-59.251833857947815, -1.1892693833231647], [-59.37963763093282, -1.1479555116838398], [-59.38037213537526, -1.1066416400445078], [-59.605864999205124, -1.1094425804946368], [-59.669766885697626, -1.0660280035177152], [-59.70135057672265, -1.1045409347069182], [-59.78655309204599, -1.045020950141783], [-59.85633101407804, -0.9112760436483711], [-60.012045955875855, -0.7915358394055758], [-60.05464721353752, -0.675997045837974], [-60.02232901807005, -0.6171772963853712], [-60.03848811580379, -0.5961702430094391], [-59.96724118488686, -0.5688610736207309], [-59.95402010492289, -0.515643205068379], [-59.83135786303499, -0.4113081733012649], [-59.853392996308266, -0.39240182526292955], [-59.81079173864659, -0.22994727915575197], [-59.91362236058855, -0.15012047632721703], [-59.8644105629449, -0.04648567967263517], [-59.91656037835833, 0.03334112315589266], [-59.94300253828625, 0.015835245342614712], [-59.935657493861825, -0.039483328547326835], [-59.97678974263861, -0.06259108726084861], [-60.08255838235034, -0.04788614989769968], [-60.23680431526327, -0.10880660468789216], [-60.13984972886085, 0.027039007143109473], [-60.133239188878875, 0.10336463440899024], [-60.059054240192175, 0.1628846189741182], [-60.03775361136134, 0.26371847517857816], [-58.895599203363176, 0.26371847517857816], [-58.894864698920735, -0.010773688933561232], [-58.823617768003814, -0.03318121253455075], [-58.836838847967776, -0.07519531928640788], [-58.71491111052231, -0.06609226282350278], [-58.71491111052231, -0.12211107182598369], [-58.588576346422194, -0.2719613859076091], [-58.44094095349124, -0.2943689095085986], [-58.47399365340116, -0.3321816055852693], [-58.44828599791567, -0.36089124519904203], [-58.52173644215992, -0.4330154617897293], [-58.346189880416155, -0.48203191966689474], [-58.31754420716089, -0.6157768261603067], [-58.20296151413986, -0.8076412469937893], [-58.00023828802571, -0.7922360745181081], [-57.9826101814071, -0.842653002620338], [-57.769603893098754, -0.9497889748375741], [-57.757851822019674, -0.9890021411393093], [-57.715250564358, -0.9890021411393093], [-57.67852534223587, -1.0814331759933964], [-57.55365958702065, -1.1262482231953754], [-57.42879383180541, -1.347522518755163], [-57.328901227633224, -1.3398199325173223], [-57.2370881723279, -1.4329512024839346], [-57.1438061081377, -1.4231479109085043], [-57.146744125907475, -1.4959723626117238], [-57.000577741861406, -1.549890466276608], [-56.91831324430784, -1.647923382030939], [-56.74864271810361, -1.6080099806166785], [-56.72734208927278, -1.7270499497469416], [-56.67372326497447, -1.757860294698304], [-56.659767680568066, -1.8453896837646724], [-56.59806930740289, -1.876900263828567], [-56.644343087276766, -2.040755280160809], [-56.619369936233724, -2.0701651548871105], [-56.62451146733082, -2.1660973653038518], [-56.58558273188136, -2.176600891991818], [-56.52682237648596, -2.139488431027676], [-56.41370869234981, -2.1759006568792856], [-56.36743491247593, -2.1373877256900826], [-56.316754105947396, -2.140188666140208], [-56.228613572854286, -2.0561604526364903], [-56.09787178209952, -2.037254104598155], [-56.203640421811244, -2.182903008004594], [-56.36449689470616, -2.259228635270471], [-56.412974187907366, -2.3215495602857246], [-56.46438949887835, -2.431486472953086], [-56.40195662127073, -2.456694937004201], [-58.26686340063236, -6.4753442478193755], [-58.32709276491265, -6.50055271187049], [-58.47840068005581, -6.699419483829285], [-58.482073202268026, -6.781346991995406], [-58.43433041350926, -6.908789782476038], [-58.18092638086658, -7.181881476363113], [-58.14713917651422, -7.342935552245233], [-58.540099053220985, -7.342235317132705], [-58.57388625757334, -7.287616978355288], [-58.529815991026794, -7.2379002853655905], [-58.563603195379144, -7.198687119063859], [-58.49676329111688, -7.052337980544888], [-58.601797426386156, -7.037633043181735], [-58.83243182131312, -6.744934766143796], [-58.87503307897479, -6.589482571161923], [-58.836104343525335, -6.471142837144189], [-58.85520145902884, -6.381512742740227], [-59.079225313973815, -6.389215328978068], [-59.87249011181177, -6.812157336946768], [-60.696604096232306, -7.146169485624036]]]}}, {"type": "Feature", "properties": {"regiao": 4}, "geometry": {"type": "MultiPolygon", "coordinates": [[[[-48.48767125395227, -7.2126918213144755], [-48.48179521841273, -7.257506868516458], [-48.54422809602035, -7.311424972181342], [-48.561856202638964, -7.2764132165547935], [-48.685252948969314, -7.282015097455041], [-48.930577432745125, -7.229497464015218], [-49.028266523589984, -7.254005692953804], [-49.18618497871513, -7.196586413726266], [-49.20968912087329, -6.925595425176784], [-49.08335435677317, -6.842967681898131], [-49.410943338102555, -6.445234137980545], [-49.432978471375826, -6.330395579525469], [-49.51964999558405, -6.332496284863062], [-49.57326881988236, -6.259671833159839], [-49.47557972903749, -6.100718462615312], [-49.45721711797643, -5.901851690656521], [-49.51157044671718, -5.882945342618186], [-49.71870069948598, -5.945966502745971], [-49.75542592160811, -5.93056133027029], [-49.79215114373024, -5.78561266197638], [-49.82593834808259, -5.8556361732294775], [-49.93244149223676, -5.859837583904664], [-49.980918785437964, -5.920057803582324], [-50.01176797202056, -5.906753336444236], [-50.017644007560094, -5.945266267633439], [-50.05877625633688, -5.941765092070785], [-50.071262831858405, -5.892048399081087], [-50.105050036210756, -5.924259214257511], [-50.195394082631196, -5.882945342618186], [-50.24680939360217, -5.917256863132202], [-50.34376398000459, -5.86403899457985], [-50.45467415081342, -5.85633640834201], [-50.57586738381643, -5.918657333357263], [-50.71542322788052, -5.907453571556768], [-50.72276827230495, -5.954369324096341], [-50.78446664547012, -5.9865801392727676], [-50.97764131383251, -5.988680844610361], [-51.14878084892162, -6.216957491295453], [-51.245735435324036, -6.1721424440934705], [-51.34783155282355, -6.055203180300801], [-51.391901819370105, -6.055203180300801], [-51.357380110575306, -5.9669735561219], [-51.26336354194266, -5.994982960623137], [-51.17742652217688, -5.965573085896839], [-51.126011211205906, -5.918657333357263], [-51.086347971314005, -5.780711016188665], [-51.03126013813081, -5.76950725438817], [-50.94605762280747, -5.803818774902187], [-50.89904933849115, -5.694582097347357], [-50.84689952307774, -5.706486094260384], [-50.87848321410276, -5.6322611723321], [-50.952668162789465, -5.614055059406297], [-50.95634068500168, -5.5405303725905455], [-50.87407618744811, -5.4915139147133765], [-50.86379312525391, -5.422190638572815], [-50.78667015879745, -5.399783114971822], [-50.791811689894544, -5.315054666355575], [-50.754351963329974, -5.308052315230267], [-50.766838538851495, -5.2240241017265525], [-50.72350277674738, -5.217721985713773], [-50.720564758977616, -5.1750076438493835], [-50.92989852507374, -5.150499414910801], [-50.8549790719446, -4.941129116264044], [-50.85865159415681, -4.869004899673357], [-50.91227041845512, -4.86480348899817], [-50.940181587267936, -4.761868927456117], [-50.90639438291558, -4.728957877167165], [-50.93063302951619, -4.684142829965182], [-50.90639438291558, -4.675039773502281], [-50.90639438291558, -4.495779584694354], [-50.87995222298765, -4.447463361929717], [-50.99600392489357, -4.346629505725261], [-50.99380041156624, -4.271004113571916], [-50.81825384982247, -4.29481210739797], [-50.6735564746613, -4.208683188556659], [-50.88142123187254, -3.853663986503463], [-50.10872255842297, -4.077739222513372], [-50.1212091339445, -3.984607952546753], [-50.017644007560094, -3.904781149718225], [-49.95814914772225, -3.7878418859255554], [-49.99781238761415, -3.7136169639972714], [-49.898654287884405, -3.590375584191822], [-49.80610672813664, -3.5329563049642836], [-49.80831024146397, -3.4811389066369927], [-49.9089373500786, -3.32568671165512], [-50.006626440923455, -3.3312885925553672], [-50.11312958507763, -3.2696679026526425], [-50.15646534718174, -3.300478247604005], [-50.2093496670376, -3.237457087476219], [-50.24827840248706, -3.2430589683764666], [-50.362861095508094, -3.3845064611077227], [-50.423090459788384, -3.413216100721492], [-50.47597477964425, -3.3985111633583394], [-50.48625784183844, -3.458031147923471], [-50.80870529207072, -3.495143608887613], [-50.838819974210864, -3.3172838903047506], [-50.96588924275343, -3.1898410998241147], [-50.975437800505176, -3.1226185290211426], [-51.146577335594294, -3.116316413008363], [-51.16126742444314, -3.0189837323665607], [-51.39777785490965, -2.8894402365483316], [-51.44919316588062, -2.76970003230554], [-51.50428099906381, -2.746592273592018], [-51.72022530514192, -2.796308966581716], [-51.748136473954744, -2.8453254244588813], [-51.854639618108905, -2.5526271474209423], [-51.9200105134863, -2.493107162855811], [-52.05515933089573, -2.6863720539143543], [-52.04414176425909, -2.7928077910190616], [-52.27624516807093, -2.8299202519832], [-52.33133300125412, -2.783004499443628], [-52.50100352745835, -2.7739014429807263], [-52.55682586508399, -2.7248849851035573], [-52.82932701323017, -2.7619974460676993], [-53.00120105276173, -2.6716671165512054], [-53.14663293236535, -2.6653650005384257], [-53.253136076519525, -2.774601678093255], [-53.3581702117888, -2.7374892171291165], [-53.487442993658696, -2.764798386517821], [-53.593946137812864, -2.813114609282458], [-53.608636226661716, -2.864932007609749], [-54.10295771642555, -2.8866392960982097], [-54.08900213201915, -2.96086421802649], [-54.04566636991503, -2.9986769141031644], [-54.050807901012135, -3.0827051276068786], [-54.109568256407535, -3.170234516673247], [-54.207991851694835, -3.2094476829749823], [-54.24912410047162, -3.2661667270899883], [-54.22488545387101, -3.075002541369038], [-54.294663375903056, -2.8866392960982097], [-54.33065409358274, -2.8740350640726504], [-54.366644811262425, -2.7872059101188142], [-54.4819620087259, -2.7788030887684414], [-54.625190375002205, -2.620549953336443], [-54.71773793474996, -2.593941019060267], [-54.7390385635808, -2.6499598280627445], [-54.832320627771, -2.6611635898632393], [-54.83378963665589, -3.5560640636778054], [-54.89475350537862, -3.5630664148031173], [-54.916788638651894, -3.6001788757672557], [-54.94396530302227, -3.808848939301484], [-55.01594673838164, -3.8585656322911817], [-55.01815025170897, -3.9215867924189673], [-55.073238084892154, -3.937692200007181], [-55.09306970483811, -3.8725703345417983], [-55.14668852913641, -3.8662682185290222], [-55.3259076130924, -3.9250879679816215], [-55.29946545316446, -4.0007133601349665], [-55.31709355978308, -4.077739222513372], [-55.53156885697631, -4.154064849779246], [-55.56462155688622, -4.141460617753687], [-55.574904619080414, -4.005615005922682], [-55.654231098864216, -4.09104368965146], [-55.74310613639976, -4.003514300585088], [-55.82683964283821, -4.017519002835709], [-55.867971891615, -3.9152846764061877], [-55.897352069312696, -3.9348912595570553], [-56.01120025789129, -3.8550644567285275], [-56.03837692226166, -3.9103830306184726], [-56.15516312861003, -3.983207482321692], [-56.23816213060604, -4.155465320004307], [-56.31087807040785, -4.172270962705049], [-56.360824372493944, -4.133758031515846], [-56.46806202109056, -4.128856385728131], [-56.51800832317665, -4.151263909329121], [-56.52682237648596, -4.233891652607774], [-56.5914587674209, -4.305315634085932], [-56.62818398954303, -4.301814458523278], [-56.67959930051401, -4.232491182382713], [-56.70897947821172, -4.245795649520801], [-56.72146605373324, -4.08334110341362], [-56.75231524031582, -4.024521353961017], [-56.825031180117634, -4.009816416597868], [-56.82356217123275, -3.954497842707923], [-56.877180995531056, -3.918785851968842], [-56.90656117322876, -3.745127544061166], [-56.88746405772525, -3.70451390753437], [-56.95577297087241, -3.6582983901073263], [-56.40195662127073, -2.456694937004201], [-56.46438949887835, -2.431486472953086], [-56.412974187907366, -2.3215495602857246], [-56.36449689470616, -2.259228635270471], [-56.203640421811244, -2.182903008004594], [-56.09860628654195, -2.0267505779101924], [-56.228613572854286, -2.0561604526364903], [-56.316754105947396, -2.140188666140208], [-56.36743491247593, -2.1373877256900826], [-56.41370869234981, -2.1759006568792856], [-56.52682237648596, -2.139488431027676], [-56.58558273188136, -2.176600891991818], [-56.62451146733082, -2.1660973653038518], [-56.619369936233724, -2.0701651548871105], [-56.644343087276766, -2.040755280160809], [-56.59806930740289, -1.876900263828567], [-56.659767680568066, -1.8453896837646724], [-56.67372326497447, -1.757860294698304], [-56.72734208927278, -1.7270499497469416], [-56.74864271810361, -1.6080099806166785], [-56.91831324430784, -1.647923382030939], [-57.000577741861406, -1.549890466276608], [-57.146744125907475, -1.4959723626117238], [-57.1438061081377, -1.4231479109085043], [-57.2370881723279, -1.4329512024839346], [-57.328901227633224, -1.3398199325173223], [-57.42879383180541, -1.347522518755163], [-57.55365958702065, -1.1262482231953754], [-57.67852534223587, -1.0814331759933964], [-57.715250564358, -0.9890021411393093], [-57.757851822019674, -0.9890021411393093], [-57.769603893098754, -0.9497889748375741], [-57.9826101814071, -0.842653002620338], [-58.00023828802571, -0.7922360745181081], [-58.20296151413986, -0.8076412469937893], [-58.31754420716089, -0.6157768261603067], [-58.346189880416155, -0.48203191966689474], [-58.52173644215992, -0.4330154617897293], [-58.44828599791567, -0.36089124519904203], [-58.47399365340116, -0.3321816055852693], [-58.44094095349124, -0.2943689095085986], [-58.588576346422194, -0.2719613859076091], [-58.71491111052231, -0.12211107182598369], [-58.71491111052231, -0.06609226282350278], [-58.836838847967776, -0.07519531928640788], [-58.823617768003814, -0.03318121253455075], [-58.894864698920735, -0.010773688933561232], [-58.895599203363176, 1.2279422251337095], [-58.82141425467648, 1.1712231810187035], [-58.7163801194072, 1.241246692271794], [-58.71050408386766, 1.2895629150364343], [-58.49602878667443, 1.26785562654797], [-58.47179014007383, 1.3742913636526808], [-58.504842839983745, 1.4030010032664464], [-58.504842839983745, 1.4646216931691711], [-58.38585312030805, 1.470223574069422], [-58.38952564252026, 1.535345439534801], [-58.332234296009744, 1.5906640134247425], [-58.23307619628, 1.547249436447828], [-58.160360256478185, 1.5598536684733801], [-58.1295110698956, 1.4989332136831877], [-58.027414952396086, 1.508736505258625], [-57.978937659194884, 1.5724579004989394], [-57.98114117252221, 1.6592870544527756], [-57.926787843781455, 1.6445821170896266], [-57.819550195184846, 1.6837952833913619], [-57.79237353081447, 1.7265096252557512], [-57.650614173423065, 1.6823948131662974], [-57.534562471517134, 1.7083035123299481], [-57.450828965078685, 1.806336428084279], [-57.43320085846007, 1.9057698140636745], [-57.364891945312905, 1.9260766323270744], [-57.34579482980941, 1.9799947359919585], [-57.27748591666224, 1.9827956764420804], [-57.25324727006164, 1.948484155928064], [-57.086514761627186, 2.026210253419002], [-57.06374512391146, 1.9561867421659045], [-57.000577741861406, 1.907170284288739], [-56.91978225319272, 1.9302780430022608], [-56.801527037959474, 1.874259233999787], [-56.71632452263614, 1.9260766323270744], [-56.67372326497447, 1.9127721651889829], [-56.621573449561055, 1.945683215477942], [-56.57970669634182, 1.9057698140636745], [-56.48275210993941, 1.9540860368283148], [-56.33511671700846, 1.9372803941275691], [-56.241834652818255, 1.8798611149000308], [-56.152959615282704, 1.8910648767005256], [-56.09860628654195, 1.8469500646110788], [-55.95464341582321, 1.8483505348361362], [-55.90396260929468, 1.8882639362504037], [-55.935546300319714, 1.9968003786927042], [-55.90175909596735, 2.0297114289816562], [-56.00312070902442, 2.1676577461502546], [-56.056005028880286, 2.189365034638712], [-56.04278394891632, 2.227877965827915], [-56.132393490894316, 2.263589956566996], [-56.09052673767509, 2.3721263990092964], [-56.05086349778319, 2.335013938045158], [-56.022952328970376, 2.34761817007071], [-55.97814755798137, 2.5275785939911657], [-55.76661027855792, 2.4554543774004784], [-55.71813298535672, 2.4022365088481266], [-55.49998516595127, 2.4435503804874514], [-55.38540247293024, 2.41834191643634], [-55.320031577552854, 2.515674597078146], [-55.23482906222952, 2.5037706001651188], [-55.12318438697825, 2.567491995405433], [-55.103352767032305, 2.525477888653576], [-55.003460162860115, 2.591299989231487], [-54.954248365216465, 2.5835974029936466], [-54.8719838676629, 2.433747088912021], [-54.744180094677894, 2.471559784988692], [-54.684685234840046, 2.4470515560501056], [-54.69203027926447, 2.361622872321334], [-54.661915597124334, 2.3273113518073174], [-54.601686232844045, 2.3371146433827477], [-54.436422733294464, 2.2096718529021118], [-54.18889473619133, 2.1788615079507494], [-53.975153943440546, 2.2320793765031013], [-53.94210124353063, 2.278294893930145], [-53.741581530743815, 2.3749273394594184], [-53.74892657516824, 2.3126064144441614], [-53.54987587126631, 2.257988075666752], [-53.472752904809845, 2.2565876054416876], [-53.35963922067369, 2.3490186402957747], [-53.323648502994004, 2.346917934958178], [-53.229631934361365, 2.2621894863419385], [-53.278843732005015, 2.1858638590760577], [-53.08420005475774, 2.2124727933522337], [-52.98797997279776, 2.168357981262787], [-52.90424646635931, 2.1886647995261868], [-52.84254809319414, 2.290899125955704], [-52.66039099146839, 2.374227104346886], [-52.564905413950854, 2.516374832190671], [-52.52744568738628, 2.582196932768582], [-52.5553568561991, 2.6396162119961204], [-52.42020803878967, 2.8931013227323277], [-52.39009335664953, 2.8980029685200464], [-52.32766047904191, 3.0709610413151935], [-52.35116462120007, 3.122778439642481], [-52.32986399236924, 3.166893251731935], [-52.18883913942027, 3.3020386284504113], [-51.9890539310759, 3.6269477206647736], [-51.97289483334216, 3.705374053268244], [-51.9251520445834, 3.7221796959689826], [-51.92662105346828, 3.7669947431709687], [-51.79881728048328, 3.886734947413764], [-51.78265818274954, 3.963760809792163], [-51.65632341864942, 4.05409113930866], [-51.623270718739505, 4.225648741878743], [-51.67909305636514, 4.36639599949747], [-51.63796080758836, 4.508543727341255], [-51.394105332697436, 4.364995529272406], [-51.21635525762633, 4.1500233497254015], [-51.1796300355042, 3.919645997702716], [-51.08047193577447, 3.8846342420761673], [-51.109117609029724, 3.450488472306972], [-51.0327291470157, 3.2138090042715106], [-51.044481218094774, 3.133982201442983], [-50.95413717167435, 2.837082513729854], [-50.88729726741207, 2.7460519491008313], [-50.816784840937586, 2.5030703650525865], [-50.77051106106371, 2.453353672062889], [-50.68383953685549, 2.1438497523242006], [-50.423824964230825, 1.8042357227466894], [-50.15866886050907, 1.8112380738719978], [-49.920689421157675, 1.6879966940665483], [-49.875884650168686, 1.4233078215298463], [-49.90453032342394, 1.2958650310492104], [-49.88984023457509, 1.0136702806992375], [-49.98899833430484, 0.9394453587709535], [-49.98826382986239, 0.8750237284181068], [-50.09770499178633, 0.7671875210883385], [-50.22036723367424, 0.7433795272622845], [-50.21375669369226, 0.6558501381959161], [-50.13369570946602, 0.6194379123443028], [-50.07273184074329, 0.6355433199325162], [-50.02792706975429, 0.5676205140170154], [-50.07713886739794, 0.4632854822499013], [-50.17262444491547, 0.39746338167199013], [-50.167482913818375, 0.3400441024444518], [-49.99267085651705, 0.3386436322193873], [-49.98018428099553, 0.3603509207078517], [-49.88910573013265, 0.322538224631181], [-49.82814186140992, 0.355449274920133], [-49.80757573702152, 0.33234151620661123], [-49.582082873191666, 0.41847043504792225], [-49.50349089785031, 0.37155468250834645], [-49.48880080900146, 0.3344422215442009], [-49.63349818416265, 0.24131095157758864], [-49.69960358398247, 0.15028038694855894], [-49.63202917527776, 0.07465499479521753], [-49.479252251249704, 0.08095711080799362], [-49.369811089325765, 0.037542533831079083], [-49.358793522689126, -0.026178861409242415], [-49.43885450691537, -0.1263124825011701], [-49.37862514263508, -0.19073411285401676], [-49.19646804090932, -0.13121412828888168], [-49.13697318107148, -0.16832658925302724], [-49.017248956953345, -0.1599237679026544], [-48.9180908572236, -0.22994727915575197], [-48.810118704184546, -0.2145421066800708], [-48.711695108897246, -0.25165456764420924], [-48.428910898556865, -0.22714633870562295], [-48.37455756981612, -0.30277173085897147], [-48.473715669545854, -0.5268469668688738], [-48.506033865013336, -0.8104421874439112], [-48.4744501739883, -0.8741635826842327], [-48.40981378305336, -0.9056741627481273], [-48.293762081147435, -0.919678864998744], [-48.051375615141396, -0.6591914031372283], [-47.977190666454696, -0.6865005725259365], [-47.86995301785808, -0.5611584873828903], [-47.851590406797015, -0.6689946947126586], [-47.80972365357779, -0.5842662460964121], [-47.756104829279494, -0.6059735345848765], [-47.77152942257078, -0.5639594278330193], [-47.703955013866064, -0.5345495531067144], [-47.63270808294914, -0.60177212390969], [-47.631239074064254, -0.7061071556768042], [-47.586434303075265, -0.6381843497612962], [-47.58863781640259, -0.5758634247460463], [-47.53134646989207, -0.616477061272839], [-47.50123178775193, -0.7096083312394583], [-47.4696480967269, -0.6935029236512449], [-47.47405512338155, -0.5919688323342527], [-47.42117080352568, -0.5849664812089443], [-47.426312334622786, -0.6570906977996316], [-47.39546314804019, -0.6535895222369774], [-47.386649094730885, -0.604573064359812], [-47.316136668256405, -0.5919688323342527], [-47.26178333951565, -0.6479876413367336], [-47.26178333951565, -0.6241796475106796], [-47.21844757741154, -0.6325824688610524], [-47.20889901965979, -0.6963038641013668], [-47.17070478865278, -0.675997045837974], [-47.16042172645858, -0.762125964679278], [-47.12149299100913, -0.675997045837974], [-47.092112813311424, -0.6738963405003773], [-47.06346714005616, -0.7943367798557048], [-47.008379306872975, -0.7691283158045863], [-46.97532660696306, -0.7040064503392074], [-46.94594642926536, -0.7313156197279156], [-46.97018507586596, -0.7677278455795289], [-46.94227390705315, -0.8594586453210837], [-46.862212922826906, -0.7418191464158781], [-46.835770762898974, -0.7467207922035968], [-46.833567249571644, -0.8258473599195923], [-46.79610752300708, -0.8706624071215785], [-46.665365732252305, -0.7915358394055758], [-46.5963223146627, -0.8419527675078058], [-46.63451654566972, -0.8958708711726899], [-46.65214465228834, -1.110142815607162], [-46.616153934608654, -1.1829672673103886], [-46.63525105011216, -1.2263818442873031], [-46.54857952590394, -1.335618521842136], [-46.824018691819894, -1.543588350263832], [-46.79316950523731, -1.716546423058979], [-46.84752283397806, -1.7158461879464468], [-46.84458481620828, -1.9000080225420888], [-46.50010223270273, -2.3817697799633883], [-46.43913836398, -2.4132803600272794], [-46.42958980622825, -2.536521739832729], [-46.4736600727748, -2.5463250314081627], [-46.506712772684715, -2.617048777773789], [-46.62202997014819, -2.6450581822750294], [-46.67124176779184, -2.705978637065222], [-46.58971177468072, -2.8460256595714135], [-46.67344528111917, -2.8929414121109893], [-46.64773762563368, -2.9699672744893917], [-46.67344528111917, -3.0672999551311975], [-46.749833743133195, -3.1247192343587358], [-46.72265707876282, -3.1590307548727523], [-46.815204638510586, -3.311682009404503], [-46.92684931376185, -3.37610363975735], [-46.96945057142352, -3.5126494867008873], [-47.03849398901312, -3.564466885028178], [-47.02967993570381, -3.6821063839333803], [-46.984140660272374, -3.7255209609102984], [-46.912159224913, -4.04062676154923], [-47.02967993570381, -4.220587185469686], [-47.07301569780792, -4.236692593057899], [-47.08844029109922, -4.303214928748339], [-47.057591104516625, -4.368336794213718], [-46.99956525356366, -4.427156543666321], [-46.933459853743834, -4.442561716142002], [-46.81153211629837, -4.37533914533903], [-46.739550680939004, -4.383041731576871], [-46.53903096815219, -4.269603643346855], [-46.43326232844046, -4.130256855953192], [-46.26873333333333, -3.9895095983344717], [-46.22539757122922, -4.009816416597868], [-46.212910995707695, -4.049729818012132], [-46.298848015473475, -4.243694944183208], [-46.22319405790189, -4.390744317814711], [-46.23274261565364, -4.445362656592124], [-46.15929217140939, -4.560201215047201], [-46.22833558899899, -4.62322237517499], [-46.201893429071056, -4.7527658709932155], [-46.115221904862835, -4.80038185864532], [-46.089514249377345, -4.854299962310204], [-46.017532814017976, -4.853599727197675], [-46.07041713387384, -5.000649100829175], [-46.19087586243442, -5.072073082307334], [-46.348059813117125, -5.29614831831724], [-46.30766206878278, -5.361270183782619], [-46.20556595128327, -5.325558193043541], [-46.187203340222204, -5.270939854266125], [-45.98594912299295, -5.289145967191931], [-45.93233029869464, -5.312953961017982], [-46.00137371628424, -5.361970418895151], [-45.886056518820766, -5.443897927061272], [-45.84051724338932, -5.411687111884849], [-45.7986504901701, -5.448799572848991], [-45.7398901347747, -5.402584055421947], [-45.710509957076994, -5.590247065580243], [-45.60767933513503, -5.776509605513478], [-45.48207907547736, -5.621057410531606], [-45.426991242294164, -5.603551532718331], [-45.52321132425414, -5.509019792526651], [-45.42111520675463, -5.446698867511397], [-45.48354808436224, -5.297548788542301], [-45.46004394220408, -5.268839148928532], [-45.369699895783654, -5.28004291072903], [-45.3395852136435, -5.246431625327542], [-45.330771160334194, -5.121789775297032], [-45.125109916450285, -5.123190245522093], [-45.02081028562344, -5.208618929250871], [-44.93487326585766, -5.021656154205104], [-44.86950237048028, -5.044763912918626], [-44.855546786073866, -5.10638460282135], [-44.7629992263261, -5.181309759862163], [-44.92605921254835, -5.387178882946266], [-44.96572245244025, -5.512520968089309], [-44.92459020366346, -5.789113837539038], [-45.182401262960795, -5.877343461717938], [-45.271276300496346, -5.995683195735669], [-45.29551494709695, -5.920057803582324], [-45.415973675657526, -5.9389641516206595], [-45.52468033313903, -6.0012850766359165], [-45.562140059703594, -6.076910468789261], [-45.83904823450444, -6.3016859399117], [-45.84051724338932, -6.599986097849886], [-45.94775489198594, -6.67421101977817], [-45.85080030558352, -6.721126772317742], [-45.746500674756675, -6.700119718941814], [-45.57315762634023, -6.819859923184609], [-45.40054908236624, -6.757538998169352], [-45.321957107024886, -6.781346991995406], [-45.331505664776635, -6.820560158297138], [-45.27788684047833, -6.940300362539933], [-45.24409963612597, -6.955705535015614], [-45.27421431826612, -7.0103238737930305], [-45.26393125607192, -7.090150676621558], [-45.64513906169961, -7.606223954556874], [-45.53790141310299, -7.596420662981441], [-45.45563691554943, -7.669945349797192], [-45.538635917545434, -7.861809770630675], [-45.52027330648437, -7.884917529344197], [-45.577564652994894, -8.029866197638107], [-45.58344068853443, -8.15660875300621], [-45.66350167276067, -8.250440258085359], [-45.84051724338932, -8.716096607918445], [-45.93820633423418, -8.786820354284075], [-46.1335845159239, -8.836537047273772], [-46.261388288908904, -8.801525291647224], [-46.287095944394395, -8.758110714670305], [-46.39359908854856, -8.890455150938656], [-46.50377475491494, -8.93036855235292], [-46.54049997703707, -9.057811342833553], [-46.61395042128133, -9.087221217559854], [-46.606605376856905, -9.15024237768764], [-46.666834741137194, -9.276984933055743], [-46.616888439051095, -9.356811735884275], [-46.63304753678483, -9.411430074661688], [-46.75864779644251, -9.381319964822858], [-46.84678832953561, -9.292390105531425], [-46.81961166516524, -9.211863067590365], [-46.93052183597406, -9.10612756559819], [-46.912159224913, -9.083019806884668], [-47.057591104516625, -9.052909697045838], [-46.97018507586596, -8.914263144764707], [-46.99295471358168, -8.87855115402563], [-46.91803526045254, -8.856843865537169], [-46.92611480931941, -8.735002955956784], [-46.887186073869955, -8.686686733192147], [-46.91656625156766, -8.648173802002944], [-46.90261066716125, -8.58655311210022], [-46.84605382509317, -8.534035478660396], [-47.02967993570381, -8.502524898596505], [-47.12516551322134, -8.460510791844644], [-47.167032266440565, -8.393288221041672], [-47.13985560207019, -8.291754129724684], [-47.06787416671082, -8.27354801679888], [-47.043635520110215, -8.231533910047023], [-47.01498984685496, -8.058575837251876], [-47.240482710684816, -7.813493547866038], [-47.429984856835, -7.547404205104275], [-47.56219565647466, -7.727364629024731], [-47.48213467224842, -7.767278030438995], [-47.50123178775193, -7.912226698732905], [-47.4645065656298, -7.970346213072975], [-47.55485061205023, -7.991353266448904], [-47.654743216222414, -7.911526463620373], [-47.71423807606027, -7.814894018091103], [-47.719379607157364, -7.6972545191859005], [-47.89492616890113, -7.793186729602642], [-47.95442102873898, -7.925531165870993], [-47.8839086022645, -8.073981009727557], [-47.902271213325555, -8.165711809469112], [-47.8684840089732, -8.254641668760545], [-47.71570708494515, -8.452107970494275], [-47.62536303852471, -8.435302327793533], [-47.472586114496664, -8.486419491008292], [-47.288225499443584, -8.454908910944397], [-47.25076577287902, -8.479417139882983], [-47.32495072156571, -8.643972391327758], [-47.303650092734884, -8.746206717757278], [-47.40427720134951, -8.794522940521915], [-47.37048999699715, -8.851942219749453], [-47.2867564905587, -8.8281342259234], [-47.217713072969104, -8.859644805987294], [-47.26104883507321, -9.182453192864067], [-47.34625135039654, -9.286788224631177], [-47.411622245773934, -9.235671061416419], [-47.46817908784201, -9.244073882766788], [-47.65400871177998, -9.35541126565921], [-47.72452113825446, -9.319699274920133], [-47.685592402805, -9.276284697943215], [-47.684857898362566, -9.183853663089128], [-47.61728348965785, -9.140439086112206], [-47.61140745411831, -9.027701232994723], [-47.47332061893911, -8.797323880972037], [-47.559257638704885, -8.837937517498833], [-47.684857898362566, -8.800124821422163], [-47.680450871707905, -8.699991200330235], [-47.85746644233656, -8.746206717757278], [-47.92357184215639, -8.73360248573172], [-47.94340346210234, -8.686686733192147], [-48.01758841078903, -8.650974742453066], [-48.10425993499726, -8.658677328690906], [-48.132905608252514, -8.54383877023583], [-48.15494074152579, -8.5816514663125], [-48.26952343454683, -8.550841121361138], [-48.294496585589876, -8.430400682005814], [-48.26511640789218, -8.361777640977781], [-48.332690816596894, -8.238536261172332], [-48.295965594474765, -8.146105226318245], [-48.426707385229534, -8.125098172942316], [-48.45314954515747, -8.065578188377184], [-48.45168053627258, -7.882116588894075], [-48.49795431614646, -7.852706714167773], [-48.5589181848692, -7.678348171147565], [-48.7058190733577, -7.5796150202806984], [-48.757968888771124, -7.604123249219281], [-48.74107528659495, -7.642636180408484], [-48.80571167752989, -7.863210240855739], [-48.849047439634006, -7.88701823468179], [-48.90560428170208, -7.849205538605119], [-49.05397417907547, -7.882116588894075], [-49.16708786321162, -7.8562078897304275], [-49.16047732322964, -7.791086024265049], [-49.34263442495539, -7.655940647546572], [-49.37789063819264, -7.4962870418895164], [-49.26404244961404, -7.363942605621162], [-49.24127281189833, -7.480881869413835], [-49.20234407644887, -7.503289393014825], [-49.01137292141381, -7.499788217452171], [-48.951878061575954, -7.440268232887039], [-48.92470139720558, -7.480881869413835], [-48.883569148428805, -7.4444696435622255], [-48.80277365976012, -7.4444696435622255], [-48.78734906646883, -7.484383044976489], [-48.636775655768105, -7.4962870418895164], [-48.59197088477911, -7.562809377579956], [-48.59050187589422, -7.4458701137872865], [-48.48106071397028, -7.450071524462473], [-48.43405242965396, -7.503989628127357], [-48.331221807712005, -7.4458701137872865], [-48.085897323936194, -7.547404205104275], [-48.10646344832459, -7.481582104526364], [-48.0462340840443, -7.3583407247209145], [-48.096180386130385, -7.209190645751821], [-48.07855227951177, -7.170677714562618], [-48.1395161482345, -7.122361491797982], [-48.18064839701128, -7.1272631375857], [-48.184320919223495, -7.015225519580746], [-48.29302757670499, -6.941000597652465], [-48.305514152226515, -7.11956055134786], [-48.42744188967198, -7.151771366524283], [-48.48767125395227, -7.2126918213144755]]], [[[-50.425293973115714, 1.8672568828744716], [-50.521514055075684, 2.00520320004307], [-50.50388594845707, 2.094133059334503], [-50.40546235316976, 2.111638937147781], [-50.31732182007666, 1.9477839208155316], [-50.36726812216275, 1.8896644064754682], [-50.425293973115714, 1.8672568828744716]]], [[[-50.46275369968028, 2.1823626835134036], [-50.422355955345935, 2.118641288273089], [-50.50755847066928, 2.099734940234754], [-50.55015972833094, 2.151552338562041], [-50.46275369968028, 2.1823626835134036]]], [[[-48.881365635101474, -0.20333834487957603], [-48.94747103492131, -0.2054390502171657], [-48.92984292830268, -0.16062400301518664], [-48.88724167064102, -0.15292141677734605], [-48.881365635101474, -0.20333834487957603]]], [[[-49.502756393407864, 0.11736933665960692], [-49.47704873792238, 0.14817968161096928], [-49.45060657799445, 0.11736933665960692], [-49.502756393407864, 0.11736933665960692]]], [[[-49.677568450709195, 0.15588226784880987], [-49.62615313973822, 0.1901937883628264], [-49.61513557310158, 0.15308132739868796], [-49.653329804108594, 0.14467850604831511], [-49.677568450709195, 0.15588226784880987]]], [[[-49.57620683765212, 0.21960366308912427], [-49.61807359087135, 0.1992968448257315], [-49.60191449313761, 0.24271142180264604], [-49.57620683765212, 0.21960366308912427]]]]}}, {"type": "Feature", "properties": {"regiao": 5}, "geometry": {"type": "Polygon", "coordinates": [[[-52.197653192729575, -10.393159702430093], [-52.14403436843128, -10.270618557737176], [-52.174883555013864, -10.258014325711617], [-52.31590840796283, -10.344843479665457], [-52.481906411954846, -10.323836426289528], [-52.5017380319008, -10.350445360565704], [-52.736044949039965, -10.396660877992748], [-52.86899025312207, -10.385457116192253], [-52.983572946143106, -10.316133840051688], [-52.95419276844541, -10.273419498187298], [-52.996059521664634, -10.084356017803941], [-52.775708188931866, -9.832271377292795], [-52.65671846925618, -9.781854449190565], [-52.6192587426916, -9.68242106321117], [-53.13341185240139, -9.645308602247031], [-53.112845728013, -9.552177332280412], [-53.05702339038736, -9.53047004379195], [-53.042333301538505, -9.477252175239599], [-52.995325017222186, -9.475151469902006], [-52.922609077420375, -9.380619729710325], [-52.97255537950647, -9.210462597365304], [-53.08493455920018, -9.115930857173623], [-53.01589114161058, -9.064113458846332], [-53.055554381502475, -8.95417654617897], [-52.99238699945242, -8.850541749524389], [-53.03719177044141, -8.728700839944004], [-53.006342583858824, -8.70489284611795], [-52.93215763517213, -8.730101310169065], [-52.92921961740235, -8.629267453964609], [-52.896901421934885, -8.627866983739544], [-52.88808736862558, -8.583051936537565], [-52.945378715136094, -8.486419491008292], [-52.95492727288784, -8.441604443806309], [-52.91673304188083, -8.413595039305072], [-52.94097168848144, -8.3463724685021], [-52.99091799056753, -8.307159302200365], [-52.92554709519015, -8.162910869018987], [-53.06583744369667, -7.912226698732905], [-52.996059521664634, -7.796687905165296], [-53.167933561196186, -7.553706321117055], [-53.092279603624604, -7.4773806938511775], [-53.12459779909207, -7.4458701137872865], [-53.120190772437425, -7.3954531856850565], [-53.178216623390384, -7.380748248321908], [-53.16573004786886, -7.3569402544958535], [-53.31556895412714, -7.202888529739042], [-53.253870580961966, -7.114658905560141], [-53.31703796301203, -7.027829751606305], [-53.278843732005015, -6.965508826591048], [-53.31189643191493, -6.91579213360135], [-53.24726004097998, -6.786948872895653], [-53.42794813382085, -6.673510784665638], [-53.44924876265168, -6.686115016691193], [-53.46687686927031, -6.610489624537852], [-53.44190371822725, -6.561473166660683], [-53.3735948050801, -6.59368398183711], [-53.29647183862363, -6.458538605118633], [-53.237711483228225, -6.50055271187049], [-53.1818891456026, -6.458538605118633], [-53.21273833218518, -6.424227084604617], [-53.19143770335435, -6.400419090778563], [-53.226693916591586, -6.294683588786388], [-53.26048112094395, -6.28908170788614], [-53.30675490081783, -6.165840328080691], [-53.351559671806825, -6.1721424440934705], [-53.36918777842544, -6.058004120750926], [-53.27076418313814, -6.019491189561723], [-53.278843732005015, -5.981678493485049], [-53.218614367724726, -5.942465327183317], [-53.14883644569268, -5.9375636813955985], [-53.109173205800786, -5.871741580817687], [-53.05922690371469, -5.88644651818084], [-52.97622790171868, -5.845132646541511], [-52.896166917492444, -5.705785859147852], [-52.83226503099994, -5.689680451559639], [-52.77130116227721, -5.722591501848594], [-52.69050567360853, -5.653968460820561], [-52.69197468249342, -5.516022143651963], [-52.64423189373465, -5.3962819394091674], [-52.65818747814106, -5.297548788542301], [-52.61191369826717, -5.242930449764888], [-52.52744568738628, -5.2296259826268], [-52.42608407432921, -5.154000590473455], [-52.37466876335823, -5.204417518575685], [-52.346023090102975, -5.180609524749631], [-52.29534228357444, -5.194614227000251], [-52.2843247169378, -5.257635387128037], [-52.11979572183067, -5.314354431243046], [-52.05075230424107, -5.151199650023333], [-51.44772415699573, -5.150499414910801], [-51.413202448200934, -5.125991185972218], [-51.4660867680568, -4.973339931440467], [-51.31184083514387, -4.7156534100290735], [-51.38455677494568, -4.548997453246706], [-51.35958362390264, -4.485276058006388], [-51.3830877660608, -4.454465713055026], [-51.32212389733806, -4.41175137119064], [-51.417609474855595, -4.081240398076027], [-51.38455677494568, -4.029422999748736], [-51.42348551039514, -3.9509966671452688], [-51.4073264126614, -3.9131839710685945], [-51.500608476851596, -3.8613665727413036], [-51.51750207902778, -3.7696357729997487], [-51.5645103633441, -3.798345412613518], [-51.59535954992669, -3.780139299687715], [-51.548351265610364, -3.69821179152159], [-51.58507648773249, -3.586174173516639], [-51.659995940861634, -3.5714692361534865], [-51.71434926960238, -3.5049469004630467], [-51.80175529825304, -3.5042466653505144], [-51.723897827354136, -3.4874410226497723], [-51.75033998728207, -3.4251200976345153], [-51.73418088954833, -3.3200848307548725], [-51.70186269408086, -3.249361084389246], [-51.63208477204881, -3.2528622599519004], [-51.60858062989065, -3.152028403747444], [-51.68423458746224, -3.1562298144226304], [-51.67027900305583, -3.1324218205965764], [-51.75107449172451, -3.1079135916579936], [-51.6783585519227, -3.010580911016188], [-51.62694324095172, -3.000777619440754], [-51.69378314521399, -2.8586298915969692], [-51.748136473954744, -2.8453254244588813], [-51.72022530514192, -2.796308966581716], [-51.50428099906381, -2.746592273592018], [-51.44919316588062, -2.76970003230554], [-51.39777785490965, -2.8894402365483316], [-51.16126742444314, -3.0189837323665607], [-51.146577335594294, -3.116316413008363], [-50.975437800505176, -3.1226185290211426], [-50.96588924275343, -3.1898410998241147], [-50.838819974210864, -3.3172838903047506], [-50.80870529207072, -3.495143608887613], [-50.48625784183844, -3.458031147923471], [-50.47597477964425, -3.3985111633583394], [-50.423090459788384, -3.413216100721492], [-50.362861095508094, -3.3845064611077227], [-50.24827840248706, -3.2430589683764666], [-50.2093496670376, -3.237457087476219], [-50.15646534718174, -3.300478247604005], [-50.11312958507763, -3.2696679026526425], [-50.006626440923455, -3.3312885925553672], [-49.9089373500786, -3.32568671165512], [-49.90306131453906, -3.367700818406977], [-49.8347524013919, -3.4041130442585867], [-49.80610672813664, -3.5329563049642836], [-49.898654287884405, -3.590375584191822], [-49.99781238761415, -3.7136169639972714], [-49.95814914772225, -3.7878418859255554], [-50.017644007560094, -3.904781149718225], [-50.1212091339445, -3.984607952546753], [-50.10872255842297, -4.077739222513372], [-50.88142123187254, -3.853663986503463], [-50.6735564746613, -4.208683188556659], [-50.81825384982247, -4.29481210739797], [-50.99380041156624, -4.271004113571916], [-50.99600392489357, -4.346629505725261], [-50.87995222298765, -4.447463361929717], [-50.90639438291558, -4.495779584694354], [-50.90639438291558, -4.675039773502281], [-50.93063302951619, -4.684142829965182], [-50.90639438291558, -4.728957877167165], [-50.940181587267936, -4.761868927456117], [-50.91227041845512, -4.86480348899817], [-50.85865159415681, -4.869004899673357], [-50.8549790719446, -4.941129116264044], [-50.92989852507374, -5.150499414910801], [-50.720564758977616, -5.1750076438493835], [-50.72350277674738, -5.217721985713773], [-50.766838538851495, -5.2240241017265525], [-50.754351963329974, -5.308052315230267], [-50.791811689894544, -5.315054666355575], [-50.78667015879745, -5.399783114971822], [-50.86379312525391, -5.422190638572815], [-50.87407618744811, -5.4915139147133765], [-50.95634068500168, -5.5405303725905455], [-50.952668162789465, -5.614055059406297], [-50.87848321410276, -5.6322611723321], [-50.84689952307774, -5.706486094260384], [-50.89904933849115, -5.694582097347357], [-50.94605762280747, -5.803818774902187], [-51.03126013813081, -5.76950725438817], [-51.086347971314005, -5.780711016188665], [-51.126011211205906, -5.918657333357263], [-51.17742652217688, -5.965573085896839], [-51.26336354194266, -5.994982960623137], [-51.357380110575306, -5.9669735561219], [-51.391901819370105, -6.055203180300801], [-51.34783155282355, -6.055203180300801], [-51.245735435324036, -6.1721424440934705], [-51.14878084892162, -6.216957491295453], [-50.97764131383251, -5.988680844610361], [-50.78446664547012, -5.9865801392727676], [-50.72276827230495, -5.954369324096341], [-50.71542322788052, -5.907453571556768], [-50.57586738381643, -5.918657333357263], [-50.45467415081342, -5.85633640834201], [-50.34376398000459, -5.86403899457985], [-50.24680939360217, -5.917256863132202], [-50.195394082631196, -5.882945342618186], [-50.105050036210756, -5.924259214257511], [-50.071262831858405, -5.892048399081087], [-50.05877625633688, -5.941765092070785], [-50.017644007560094, -5.945266267633439], [-50.01176797202056, -5.906753336444236], [-49.980918785437964, -5.920057803582324], [-49.93244149223676, -5.859837583904664], [-49.82593834808259, -5.8556361732294775], [-49.79215114373024, -5.78561266197638], [-49.75542592160811, -5.93056133027029], [-49.71870069948598, -5.945966502745971], [-49.51157044671718, -5.882945342618186], [-49.45721711797643, -5.901851690656521], [-49.47557972903749, -6.100718462615312], [-49.57326881988236, -6.259671833159839], [-49.51964999558405, -6.332496284863062], [-49.432978471375826, -6.330395579525469], [-49.410943338102555, -6.445234137980545], [-49.08335435677317, -6.842967681898131], [-49.20968912087329, -6.925595425176784], [-49.18618497871513, -7.196586413726266], [-49.028266523589984, -7.254005692953804], [-48.930577432745125, -7.229497464015218], [-48.685252948969314, -7.282015097455041], [-48.561856202638964, -7.2764132165547935], [-48.54422809602035, -7.311424972181342], [-48.42744188967198, -7.151771366524283], [-48.305514152226515, -7.11956055134786], [-48.29302757670499, -6.941000597652465], [-48.184320919223495, -7.015225519580746], [-48.18064839701128, -7.1272631375857], [-48.1395161482345, -7.122361491797982], [-48.07855227951177, -7.170677714562618], [-48.096180386130385, -7.209190645751821], [-48.0462340840443, -7.3583407247209145], [-48.10646344832459, -7.481582104526364], [-48.085897323936194, -7.547404205104275], [-48.331221807712005, -7.4458701137872865], [-48.43405242965396, -7.503989628127357], [-48.48106071397028, -7.450071524462473], [-48.59050187589422, -7.4458701137872865], [-48.59197088477911, -7.562809377579956], [-48.636775655768105, -7.4962870418895164], [-48.78734906646883, -7.484383044976489], [-48.80277365976012, -7.4444696435622255], [-48.883569148428805, -7.4444696435622255], [-48.92470139720558, -7.480881869413835], [-48.951878061575954, -7.440268232887039], [-49.01137292141381, -7.499788217452171], [-49.20234407644887, -7.503289393014825], [-49.24127281189833, -7.480881869413835], [-49.26404244961404, -7.363942605621162], [-49.37789063819264, -7.4962870418895164], [-49.34263442495539, -7.655940647546572], [-49.16047732322964, -7.791086024265049], [-49.16708786321162, -7.8562078897304275], [-49.05397417907547, -7.882116588894075], [-48.90560428170208, -7.849205538605119], [-48.849047439634006, -7.88701823468179], [-48.80571167752989, -7.863210240855739], [-48.74107528659495, -7.642636180408484], [-48.757968888771124, -7.604123249219281], [-48.7058190733577, -7.5796150202806984], [-48.66101430236871, -7.62302959725762], [-48.614006018052386, -7.62302959725762], [-48.51852044053486, -7.7357674503751035], [-48.49795431614646, -7.852706714167773], [-48.45168053627258, -7.882116588894075], [-48.45314954515747, -8.065578188377184], [-48.426707385229534, -8.125098172942316], [-48.378964596470766, -8.137702404967875], [-48.489874767279595, -8.2581428443232], [-48.540555573808135, -8.230133439821959], [-48.59564340699132, -8.284051543486843], [-48.636775655768105, -8.276348957249002], [-48.61620953137971, -8.293854835062277], [-48.63530664688322, -8.400290572166984], [-48.66762484235069, -8.282651073261782], [-48.78588005758394, -8.097789003553608], [-48.84831293519156, -8.130700053842563], [-48.979054725946334, -8.10619182490398], [-49.052505170190585, -8.08448453641552], [-49.10979651670111, -8.013060554937361], [-49.175901916520935, -8.009559379374707], [-49.28313956511755, -8.379283518791055], [-49.34924496493738, -8.418496685092787], [-49.41020883366011, -8.58025099608744], [-49.59236593538586, -8.839337987723894], [-49.68417899069118, -8.856843865537169], [-49.76791249712963, -8.933869727915575], [-49.90526482786639, -9.169848960838507], [-50.03747562750604, -9.289589165081303], [-50.105050036210756, -9.475151469902006], [-50.08962544291947, -9.545875216267632], [-50.2247742603289, -9.841374433755696], [-50.84616501863529, -9.800760797228904], [-50.84469600975041, -9.867283132919344], [-50.77051106106371, -9.995426158512508], [-50.609654588168794, -10.07525296134104], [-50.655928368042666, -10.202695751821672], [-50.56999134827689, -10.32453666140206], [-50.71983025453517, -10.306330548476254], [-50.79034268100966, -10.26641714706199], [-50.93650906505572, -10.264316441724397], [-50.98204834048716, -10.20829763272192], [-51.22516931093564, -10.286023730212857], [-51.29054020631303, -10.413466520693493], [-51.333875968417146, -10.428171458056642], [-51.26336354194266, -10.500995909759862], [-51.37207019942416, -10.644544107828708], [-51.354442092805535, -10.748879139595822], [-51.81717989154434, -10.72717185110736], [-51.83701151149029, -10.672553512329948], [-51.940576637874685, -10.65924904519186], [-51.965549788917734, -10.550012367637027], [-52.114654190733575, -10.547911662299438], [-52.18002508611096, -10.489091912846835], [-52.197653192729575, -10.393159702430093]]]}}, {"type": "Feature", "properties": {"regiao": 6}, "geometry": {"type": "MultiPolygon", "coordinates": [[[[-53.6894317153304, -22.940672683872357], [-53.94136673908819, -22.86294658638142], [-54.09120564534647, -22.757911319501773], [-54.42613967110027, -22.821632714742094], [-54.43201570663982, -22.958178561685628], [-54.47020993764683, -23.049909361427183], [-54.53117380636955, -22.97358373416131], [-54.68688874816738, -22.889555520657595], [-54.8132235122675, -22.87204964284432], [-54.97701800293218, -22.940672683872357], [-54.99611511843569, -22.90706139847087], [-55.07250358044972, -22.917564925158835], [-55.10555628035963, -22.892356461107717], [-55.13199844028756, -22.920365865608957], [-55.35161526857789, -22.708194626512075], [-55.46032192605938, -22.696290629599048], [-55.52569282143676, -22.764213435514556], [-55.553603990249584, -22.751609203488997], [-55.61383335452987, -22.692789454036394], [-55.62485092116651, -22.628367823683547], [-55.72327451645381, -22.552042196417673], [-55.7489821719393, -22.383285534297713], [-55.80333550068005, -22.372081772497218], [-55.84299874057194, -22.28735332388097], [-56.21245447512055, -22.276149562080477], [-56.31748861038983, -22.214528872177752], [-56.39240806351897, -22.080083730571808], [-56.51874282761909, -22.108793370185573], [-56.55620255418366, -22.195622524139416], [-56.65168813170119, -22.25724321404214], [-56.683271822726226, -22.220830988190528], [-56.84412829562115, -22.301358026131588], [-56.888198562167695, -22.245339217129114], [-56.946958917563094, -22.255842743817077], [-56.99690521964919, -22.222231458415592], [-57.10120485047604, -22.24884039269177], [-57.21358403016974, -22.224332163753182], [-57.23782267677035, -22.25164133314189], [-57.296583032165756, -22.22153122330306], [-57.375909511949544, -22.2292338095409], [-57.44495292953914, -22.187919937901576], [-57.58083625139102, -22.175315705876017], [-57.61315444685849, -22.110193840410638], [-57.6910119177574, -22.088486551922177], [-57.804860106335994, -22.1501072418249], [-57.8342402840337, -22.11929689687354], [-57.92972586155123, -22.11999713198607], [-57.942212437072754, -22.08288467102193], [-57.992158739158846, -22.09058725725977], [-58.00611432356526, -22.03106727269464], [-57.916504781587264, -21.876315312825298], [-57.95984054369137, -21.853207554111776], [-57.90842523272039, -21.774080986395777], [-57.940743428187865, -21.73276711475645], [-57.88345208167735, -21.68935253777953], [-57.942946941515196, -21.628432082989335], [-57.91430126825993, -21.595521032700383], [-57.96130955257625, -21.562609982411427], [-57.96057504813382, -21.510092348971604], [-57.86141694840407, -21.350438743314548], [-57.85480640842209, -21.31682745791306], [-57.92017730379948, -21.284616642736637], [-57.8533373995372, -21.2271973635091], [-57.866558479501165, -21.039534353350803], [-57.817346681857515, -20.9807146038982], [-57.833505779591256, -20.93659979180875], [-57.8636204617314, -20.948503788721776], [-57.928991357108785, -20.89528592016942], [-57.85921343507674, -20.8245621738038], [-57.893000639429104, -20.79095088840231], [-57.95984054369137, -20.79795323952762], [-57.93413288820588, -20.746135841200328], [-57.87316901948316, -20.751037486988047], [-57.87831055058025, -20.713925026023905], [-57.91356676381749, -20.670510449046986], [-57.98848621694663, -20.686615856635196], [-57.97012360588557, -20.64390151477081], [-58.01345936798968, -20.60818952403173], [-58.02006990797166, -20.51435801895258], [-57.99876927914083, -20.455538269499982], [-58.02447693462632, -20.400219695610033], [-58.07295422782752, -20.388315698697006], [-58.09058233444615, -20.284680902042425], [-58.16623629201773, -20.23636467927779], [-58.13171458322293, -20.20695480455149], [-58.148608185399105, -20.151636230661545], [-57.963513065903584, -20.02699438063103], [-57.90254919718085, -20.042399553106712], [-57.85921343507674, -19.97167580674109], [-58.13171458322293, -19.759504567644207], [-57.783559477505165, -19.034761226174666], [-57.697622457739385, -19.010953232348612], [-57.71965759101266, -18.89961584945619], [-57.76666587532898, -18.89961584945619], [-57.558066613675294, -18.240694608564556], [-57.4545014872909, -18.233692257439245], [-57.574225711409035, -18.131457931009727], [-57.721126599897545, -17.82895636239635], [-57.683666873332974, -17.809349779245487], [-57.782824973062716, -17.63709194156287], [-57.78502848639005, -17.57056960587243], [-57.75197578648013, -17.56426748985965], [-57.88345208167735, -17.449428931404572], [-57.9965657658135, -17.515251031982483], [-58.04357405012982, -17.49284350838149], [-58.05973314786356, -17.450829401629633], [-58.12069701658629, -17.44732822606698], [-58.15301521205376, -17.38360683082666], [-58.26465988730503, -17.345093899637458], [-58.39907420027202, -17.184039823755338], [-58.4005432091569, -16.997777283822103], [-58.47693167117093, -16.93685682903191], [-58.47840068005581, -16.814315684338993], [-58.43653392683659, -16.59304138877921], [-58.343986367088824, -16.518116231738396], [-58.35647294261035, -16.42568519688431], [-58.3072611449667, -16.370366622994364], [-58.32709276491265, -16.270233001902437], [-58.38879113807782, -16.261129945439535], [-58.430657891297045, -16.322750635342256], [-58.785423536996795, -16.308045697979107], [-58.796441103633434, -16.25062641875157], [-58.71491111052231, -16.14138974119674], [-58.69507949057636, -16.03215306364191], [-58.39099465140515, -15.885103690010407], [-58.310933667178915, -15.92361662119961], [-58.29257105611785, -15.9957408377903], [-58.24189024958931, -16.03355353386697], [-58.15154620316888, -16.044757295667466], [-58.15521872538109, -15.86479687174701], [-57.93560189709077, -15.797574300944039], [-57.965716579230914, -15.714246322552853], [-57.79898407079645, -15.773766307117985], [-57.81293965520287, -15.71774749811551], [-57.783559477505165, -15.640021400624573], [-57.843788841785454, -15.541988484870238], [-57.83203677070637, -15.509777669693815], [-57.92605333933902, -15.429250631752755], [-57.97232711921289, -15.4257494561901], [-57.966451083673356, -15.394939111238738], [-58.01860089908678, -15.358526885387128], [-58.12583854768339, -15.413145224164541], [-58.19120944306078, -15.387236525000898], [-58.27714646282655, -15.284301963458844], [-58.25804934732305, -15.23038385979396], [-58.27934997615388, -15.184168342366917], [-58.31827871160334, -15.179266696579202], [-58.332968800452186, -15.14215423561506], [-58.52173644215992, -15.09943989375067], [-58.5092498666384, -15.000006507771275], [-58.8544669545864, -15.000006507771275], [-58.85520145902884, -14.936985347643489], [-58.786158041439236, -14.81374396783804], [-58.75677786374154, -14.59387014250332], [-58.61869102856234, -14.828448905201192], [-58.479869688940695, -14.683500236907282], [-58.39246366029003, -14.710109171183458], [-58.40421573136911, -14.738818810797227], [-58.36234897814989, -14.782933622886677], [-58.297712587214946, -14.803940676262606], [-58.345455375973714, -14.919479469830215], [-58.31019916273647, -15.06932978391184], [-58.25364232066839, -15.108542950213575], [-58.25804934732305, -15.150557056965432], [-57.933398383763446, -15.237386210919272], [-57.83717830180347, -15.198173044617537], [-57.82322271739706, -15.14145400050253], [-57.67705633335099, -15.135852119602283], [-57.70056047550915, -15.027315677159983], [-57.7306751576493, -15.000006507771275], [-58.01786639464434, -15.000006507771275], [-58.060467652306, -14.923680880505401], [-58.12804206101072, -14.890069595103917], [-58.235279709607326, -14.912477118704906], [-58.2279346651829, -14.770329390861122], [-58.19120944306078, -14.72481410854661], [-58.00978684577747, -14.76332703973581], [-57.83203677070637, -14.85015619368965], [-57.78576299083249, -14.951690285006638], [-57.73508218430395, -14.976198513945224], [-57.76446236200165, -14.859959485265083], [-57.649145164538176, -14.729715754334325], [-57.53309346263225, -14.757725158835562], [-57.23782267677035, -14.644287070605547], [-57.170248268065635, -14.664593888868946], [-56.96679053750905, -14.525247101475284], [-56.949162430890425, -14.476230643598118], [-56.972666573048585, -14.411809013245271], [-56.88746405772525, -14.36069185003051], [-56.86689793333686, -14.263359169388707], [-56.938879368696234, -14.16462601852184], [-56.89040207549502, -14.147820375821098], [-56.728076593715215, -14.133815673570478], [-56.70897947821172, -14.196136598585735], [-56.60467984738487, -14.20103824437345], [-56.53710543868016, -14.261958699163646], [-56.57529966968717, -14.335483385979394], [-56.55253003197145, -14.392902665206933], [-56.48789364103651, -14.469928527585338], [-56.44602688781728, -14.45662406044725], [-56.38873554130676, -14.486734170286084], [-56.399018603500956, -14.53575062816325], [-56.52682237648596, -14.668795299544133], [-56.45704445445392, -14.68209976668222], [-56.45043391447194, -14.736718105459634], [-56.29839149488633, -14.766127980185935], [-56.205109430696126, -14.6680950644316], [-56.13826952643385, -14.651989656843387], [-56.10080979986928, -14.697504939157902], [-55.847405767226604, -14.648488481280733], [-55.82537063395333, -14.515443809899853], [-55.72841604755091, -14.458724765784844], [-55.69462884319856, -14.474830173373057], [-55.60648831010545, -14.44261935819663], [-55.430941748361676, -14.322178918841306], [-55.39054400402733, -14.33828432642952], [-55.308279506473774, -14.292769044115008], [-55.22160798226555, -14.28786739832729], [-55.20912140674403, -14.244452821350372], [-55.2414396022115, -14.239551175562653], [-55.20104185787716, -14.217843887074196], [-55.06883105823751, -14.205239655048636], [-55.027698809460716, -14.249354467138087], [-54.87565638987511, -14.211541771061416], [-54.80881648561284, -14.264759639613768], [-54.81469252115238, -14.29416951434007], [-54.708923881440654, -14.320078213503713], [-54.635473437196396, -14.40620713234502], [-54.5958101973045, -14.39850454610718], [-54.550270921873064, -14.476230643598118], [-54.44964381325843, -14.484633464948491], [-54.3989630067299, -14.531549217488063], [-54.37545886457174, -14.628181663017337], [-54.33065409358274, -14.640085659930364], [-54.33726463356473, -14.73251669478445], [-54.52823578859979, -14.779432447324023], [-54.49812110645964, -14.862760425715209], [-54.64796001271792, -14.91597829426756], [-54.844072698850084, -15.066528843461718], [-55.098945740377644, -15.106442244875982], [-55.33398716195926, -15.352925004486877], [-55.26567824881211, -15.403341932589107], [-55.30607599314645, -15.516079785706594], [-55.343535719711014, -15.48596967586776], [-55.4037650839913, -15.509077434581283], [-55.44269381944076, -15.613412466348397], [-55.381729950718025, -15.633719284611793], [-55.42506571282214, -15.663129159338094], [-55.397154544009325, -15.692539034064396], [-55.41331364174306, -15.761862310204961], [-55.386136977372686, -15.77026513155533], [-55.41037562397329, -15.819981824545028], [-55.36189833077208, -15.813679708532252], [-55.30240347093424, -15.853593109946516], [-55.30974851535866, -15.887904630460532], [-55.38246445516047, -15.883002984672814], [-55.41992418172504, -15.93131920743745], [-55.433145261689006, -15.965630727951467], [-55.371446888523835, -16.03985564987975], [-55.369977879638945, -16.086071167306795], [-55.51834777701234, -16.260429710327003], [-55.519082281454786, -16.30874593309164], [-55.350146259693, -16.31714875444201], [-55.25539518661791, -16.172900321260634], [-55.122449882535804, -16.096574693994757], [-54.95057584300425, -16.11968245270828], [-54.927071700846085, -16.055260822355432], [-54.94543431190715, -16.012546480491043], [-54.91238161199724, -15.983136605764741], [-54.95204485188914, -15.918014740299363], [-54.96306241852578, -15.77656724756811], [-55.015212233939195, -15.757660899529775], [-54.95204485188914, -15.486669910980293], [-54.90283305424549, -15.496473202555727], [-54.625190375002205, -15.37533252808787], [-54.44670579548867, -15.398440286801392], [-54.32184004027343, -15.333318421336013], [-54.26454869376291, -15.338220067123729], [-54.28144229593909, -15.42014757528985], [-54.35783075795311, -15.45445909580387], [-54.43054669775493, -15.559494362683512], [-54.3644412979351, -15.598007293872715], [-54.20358482504018, -15.532185193294804], [-54.22488545387101, -15.644222811299759], [-54.194036267288425, -15.640721635737105], [-54.183753205094234, -15.67573339136365], [-54.04419736103014, -15.61551317168599], [-54.033179794393504, -15.468463798054486], [-54.058152945436554, -15.39143793567608], [-54.034648803278394, -15.334018656448542], [-53.874526834825915, -15.248589972719767], [-53.73276747743451, -15.343121712911447], [-53.484504975888925, -15.380934408988118], [-53.44337272711214, -15.346622888474101], [-53.32144498966668, -15.365529236512437], [-53.255339589846855, -15.237386210919272], [-53.16573004786886, -15.217779627768405], [-53.04086429265362, -15.27449867188341], [-52.93876817515411, -15.268896790983163], [-52.73898296680974, -15.023114266484797], [-52.678019098087006, -14.861359955490144], [-52.603099644957865, -14.936985347643489], [-52.589878564993896, -15.049723200760972], [-52.52891469627117, -15.177165991241608], [-52.48998596082171, -14.905474767579594], [-52.34528858566053, -14.934184407193367], [-52.23951994594881, -14.822146789188412], [-52.090415544132966, -14.859959485265083], [-51.966284293360175, -14.772430096198715], [-51.91413447794676, -14.772430096198715], [-51.75988854503382, -14.598771788291035], [-51.69451764965643, -14.576364264690046], [-51.71949080069948, -14.371895611831004], [-51.747401969512296, -14.379598198068845], [-51.73344638510589, -14.42021183459564], [-51.77825115609488, -14.471328997810403], [-51.87447123805486, -14.502839577874294], [-52.0580973486655, -14.676497885781973], [-52.10437112853938, -14.68209976668222], [-52.213812290463316, -14.568661678452205], [-52.272572645858716, -14.580565675365232], [-52.33059849681168, -14.534350157938189], [-52.249068503700556, -14.423713010158295], [-52.17268004168653, -14.385900314081624], [-52.16900751947432, -14.317277273053591], [-51.99052293996078, -14.219244357299257], [-51.931028080122935, -14.217143651961663], [-51.83407349372052, -14.04138463871639], [-52.0874775263632, -13.924445374923721], [-52.03826572871955, -13.832014340069634], [-52.041938250931764, -13.757789418141353], [-51.97142582445727, -13.773194590617035], [-51.93690411566247, -13.74938659679098], [-51.895771866885696, -13.778096236404753], [-51.604173603236, -13.610740044509853], [-51.51676757458534, -13.607939104059728], [-51.48665289244519, -13.634548038335904], [-51.480042352463215, -13.570826643095586], [-51.45580370586261, -13.541416768369288], [-51.427892537049786, -13.569426172870525], [-51.41687497041315, -13.50010289672996], [-51.308168312931656, -13.365657755124015], [-51.341955517284006, -13.341149526185433], [-51.27658462190662, -13.307538240783948], [-51.27144309080953, -13.245217315768691], [-51.22370030205076, -13.240315669980976], [-51.2001961598926, -13.174493569403065], [-51.100303555720416, -13.078561358986324], [-51.111321122357054, -12.962322330306183], [-51.02685311147616, -12.918207518216732], [-51.023180589263944, -12.812472016224557], [-50.94532311836504, -12.692731811981766], [-50.89684582516382, -12.848884242076167], [-50.84249249642308, -12.892298819053089], [-50.73011331672937, -12.78446261172332], [-50.73452034338402, -12.733345448508562], [-50.68383953685549, -12.647916764779783], [-50.69999863458922, -12.59539913133996], [-50.6236101725752, -12.455352108833768], [-50.632424225884506, -12.268389333788004], [-50.681636023528156, -12.216571935460713], [-50.68677755462526, -12.035911276427726], [-50.63903476586649, -11.884660492121036], [-50.68604305018282, -11.858751792957392], [-50.717626741207845, -11.727107591801573], [-50.80576727430095, -11.814636980867942], [-50.89390780739406, -12.031009630640007], [-51.049622749191876, -12.124841135719155], [-51.197258142122834, -11.988295288775621], [-51.295681737410135, -12.042913627553034], [-51.134825264515214, -11.816037451093003], [-51.1553913889036, -11.788728281704294], [-51.33534497730203, -11.846847796044365], [-51.369132181654386, -11.743913234502315], [-51.284664170773496, -11.716604065113607], [-51.28539867521593, -11.668988077461503], [-51.389698306042774, -11.608767857783839], [-51.453600192535276, -11.676690663699343], [-51.721694314026806, -11.728508062026634], [-51.98464690442124, -11.727107591801573], [-52.02577915319802, -11.790128751929359], [-52.15578643951035, -11.74741441006497], [-52.25053751258544, -11.828641683118562], [-52.27624516807093, -11.778924990128864], [-52.38715533887976, -11.713803124663482], [-52.54433928956246, -11.670388547686564], [-52.58326802501192, -11.70470006820058], [-52.678753602529454, -11.673889723249218], [-52.960068803984946, -11.568154221257043], [-53.0628994259269, -11.454015897914498], [-53.08493455920018, -11.461718484152339], [-53.22375589882182, -11.267053122868731], [-53.31777246745447, -10.957549203130046], [-53.237711483228225, -10.871420284288739], [-53.12312879020719, -10.830806647761943], [-53.09815563916415, -10.77758877920959], [-53.31924147633935, -10.643143637603647], [-53.65931703319025, -10.51570084712301], [-53.925207641354454, -10.56471730500018], [-54.07725006094006, -10.450578981657632], [-54.24618608270185, -10.433073103844357], [-54.35122021797113, -10.45548062744535], [-54.42907768887004, -10.542309781399187], [-54.55467794852772, -10.606731411752037], [-54.60829677282602, -10.592726709501417], [-54.63988046385106, -10.537408135611471], [-54.672198659318525, -10.594127179726478], [-54.7977989189762, -10.620035878890125], [-54.88300143429954, -10.728572321332422], [-55.09306970483811, -10.71806879464446], [-55.111432315899165, -10.743977493808103], [-55.162113122427705, -10.723670675544707], [-55.23997059332662, -10.56611777522524], [-55.430941748361676, -10.431672633619296], [-55.465463457156474, -10.22860445098532], [-55.56976308798332, -10.126370124555798], [-55.591798221256596, -10.220901864747479], [-55.639541010015364, -10.248911269248715], [-55.80774252733471, -10.240508447898346], [-55.94215684030169, -10.381955940629599], [-56.020748815643046, -10.392459467317561], [-56.14488006641584, -10.25031173947378], [-56.20437492625368, -10.265016676836929], [-56.19702988182925, -10.201995516709143], [-56.10080979986928, -10.11166518719265], [-56.00312070902442, -10.124269419218205], [-55.89588306042781, -10.037440265264365], [-55.83198117393531, -9.736339166876053], [-55.733557578648, -9.788156565203344], [-55.67112470104039, -9.898793712983238], [-55.629257947821166, -9.881988070282492], [-55.574904619080414, -9.951311346423058], [-55.5572765124618, -10.057046848415233], [-55.41772066839771, -10.16348258551994], [-55.35161526857789, -10.18729057934599], [-55.24217410665395, -10.145976707706666], [-55.22968753113242, -10.186590344233462], [-55.15403357356084, -10.225803510535194], [-55.05560997827354, -10.129871300118452], [-54.91605413420945, -10.248211034136187], [-54.85729377881405, -10.239808212785814], [-54.65530505714234, -10.353946536128362], [-54.525297770830015, -10.38965852686744], [-54.43128120219737, -10.323836426289528], [-54.36223778460777, -10.325937131627121], [-54.268955720417566, -10.24260915323594], [-54.06182546764877, -10.232805861660506], [-54.11324077861975, -10.094859544491904], [-54.05741844099411, -9.997526863850101], [-54.00526862558069, -9.975119340249112], [-53.975153943440546, -9.888990421407804], [-53.94357025241552, -9.850477490218601], [-53.839270621588675, -9.840674198643168], [-53.83486359493402, -9.803561737679026], [-53.75186459293801, -9.743341518001362], [-53.76141315068976, -9.71043046771241], [-53.59982217335241, -9.649510012922214], [-53.58880460671577, -9.61099708173301], [-54.61343830392312, -9.536071924692198], [-54.671464154876084, -9.485654996589972], [-54.732428023598814, -9.316198099357479], [-54.77209126349071, -9.300092691769265], [-54.674402172645856, -9.18665460353925], [-54.68101271262783, -9.153043318137765], [-54.87418738099022, -9.063413223733804], [-55.111432315899165, -9.038204759682689], [-55.11877736032359, -8.986387361355398], [-55.1723961846219, -8.96678077820453], [-55.178272220161446, -8.842839163286548], [-55.24217410665395, -8.826733755698339], [-55.235563566671956, -8.781218473383824], [-55.2708197799092, -8.737803896406906], [-55.17680321127656, -8.701391670555296], [-55.089397182625895, -8.775616592483576], [-55.06883105823751, -8.718197313256038], [-55.17092717573702, -8.63206839441473], [-55.16578564463992, -8.552941826698731], [-55.20765239785914, -8.475215729207797], [-55.20030735343472, -8.282651073261782], [-55.23776707999929, -8.232934380272084], [-55.212793928956245, -8.14260405075559], [-55.127591413632906, -8.06207701281453], [-55.14448501580908, -8.004657733586992], [-55.063689527140404, -7.933233752108833], [-55.087928173741005, -7.877214943106356], [-55.00713268507233, -7.816994723428696], [-55.015212233939195, -7.751872857963313], [-55.11216682034161, -7.695153813848307], [-55.064424031582845, -7.525696916615814], [-55.14742303357885, -7.4906851609892655], [-55.176068706834116, -7.4577741107003135], [-55.15183006023351, -7.438867762661975], [-55.210590415628914, -7.398254126135182], [-55.199572848992275, -7.245602871603431], [-55.25245716884814, -7.159473952762124], [-55.2517226644057, -6.978813293729136], [-55.19369681345273, -6.891283904662767], [-55.220873477823105, -6.847869327685846], [-55.19002429124052, -6.6952180731540984], [-55.21352843339868, -6.642000204601743], [-55.25025365552081, -6.648302320614523], [-55.283306355430724, -6.5824802200366115], [-55.41478265062794, -6.471843072256721], [-55.6351339833607, -6.3899155640906], [-55.7196019942416, -6.294683588786388], [-55.78130036740677, -6.357704748914173], [-55.76514126967304, -6.413723557916651], [-55.89074152933071, -6.536264702609568], [-56.07436763994135, -6.6195926810007535], [-56.08685421546288, -6.684714546466132], [-56.1478180841856, -6.730229828780644], [-56.13973853531874, -6.8709770863993676], [-56.17499474855598, -6.933998246527153], [-56.21025096179322, -6.939600127427401], [-56.23302059950894, -7.254005692953804], [-56.20584393513857, -7.272211805879607], [-56.252852219454894, -7.320528028644244], [-56.22934807729673, -7.421361884848704], [-56.16911871301644, -7.489984925876737], [-56.17279123522865, -7.655240412434043], [-56.102278808754164, -7.870212591981048], [-56.116968897603016, -7.9185288147456845], [-56.0648190821896, -7.93743516278402], [-56.058208542207616, -7.992053501561433], [-56.15957015526469, -8.242037436734986], [-56.15957015526469, -8.405892453067231], [-56.191153846289716, -8.339370117376792], [-56.29398446823167, -8.309260007537958], [-56.340258248105556, -8.244138142072579], [-56.44088535672019, -8.312761183100612], [-56.47834508328475, -8.274948487023941], [-56.63479452952502, -8.249039787860298], [-56.631122007312804, -8.207025681108437], [-56.87057045554907, -8.047372075451381], [-56.94328639535088, -7.875114237768763], [-56.88379153551304, -7.801589550953015], [-56.988091166339885, -7.654540177321511], [-57.03656845954109, -7.646837591083671], [-57.06521413279635, -7.555106791342116], [-57.19522141910868, -7.496987277002045], [-57.20036295020578, -7.398254126135182], [-57.133523045943505, -7.265909689866831], [-57.06374512391146, -7.218293702214723], [-56.99690521964919, -7.089450441509026], [-56.89260558882235, -6.990717290642163], [-56.88526054439792, -6.8975860206755435], [-56.84412829562115, -6.849970033023439], [-56.88452603995548, -6.6686091388779225], [-56.83457973786939, -6.616091505438099], [-56.85661487114267, -6.577578574248896], [-56.83678325119672, -6.4872482447324025], [-56.72366956706057, -6.300285469686635], [-56.72587308038789, -6.190348557019277], [-56.754518753643154, -6.153936331167667], [-56.72366956706057, -6.072709058114075], [-56.59733480296045, -5.998484136185791], [-56.72734208927278, -5.965573085896839], [-56.914640722095626, -6.012488838436411], [-56.9711975641637, -5.990781549947954], [-56.96532152862416, -5.932662035607883], [-57.269406367795376, -5.81362206647762], [-57.320087174323916, -5.7232917369611265], [-57.278954925547126, -5.62455858609426], [-57.35754690088848, -5.619656940306545], [-57.44495292953914, -5.55803625040382], [-57.52134139155317, -5.545432018378261], [-57.64473813788352, -5.636462583007287], [-57.7255336265522, -5.6224578807566665], [-57.71451605991556, -5.547532723715854], [-57.757851822019674, -5.581144009117342], [-57.82101920406973, -5.55803625040382], [-57.86068244396163, -5.600750592268209], [-56.95577297087241, -3.6582983901073263], [-56.88746405772525, -3.70451390753437], [-56.90656117322876, -3.745127544061166], [-56.877180995531056, -3.918785851968842], [-56.82356217123275, -3.954497842707923], [-56.825031180117634, -4.009816416597868], [-56.75231524031582, -4.024521353961017], [-56.70897947821172, -4.245795649520801], [-56.65242263614364, -4.249997060195987], [-56.62818398954303, -4.301814458523278], [-56.55179552752901, -4.2773062295846955], [-56.532698412025496, -4.175772138267707], [-56.46806202109056, -4.128856385728131], [-56.360824372493944, -4.133758031515846], [-56.31087807040785, -4.172270962705049], [-56.23816213060604, -4.155465320004307], [-56.15516312861003, -3.983207482321692], [-56.03837692226166, -3.9103830306184726], [-56.01120025789129, -3.8550644567285275], [-55.897352069312696, -3.9348912595570553], [-55.867971891615, -3.9152846764061877], [-55.82683964283821, -4.017519002835709], [-55.74310613639976, -4.003514300585088], [-55.654231098864216, -4.09104368965146], [-55.574904619080414, -4.005615005922682], [-55.56462155688622, -4.141460617753687], [-55.53156885697631, -4.154064849779246], [-55.31709355978308, -4.077739222513372], [-55.29946545316446, -4.0007133601349665], [-55.3259076130924, -3.9250879679816215], [-55.14668852913641, -3.8662682185290222], [-55.09306970483811, -3.8725703345417983], [-55.073238084892154, -3.937692200007181], [-55.01815025170897, -3.9215867924189673], [-55.01594673838164, -3.8585656322911817], [-54.94396530302227, -3.808848939301484], [-54.916788638651894, -3.6001788757672557], [-54.89475350537862, -3.5630664148031173], [-54.83378963665589, -3.5560640636778054], [-54.832320627771, -2.6611635898632393], [-54.7390385635808, -2.6499598280627445], [-54.71773793474996, -2.593941019060267], [-54.625190375002205, -2.620549953336443], [-54.4819620087259, -2.7788030887684414], [-54.366644811262425, -2.7872059101188142], [-54.33065409358274, -2.8740350640726504], [-54.294663375903056, -2.8866392960982097], [-54.22488545387101, -3.075002541369038], [-54.24912410047162, -3.2661667270899883], [-54.207991851694835, -3.2094476829749823], [-54.109568256407535, -3.170234516673247], [-54.050807901012135, -3.0827051276068786], [-54.04566636991503, -2.9986769141031644], [-54.08900213201915, -2.96086421802649], [-54.10295771642555, -2.8866392960982097], [-53.608636226661716, -2.864932007609749], [-53.593946137812864, -2.813114609282458], [-53.487442993658696, -2.764798386517821], [-53.3581702117888, -2.7374892171291165], [-53.253136076519525, -2.774601678093255], [-53.14663293236535, -2.6653650005384257], [-53.00120105276173, -2.6716671165512054], [-52.82932701323017, -2.7619974460676993], [-52.55682586508399, -2.7248849851035573], [-52.50100352745835, -2.7739014429807263], [-52.33133300125412, -2.783004499443628], [-52.27624516807093, -2.8299202519832], [-52.04414176425909, -2.7928077910190616], [-52.05515933089573, -2.6863720539143543], [-51.9200105134863, -2.493107162855811], [-51.854639618108905, -2.5526271474209423], [-51.748136473954744, -2.8453254244588813], [-51.69378314521399, -2.8586298915969692], [-51.62694324095172, -3.000777619440754], [-51.6783585519227, -3.010580911016188], [-51.75107449172451, -3.1079135916579936], [-51.67027900305583, -3.1324218205965764], [-51.68423458746224, -3.1562298144226304], [-51.60858062989065, -3.152028403747444], [-51.63208477204881, -3.2528622599519004], [-51.70186269408086, -3.249361084389246], [-51.73418088954833, -3.3200848307548725], [-51.75033998728207, -3.4251200976345153], [-51.723897827354136, -3.4874410226497723], [-51.80175529825304, -3.5042466653505144], [-51.71434926960238, -3.5049469004630467], [-51.659995940861634, -3.5714692361534865], [-51.58507648773249, -3.586174173516639], [-51.548351265610364, -3.69821179152159], [-51.59535954992669, -3.780139299687715], [-51.5645103633441, -3.798345412613518], [-51.51750207902778, -3.7696357729997487], [-51.500608476851596, -3.8613665727413036], [-51.4073264126614, -3.9131839710685945], [-51.42348551039514, -3.9509966671452688], [-51.38455677494568, -4.029422999748736], [-51.417609474855595, -4.081240398076027], [-51.32212389733806, -4.41175137119064], [-51.3830877660608, -4.454465713055026], [-51.35958362390264, -4.485276058006388], [-51.38455677494568, -4.548997453246706], [-51.31184083514387, -4.7156534100290735], [-51.4660867680568, -4.973339931440467], [-51.413202448200934, -5.125991185972218], [-51.44772415699573, -5.150499414910801], [-52.05075230424107, -5.151199650023333], [-52.11979572183067, -5.314354431243046], [-52.2843247169378, -5.257635387128037], [-52.29534228357444, -5.194614227000251], [-52.346023090102975, -5.180609524749631], [-52.37466876335823, -5.204417518575685], [-52.42608407432921, -5.154000590473455], [-52.52744568738628, -5.2296259826268], [-52.61191369826717, -5.242930449764888], [-52.65818747814106, -5.297548788542301], [-52.64423189373465, -5.3962819394091674], [-52.69197468249342, -5.516022143651963], [-52.69050567360853, -5.653968460820561], [-52.77130116227721, -5.722591501848594], [-52.83226503099994, -5.689680451559639], [-52.896166917492444, -5.705785859147852], [-52.97622790171868, -5.845132646541511], [-53.05922690371469, -5.88644651818084], [-53.109173205800786, -5.871741580817687], [-53.14883644569268, -5.9375636813955985], [-53.218614367724726, -5.942465327183317], [-53.278843732005015, -5.981678493485049], [-53.27076418313814, -6.019491189561723], [-53.36918777842544, -6.058004120750926], [-53.351559671806825, -6.1721424440934705], [-53.30675490081783, -6.165840328080691], [-53.26048112094395, -6.28908170788614], [-53.226693916591586, -6.294683588786388], [-53.19143770335435, -6.400419090778563], [-53.21273833218518, -6.424227084604617], [-53.1818891456026, -6.458538605118633], [-53.237711483228225, -6.50055271187049], [-53.29647183862363, -6.458538605118633], [-53.3735948050801, -6.59368398183711], [-53.44190371822725, -6.561473166660683], [-53.46687686927031, -6.610489624537852], [-53.44924876265168, -6.686115016691193], [-53.42794813382085, -6.673510784665638], [-53.24726004097998, -6.786948872895653], [-53.31189643191493, -6.91579213360135], [-53.278843732005015, -6.965508826591048], [-53.31703796301203, -7.027829751606305], [-53.253870580961966, -7.114658905560141], [-53.31556895412714, -7.202888529739042], [-53.16573004786886, -7.3569402544958535], [-53.178216623390384, -7.380748248321908], [-53.120190772437425, -7.3954531856850565], [-53.12459779909207, -7.4458701137872865], [-53.092279603624604, -7.4773806938511775], [-53.167933561196186, -7.553706321117055], [-52.996059521664634, -7.796687905165296], [-53.06583744369667, -7.912226698732905], [-52.92554709519015, -8.162910869018987], [-52.99091799056753, -8.307159302200365], [-52.94097168848144, -8.3463724685021], [-52.91673304188083, -8.413595039305072], [-52.95492727288784, -8.441604443806309], [-52.945378715136094, -8.486419491008292], [-52.88808736862558, -8.583051936537565], [-52.896901421934885, -8.627866983739544], [-52.92921961740235, -8.629267453964609], [-52.93215763517213, -8.730101310169065], [-53.006342583858824, -8.70489284611795], [-53.03719177044141, -8.728700839944004], [-52.99238699945242, -8.850541749524389], [-53.055554381502475, -8.95417654617897], [-53.01589114161058, -9.064113458846332], [-53.08493455920018, -9.115930857173623], [-52.97255537950647, -9.210462597365304], [-52.922609077420375, -9.380619729710325], [-52.995325017222186, -9.475151469902006], [-53.042333301538505, -9.477252175239599], [-53.05702339038736, -9.53047004379195], [-53.112845728013, -9.552177332280412], [-53.13341185240139, -9.645308602247031], [-52.6192587426916, -9.68242106321117], [-52.65671846925618, -9.781854449190565], [-52.775708188931866, -9.832271377292795], [-52.996059521664634, -10.084356017803941], [-52.95419276844541, -10.273419498187298], [-52.983572946143106, -10.316133840051688], [-52.86899025312207, -10.385457116192253], [-52.736044949039965, -10.396660877992748], [-52.5017380319008, -10.350445360565704], [-52.481906411954846, -10.323836426289528], [-52.31590840796283, -10.344843479665457], [-52.174883555013864, -10.258014325711617], [-52.14403436843128, -10.270618557737176], [-52.197653192729575, -10.393159702430093], [-52.18002508611096, -10.489091912846835], [-52.114654190733575, -10.547911662299438], [-51.965549788917734, -10.550012367637027], [-51.940576637874685, -10.65924904519186], [-51.83701151149029, -10.672553512329948], [-51.81717989154434, -10.72717185110736], [-51.354442092805535, -10.748879139595822], [-51.37207019942416, -10.644544107828708], [-51.26336354194266, -10.500995909759862], [-51.333875968417146, -10.428171458056642], [-51.29054020631303, -10.413466520693493], [-51.22516931093564, -10.286023730212857], [-50.98204834048716, -10.20829763272192], [-50.93650906505572, -10.264316441724397], [-50.79034268100966, -10.26641714706199], [-50.71983025453517, -10.306330548476254], [-50.56999134827689, -10.32453666140206], [-50.655928368042666, -10.202695751821672], [-50.609654588168794, -10.07525296134104], [-50.77051106106371, -9.995426158512508], [-50.84469600975041, -9.867283132919344], [-50.84616501863529, -9.800760797228904], [-50.2247742603289, -9.841374433755696], [-50.08962544291947, -9.545875216267632], [-50.105050036210756, -9.475151469902006], [-50.03747562750604, -9.289589165081303], [-49.90526482786639, -9.169848960838507], [-49.76791249712963, -8.933869727915575], [-49.68417899069118, -8.856843865537169], [-49.59236593538586, -8.839337987723894], [-49.41020883366011, -8.58025099608744], [-49.34924496493738, -8.418496685092787], [-49.28313956511755, -8.379283518791055], [-49.175901916520935, -8.009559379374707], [-49.10979651670111, -8.013060554937361], [-49.052505170190585, -8.08448453641552], [-48.979054725946334, -8.10619182490398], [-48.84831293519156, -8.130700053842563], [-48.78588005758394, -8.097789003553608], [-48.66762484235069, -8.282651073261782], [-48.63530664688322, -8.400290572166984], [-48.61620953137971, -8.293854835062277], [-48.636775655768105, -8.276348957249002], [-48.59564340699132, -8.284051543486843], [-48.540555573808135, -8.230133439821959], [-48.489874767279595, -8.2581428443232], [-48.34958441877307, -8.125798408054848], [-48.295965594474765, -8.146105226318245], [-48.332690816596894, -8.238536261172332], [-48.26511640789218, -8.361777640977781], [-48.294496585589876, -8.430400682005814], [-48.26952343454683, -8.550841121361138], [-48.15494074152579, -8.5816514663125], [-48.132905608252514, -8.54383877023583], [-48.10425993499726, -8.658677328690906], [-48.01758841078903, -8.650974742453066], [-47.94340346210234, -8.686686733192147], [-47.92357184215639, -8.73360248573172], [-47.85746644233656, -8.746206717757278], [-47.680450871707905, -8.699991200330235], [-47.684857898362566, -8.800124821422163], [-47.559257638704885, -8.837937517498833], [-47.47332061893911, -8.797323880972037], [-47.61140745411831, -9.027701232994723], [-47.61728348965785, -9.140439086112206], [-47.684857898362566, -9.183853663089128], [-47.685592402805, -9.276284697943215], [-47.72452113825446, -9.319699274920133], [-47.65400871177998, -9.35541126565921], [-47.595982860827014, -9.30149316199433], [-47.5629301609171, -9.316198099357479], [-47.50123178775193, -9.260179290355001], [-47.411622245773934, -9.235671061416419], [-47.081829751117226, -9.487055466815033], [-47.06640515782594, -9.645308602247031], [-47.09945785773585, -9.691524119674071], [-47.071546688923036, -9.800060562116371], [-47.19935046190804, -9.954812521985712], [-47.203757488562694, -10.020634622563623], [-47.11488245102714, -10.041641675939552], [-46.94888444703513, -10.175386582432967], [-47.0260074134916, -10.336440658315087], [-47.04877705120731, -10.322435956064467], [-47.08697128221433, -10.36865147349151], [-47.10313037994806, -10.439375219857137], [-47.05244957341952, -10.509398731110235], [-46.99956525356366, -10.50799826088517], [-46.948149942592686, -10.66134975052945], [-46.88865508275484, -10.678855628342724], [-46.8879205783124, -10.883324281201766], [-46.81153211629837, -10.907832510140349], [-46.79537301856463, -10.954748262679924], [-46.86441643615424, -11.045078592196418], [-46.851195356190274, -11.06818635090994], [-46.78215193860067, -11.063984940234754], [-46.70429446770176, -11.129807040812665], [-46.79610752300708, -11.089893639398397], [-47.03041444014625, -11.15711621020137], [-47.26325234840054, -10.977856021393446], [-47.33376477487502, -11.00516519078215], [-47.31540216381396, -11.159216915538963], [-47.41382575910126, -11.269854063318856], [-47.40501170579195, -11.310467699845649], [-47.4836036811333, -11.46451942460246], [-47.47846215003621, -11.516336822929752], [-47.423374316853014, -11.563952810581856], [-47.45716152120537, -11.706100538425641], [-47.426312334622786, -11.778224755016332], [-47.55338160316535, -11.90986895617215], [-47.446878459011174, -11.998798815463584], [-47.49462124776994, -12.18646182562188], [-47.55631962093511, -12.167555477583544], [-47.56733718757175, -12.189963001184534], [-47.6319735785067, -12.183660885171758], [-47.65547772066486, -12.131843486844467], [-47.7994405913836, -12.152850540220395], [-47.76785690035857, -12.048515508453281], [-47.83102428240863, -12.082827028967298], [-47.87068752230053, -12.013503752826733], [-47.843510857930156, -11.951883062924008], [-47.87362554007029, -11.873456730320541], [-47.999960304170415, -11.818838391543128], [-48.02052642855881, -11.776124049678739], [-48.08222480172398, -11.76912169855343], [-48.08956984614841, -11.722205946013855], [-47.965438595375616, -11.71730430022614], [-47.82735176019642, -11.760718877203058], [-47.693671951671874, -11.638877967622669], [-47.66796429618638, -11.54994810833124], [-47.694406456114315, -11.49953118022901], [-47.597451869711904, -11.381891681323808], [-47.620221507427615, -11.30346534872034], [-47.74582176708529, -11.304165583832873], [-47.80311311359581, -11.20893360852866], [-47.867015000088315, -11.204031962740945], [-48.071941739529784, -11.27965735489429], [-48.09544588168795, -11.31817028608349], [-48.156409750410674, -11.269854063318856], [-48.259240372352636, -11.28175806023188], [-48.21737361913341, -11.209633843641193], [-48.31873523219048, -11.132607981262787], [-48.32461126773002, -11.048579767759072], [-48.45388404959991, -10.974354845830788], [-48.45755657181212, -10.927439093291216], [-48.51705143164997, -10.95894967335511], [-48.55965268931163, -11.031073889945798], [-48.45388404959991, -11.262151477081016], [-48.478857200642956, -11.36228509817294], [-48.56993575150584, -11.395896383574428], [-48.6279616024588, -11.522638938942531], [-48.67864240898733, -11.522638938942531], [-48.76384492431066, -11.744613469614844], [-48.807915190857216, -11.743212999389783], [-48.894586715065444, -11.877658140995727], [-48.82995032413049, -11.962386589611974], [-48.7557653754438, -11.992496699450804], [-48.7800040220444, -12.133243957069528], [-48.64265169130765, -12.140946543307368], [-48.626492593573914, -12.213770995010588], [-48.73373024217052, -12.271890509350659], [-48.74768582657693, -12.3090029703148], [-48.91074581279918, -12.294298032951648], [-48.92984292830268, -12.395131889156108], [-49.00696589475915, -12.441347406583152], [-48.99741733700739, -12.495265510248036], [-48.91294932612651, -12.477059397322229], [-48.799835641990356, -12.387429302918267], [-48.75282735767403, -12.385328597580674], [-48.6815804267571, -12.414038237194443], [-48.697005020048394, -12.442747876808212], [-48.6125370091675, -12.498066450698158], [-48.48106071397028, -12.414038237194443], [-48.44653900517548, -12.436445760795433], [-48.456822067369686, -12.568790197063784], [-48.51852044053486, -12.641614648767003], [-48.54569710490523, -12.731244743170969], [-48.52366197163195, -12.779560965935602], [-48.431114411884195, -12.842582126063391], [-48.32681478105735, -12.80687013532431], [-48.221046141345624, -12.837680480275672], [-48.18872794587815, -12.883195762590187], [-48.12849858159786, -13.098167942137191], [-48.16595830816243, -13.189198506766214], [-48.148330201543814, -13.4398826770523], [-48.19901100807235, -13.47139325711619], [-48.13217110381007, -13.504304307405146], [-48.107197952767024, -13.562423821745217], [-48.14318867044671, -13.65275415126171], [-48.13804713934961, -13.754988477691231], [-48.25116082348576, -13.857923039233281], [-48.282010010068355, -13.832014340069634], [-48.3466464010033, -13.862124449908467], [-48.31873523219048, -13.939150312286873], [-48.25116082348576, -13.96085760077533], [-48.163020290392666, -14.118410501094797], [-48.04256156183209, -14.232548824437345], [-47.95809355095119, -14.271761990739076], [-47.914023284404635, -14.33198221041674], [-47.839103831275494, -14.331281975304208], [-47.705424022750954, -14.46292617646003], [-47.597451869711904, -14.427214185720953], [-47.55338160316535, -14.454523355109657], [-47.38958711250066, -14.313776097490937], [-47.40354269690707, -14.223445767974443], [-47.45495800787805, -14.161124842959186], [-47.36167594368784, -14.132415203345417], [-47.32495072156571, -14.161825078071718], [-47.17584631974988, -14.147820375821098], [-47.03922849345556, -14.03228158225349], [-46.985609669157256, -14.052588400516889], [-47.17070478865278, -14.264059404501236], [-47.183191364174306, -14.439818417746508], [-47.14573163760973, -14.539251803725904], [-47.09358182219631, -14.545553919738683], [-47.08109524667479, -14.599472023403568], [-47.08623677777189, -14.647088011055672], [-47.21991658629643, -14.810943027387918], [-47.216244064084215, -14.954491225456763], [-47.17364280642255, -14.975498278832692], [-47.18612938194407, -15.012610739796834], [-47.13324506208821, -15.117646006676477], [-47.07815722890501, -15.063727903011593], [-47.048042546764876, -15.08963660217524], [-46.9415394026107, -15.314412073297678], [-46.873964993905986, -15.285702433683905], [-46.89159310052461, -15.235285505581679], [-46.9275838182043, -15.254892088732547], [-46.93713237595605, -15.205175395742845], [-46.88865508275484, -15.112744360888762], [-46.92538030487697, -15.057425786998813], [-46.85707139172981, -15.01051003445924], [-46.6257024923604, -15.08963660217524], [-46.5030402504725, -15.051123670986037], [-46.422244761803825, -15.09803942352561], [-46.41857223959161, -15.198173044617537], [-46.30619305989789, -15.345222418249037], [-46.248167208944935, -15.606410115223085], [-46.25477774892692, -15.795473595606445], [-46.457500975041064, -15.851492404608923], [-46.46190800169572, -15.904010038048746], [-46.39286458410612, -15.98173613553968], [-46.43326232844046, -16.04055588499228], [-46.38184701746948, -16.087471637531856], [-46.37890899969971, -16.173600556373163], [-46.311334590994996, -16.298242406403673], [-46.38405053079681, -16.263230650777125], [-46.458969983925954, -16.28703864460318], [-46.5133233126667, -16.382270619907388], [-46.55812808365569, -16.37386779855702], [-46.53388943705509, -16.4480927204853], [-46.555924570328365, -16.632954790193473], [-46.467049532792814, -16.701577831221506], [-46.30545855545546, -16.545425401127105], [-46.16076118029427, -16.65956372446965], [-46.20556595128327, -16.855629555978318], [-46.201158924628615, -16.997777283822103], [-46.09024875381979, -17.05379609282458], [-46.15708865808206, -17.109814901827058], [-46.06013407167964, -17.187540999317992], [-45.97566606079875, -17.17703747263003], [-45.9264542631551, -17.110515136939586], [-45.76853580802995, -17.175637002404965], [-45.71565148817409, -17.117517488064898], [-45.61428987511702, -17.0972106698015], [-45.56140555526115, -17.043992801249146], [-45.52908735979368, -17.09861114002656], [-45.43580529560348, -17.117517488064898], [-45.48648610213202, -17.181939118417745], [-45.50558321763552, -17.32268637603647], [-45.562140059703594, -17.381506125489068], [-45.3843899846325, -17.52155314799526], [-45.390266020172035, -17.578972427222798], [-45.45563691554943, -17.604180891273913], [-45.403487100136005, -17.668602521626763], [-45.44535385335523, -17.737225562654796], [-45.46738898662851, -17.905281989662228], [-45.345461249183046, -17.910183635449943], [-45.26393125607192, -17.991410908503532], [-45.198560360694536, -17.987909732940878], [-45.11629586314097, -17.93049045371334], [-45.02007578118099, -18.007516316091746], [-45.0097927189868, -18.06003394953157], [-44.847467237207, -18.130057460784663], [-44.7336190486284, -18.139160517247568], [-44.7490436419197, -18.16997086219893], [-44.805600483987774, -18.17137133242399], [-44.83351165280059, -18.23019108187659], [-44.81074201508487, -18.296713417567034], [-44.86582984826806, -18.436060204960693], [-44.84967075053433, -18.545997117628055], [-44.92238669033614, -18.503983010876198], [-45.0443144277816, -18.501882305538604], [-45.15595910303287, -18.599214986180407], [-45.16256964301485, -18.667137792095907], [-45.21398495398583, -18.644730268494918], [-45.23748909614399, -18.59361310528016], [-45.24556864501086, -18.635627212032016], [-45.18974630738522, -18.728758481998632], [-45.20223288290675, -18.781976350550988], [-45.16256964301485, -18.85830197781686], [-45.184604776288126, -18.875807855630136], [-45.123640907565395, -18.89261349833088], [-45.11849937646829, -19.057168749775656], [-45.08103964990373, -19.090079800064608], [-45.13906550085669, -19.210520239419935], [-45.13025144754738, -19.277742810222907], [-45.06194253440022, -19.311354095624395], [-45.03843839224206, -19.408686776266194], [-44.77548580184762, -19.540330977422016], [-44.779158324059836, -19.502518281345345], [-44.73802607528306, -19.49971734089522], [-44.707176888700474, -19.428993594529594], [-44.55439996467242, -19.43039406475466], [-44.57937311571547, -19.50741992713306], [-44.54632041580555, -19.58654649484906], [-44.56541753130906, -19.604052372662334], [-44.497843122604344, -19.63906412828888], [-44.498577627046785, -19.70488622886679], [-44.43467574055428, -19.73989798449334], [-44.51473672478052, -19.859638188736135], [-44.54191338915089, -19.967474396065903], [-44.44495880274848, -20.14743481998636], [-44.337721154151865, -20.119425415485118], [-44.36195980075247, -20.23706491439032], [-44.43541024499673, -20.291683253167736], [-44.5316303269567, -20.260872908216374], [-44.56541753130906, -20.27907902114218], [-44.61903635560736, -20.1642404626871], [-44.71672544645222, -20.10752141857209], [-44.696159322063835, -20.000385446354855], [-44.620505364492246, -19.93596381600201], [-44.68587625986964, -19.877144066549405], [-44.74169859749527, -19.897450884812805], [-44.780627332944725, -19.867340774973975], [-44.815883546181965, -19.892549239025087], [-44.893006512638436, -19.855436778060948], [-44.88786498154134, -19.918457938188734], [-44.964987947997805, -19.934563345776947], [-44.98628857682864, -20.008788267705228], [-45.047252445551365, -20.01158920815535], [-45.122171898680506, -20.0760108385082], [-45.09646424319502, -20.122926591047772], [-45.15449009414798, -20.181046105387843], [-45.114092349813646, -20.331596654582], [-45.20296738734919, -20.342800416382495], [-45.25364819387772, -20.384814523134352], [-45.32048809814, -20.350503002620336], [-45.260258733859715, -20.65090386589612], [-45.5863787063042, -20.68731609174773], [-45.734014099235154, -20.734932079399833], [-45.67525374383975, -20.8042553555404], [-45.69214734601593, -20.897386625507018], [-45.78763292353346, -20.835765935604293], [-45.94114435200395, -20.890384274381706], [-45.93820633423418, -20.929597440683438], [-45.894870572130074, -20.925396030008255], [-45.96317948527722, -21.085749870777846], [-45.954365431967915, -21.234199714634407], [-45.82582715454048, -21.321729103700775], [-45.83170319008001, -21.393853320291466], [-45.66423617720311, -21.458975185756845], [-45.62824545952343, -21.447071188843818], [-45.56067105081871, -21.503089997846295], [-45.48575159768957, -21.5121930543092], [-45.489424119901784, -21.47928200402024], [-45.443150340027906, -21.459675420869374], [-45.25438269832017, -21.554207161061058], [-45.11262334092876, -21.54230316414803], [-45.09279172098281, -21.612326675401125], [-45.036969383357174, -21.631933258551992], [-44.878316423789585, -21.627731847876806], [-44.866564352710505, -21.7971887451093], [-44.88492696377156, -21.837102146523563], [-44.99510263013795, -21.863010845687207], [-44.998040647907715, -21.904324717326535], [-44.94662533693674, -21.90852612800172], [-44.91357263702683, -21.97224752324204], [-44.926793716990794, -22.082184435909397], [-44.81661805062441, -22.19282158368929], [-44.85334327274654, -22.211027696615098], [-44.88933399042622, -22.304158966581713], [-44.86362633494073, -22.30906061236943], [-44.85775029940119, -22.365779656484438], [-44.755654181901676, -22.415496349474136], [-44.68807977319696, -22.52123185146631], [-44.81661805062441, -22.613662886320398], [-44.779158324059836, -22.605960300082558], [-44.75418517301679, -22.788721664453135], [-44.70497337537314, -22.803426601816287], [-44.72407049087665, -22.833536711655118], [-44.69542481762139, -22.890255755770127], [-44.62931941780156, -22.904960693133276], [-44.49490510483457, -22.846841178793206], [-44.46699393602176, -22.884653874869876], [-44.4229236694752, -22.85034235435586], [-44.2605981876954, -22.847541413905738], [-44.241501072191895, -22.912663279371117], [-44.192289274548244, -22.92876868695933], [-44.11222829032201, -22.86434705660648], [-44.04465388161729, -22.88325340464482], [-43.99030055287655, -22.844040238343084], [-43.93888524190557, -22.881152699307222], [-43.83311660219384, -22.793623310240854], [-43.83238209775139, -22.729901915000536], [-43.703843820323954, -22.64447323127176], [-43.67079112041404, -22.652876052622133], [-43.63480040273435, -22.78311978355289], [-43.61423427834596, -22.749508498151403], [-43.53490779856216, -22.751609203488997], [-43.567960498472075, -22.62346617789583], [-43.62304833165527, -22.642372525934164], [-43.66050805821984, -22.619264767220645], [-43.49157203645805, -22.41969776014932], [-43.50332410753713, -22.311161317707022], [-43.32557403246604, -22.2789505025306], [-43.28884881034391, -22.370681302272153], [-43.24771656156713, -22.311161317707022], [-43.1816111617473, -22.301358026131588], [-43.15957602847402, -22.19282158368929], [-43.05527639764718, -22.165512414300583], [-43.04793135322275, -22.2089269912775], [-43.02075468885238, -22.16201123873793], [-42.954649289032545, -22.138903480024407], [-42.9693393778814, -22.088486551922177], [-42.86430524261212, -22.12629924799885], [-42.85255317153303, -22.16201123873793], [-42.75559858513062, -22.11789642664848], [-42.66525453871019, -21.873514372375173], [-42.23703844876618, -21.69705512401737], [-42.16726052673414, -21.858809435012024], [-41.98510342500838, -21.73276711475645], [-41.93736063624962, -21.74116993610682], [-41.97114784060198, -21.802790626009546], [-41.93662613180718, -21.87211390215011], [-41.70966425909243, -21.8945214257511], [-41.71700930351685, -21.98135057970494], [-41.76769011004539, -22.03036703758211], [-41.75079650786921, -22.086385846584584], [-41.70158471022556, -22.051374090958035], [-41.55101129952484, -22.05557550163322], [-41.437897615388685, -21.986252225492656], [-41.25720952254782, -22.098990078610143], [-41.133812776217475, -22.09548890304749], [-41.68909813470404, -22.299957555906527], [-41.93295360959497, -22.537337259054524], [-41.96159928285022, -22.5345363186044], [-41.99759000052991, -22.667580989985282], [-41.9733513539293, -22.729901915000536], [-41.90798045855192, -22.778218137765172], [-42.02035963824563, -22.888855285545063], [-42.03798774486425, -22.967281618148533], [-42.578583014501966, -22.932970097634517], [-42.920862084680195, -22.974984204386374], [-43.11036423083037, -22.953276915897913], [-43.09493963753908, -22.920365865608957], [-43.13386837298853, -22.881152699307222], [-43.02663072439192, -22.743206382138624], [-43.03911729991344, -22.692789454036394], [-43.08098405313267, -22.67948498689831], [-43.27709673926483, -22.780318843102766], [-43.27268971261017, -22.809728717829067], [-43.210991339445, -22.897258106895436], [-43.18087665730485, -22.895157401557842], [-43.150027470722264, -22.950475975447787], [-43.2455130482398, -23.000892903550017], [-43.54886338296857, -23.06041288811515], [-43.79565687562926, -22.916864690046303], [-43.88085939095261, -22.91546421982124], [-44.074034059315, -22.951876445672852], [-44.11296279476445, -23.023300427151007], [-44.20110332785755, -23.038005364514156], [-44.25104962994365, -22.998091963099895], [-44.303199445357066, -23.002293373775082], [-44.33845565859431, -22.92316680605908], [-44.36636682740713, -22.96027926702322], [-44.4229236694752, -22.950475975447787], [-44.43981727165138, -23.00299360888761], [-44.68440725098475, -23.071616649915644], [-44.72113247310688, -23.201860380846405], [-44.52722330030205, -23.272584127212028], [-44.59112518679454, -23.362214221615993], [-44.63960247999576, -23.33140387666463], [-44.84012219278257, -23.388122920779637], [-44.90549308815996, -23.334204817114752], [-44.976740019076885, -23.400026917692664], [-45.05386298553336, -23.41683256039341], [-45.07149109215197, -23.49735959833447], [-45.17358720965149, -23.495959128109405], [-45.158897120802635, -23.538673469973794], [-45.219126485082924, -23.52887017839836], [-45.24409963612597, -23.59399204386374], [-45.31167404483069, -23.575785930937933], [-45.357213320262126, -23.62270168347751], [-45.406425117905776, -23.624102153702573], [-45.426991242294164, -23.708130367206287], [-45.53129087312101, -23.755746354858392], [-45.7193240103863, -23.648610382641156], [-45.79644697684277, -23.682921903155172], [-45.844924270043975, -23.64370873685344], [-45.93600282090685, -23.70112801608098], [-46.077762178298265, -23.73263859614487], [-46.10126632045643, -23.71863389389425], [-46.08804524049246, -23.575085695825404], [-46.11228388709307, -23.540774175311387], [-46.053523531697664, -23.48965701209663], [-46.07408965608605, -23.452544551132487], [-46.13946055146344, -23.44064055421946], [-46.16076118029427, -23.388122920779637], [-46.15782316252451, -23.342607638465125], [-46.10126632045643, -23.30829611795111], [-46.14533658700298, -23.256478719623818], [-46.08070019606804, -23.20676202663412], [-46.10787686043841, -23.09752534907929], [-46.04103695617614, -22.91406374959618], [-46.09539028491689, -22.894457166445314], [-46.13946055146344, -22.92246657094655], [-46.14166406479077, -22.867848232169138], [-46.34512179534735, -22.904960693133276], [-46.37597098192994, -22.876951288632036], [-46.362015397523535, -22.788721664453135], [-46.299582519915916, -22.721499093650166], [-46.229070093441436, -22.80692777737894], [-46.12403595817214, -22.669681695322872], [-46.1475401003303, -22.51843091101619], [-46.28268891773973, -22.51492973545353], [-46.260653784466456, -22.41969776014932], [-46.278281891085086, -22.386086474747835], [-46.30913107766767, -22.409194233461356], [-46.334104228710714, -22.3874869449729], [-46.33924575980781, -22.307660142144368], [-46.23494612898097, -22.26704650561757], [-46.262857297793786, -22.224332163753182], [-46.238618651193185, -22.072381144333967], [-46.176185773585566, -22.03036703758211], [-46.091717762704675, -21.876315312825298], [-46.34144927313514, -21.948439529415985], [-46.43620034621023, -22.03736938870742], [-46.565473128080114, -21.933034356940304], [-46.617622943493544, -21.99465504684303], [-46.642596094536586, -21.976448933917226], [-46.67344528111917, -21.911327068451847], [-46.64773762563368, -21.880516723500484], [-46.690338883295354, -21.837802381636095], [-46.630844023457506, -21.76847910549553], [-46.60954339462667, -21.647338431027674], [-46.640392581209255, -21.60252338382569], [-46.69474590995001, -21.611626440288596], [-46.812266620740814, -21.525497521447285], [-46.829160222917, -21.49678788183352], [-46.7740723897338, -21.414160138554863], [-46.78141743415823, -21.370745561577944], [-46.93272534930139, -21.42466366524283], [-47.01278633352763, -21.41906178434258], [-46.996627235793895, -21.357441094439856], [-47.04437002455266, -21.267110764923363], [-47.129572539875994, -21.328731454826087], [-47.157483708688815, -21.302122520549908], [-47.241217215127264, -21.443570013281164], [-47.19861595746559, -21.49118600093327], [-47.13104154876088, -21.49398694138339], [-47.097254344408526, -21.568211863311674], [-47.241217215127264, -21.757975578807567], [-47.29336703054068, -21.752373697907316], [-47.33817180152968, -21.68094971642916], [-47.328623243777926, -21.644537490577548], [-47.37269351032448, -21.6501393714778], [-47.449816476780946, -21.57731491977458], [-47.571009709783965, -21.559108806848773], [-47.670902313956155, -21.603223618938223], [-47.77446744034055, -21.802790626009546], [-47.792095546959175, -21.878416018162888], [-47.72084861604225, -22.02266445134427], [-47.80898914913536, -22.14870677159984], [-47.90006769999823, -22.157809828062742], [-48.04476507515941, -22.073081379446496], [-48.04403057071697, -22.129100188448973], [-48.10793245720947, -22.180217351663735], [-48.256302354582864, -22.154308652500088], [-48.29890361224453, -22.063978322983594], [-48.4450699962906, -22.063278087871062], [-48.50309584724356, -22.019163275781615], [-48.54422809602035, -22.034568448257293], [-48.67937691342978, -21.928832946265118], [-48.64265169130765, -21.904324717326535], [-48.66982835567802, -21.831500265623315], [-48.63016511578613, -21.774080986395777], [-48.52586548495928, -21.71666170716824], [-48.306248656668956, -21.69075300800459], [-48.272461452316605, -21.64523772569008], [-48.26364739900729, -21.53460057791019], [-48.44727350961793, -21.545804339710685], [-48.464167111794104, -21.489785530708208], [-48.36941603871902, -21.50449046807136], [-48.10866696165191, -21.429565311030544], [-48.03007498631056, -21.379848618040846], [-47.99481877307332, -21.304923461000033], [-48.135843626022286, -21.268511235148424], [-48.18725893699327, -21.085749870777846], [-48.43331792521152, -21.037433648013206], [-48.37823009202833, -21.00872400839944], [-48.36721252539169, -20.949204023834305], [-48.28568253228057, -20.95340543450949], [-48.207825061381655, -20.875679337018553], [-48.254833345697975, -20.80635606087799], [-48.40907927861092, -20.853972048530096], [-48.44727350961793, -20.787449712839653], [-48.60959899139773, -20.83436546537923], [-48.891648697295665, -20.823861938691266], [-48.82040176637874, -20.77204454036397], [-48.78661456202639, -20.68941679708532], [-48.84096789076713, -20.65160410100865], [-48.85198545740377, -20.54446812879141], [-48.990072292582965, -20.581580589755553], [-49.01504544362602, -20.649503395671054], [-49.1303626410895, -20.59488505689364], [-49.22144119195237, -20.678913270397356], [-49.34483793828272, -20.662807862809146], [-49.36466955822867, -20.605388583581608], [-49.47778324236482, -20.50525496248968], [-49.39845676258103, -20.436631921461647], [-49.397722258138586, -20.377812172009044], [-49.30737821171815, -20.30148654474317], [-49.34924496493738, -20.250369381528408], [-49.57473782876724, -20.20835527477655], [-49.80610672813664, -20.073910133170607], [-49.812717268118625, -20.194350572525934], [-49.92142392560012, -20.21465739078933], [-49.94199004998852, -20.174743989375067], [-50.02792706975429, -20.181746340500375], [-50.071262831858405, -20.24616797085322], [-50.092563460689234, -20.375011231558922], [-50.13883724056312, -20.386915228471945], [-50.13589922279334, -20.423327454323555], [-50.20273912705562, -20.481446968663626], [-50.120474629502056, -20.52136037007789], [-50.08815643403458, -20.63059704763272], [-50.12267814282938, -20.683114681072542], [-50.11386408952007, -20.763641719013602], [-50.265172004663235, -20.752437957213107], [-50.29602119124582, -20.712524555798844], [-50.28573812905162, -20.58578200043074], [-50.39591379541801, -20.568276122617466], [-50.451001628601205, -20.51995989985283], [-50.448798115273874, -20.486348614451344], [-50.55383225054315, -20.5283627212032], [-50.62507918146008, -20.5080559029398], [-50.81237781428293, -20.531163661653324], [-50.79989123876141, -20.4198262787609], [-50.84396150530796, -20.414924632973182], [-50.87995222298765, -20.317591952331384], [-50.93357104728595, -20.310589601206072], [-50.990862393796476, -20.431730275673928], [-51.109117609029724, -20.27977925625471], [-51.343424526168896, -20.355404648408054], [-51.562306850016775, -20.188748691625683], [-51.68864161411689, -20.04730119889443], [-51.747401969512296, -20.03189602641875], [-51.78045466942221, -19.926160524426574], [-51.84802907812693, -20.005987327255106], [-52.03312419762245, -20.041699317994183], [-52.12053022627311, -20.130629177285613], [-52.06764590641725, -20.362406999533363], [-52.01182356879161, -20.45763897483757], [-51.92662105346828, -20.517859194515236], [-51.832604484835635, -20.443634272586955], [-51.75107449172451, -20.435931686349114], [-51.56744838111388, -20.617992815607163], [-51.44919316588062, -20.482847438888687], [-51.41907848374048, -20.465341561075412], [-51.380149748291025, -20.50525496248968], [-51.342690021726455, -20.682414445960013], [-51.41907848374048, -20.68101397573495], [-51.477104334693436, -20.96811037187264], [-51.475635325808554, -21.050037880038765], [-51.402184881564295, -21.07524634408988], [-51.405122899334074, -21.135466563767544], [-51.48518388356031, -21.232799244409343], [-51.502077485736486, -21.22089524749632], [-51.50721901683359, -21.33223263038874], [-51.61592567431508, -21.327330984601026], [-51.723163322911695, -21.395253790516527], [-51.66880999417094, -21.433066486593198], [-51.67982756080758, -21.477181298682652], [-51.646774860897665, -21.51149281919667], [-51.71434926960238, -21.596221267812915], [-51.781189173864654, -21.603223618938223], [-51.94131114231713, -21.547204809935746], [-51.977301859996814, -21.767078635270465], [-52.12567175737021, -21.881216958613013], [-52.14403436843128, -21.998156222405683], [-52.225564361542396, -22.15851006317527], [-52.2204228304453, -22.2586436842672], [-52.285059221380244, -22.27334862163035], [-52.456198756469355, -22.18511899745145], [-52.798477826647584, -22.378383888509994], [-52.85503466871566, -22.439304343300186], [-52.99826303499196, -22.49322244696507], [-53.07391699256354, -22.549241255967548], [-53.18556166781481, -22.71869815320004], [-53.41032002720223, -22.813930128504254], [-53.36992228286789, -22.852443059693456], [-53.372860300637655, -22.895157401557842], [-53.31630345856958, -22.912663279371117], [-53.448514258209244, -23.09682511396676], [-53.46761137371274, -23.17735215190782], [-53.582194066733784, -23.226368609784984], [-53.61524676664369, -23.210963437309303], [-53.62920235105011, -23.269783186761906], [-53.69898027308215, -23.305495177500987], [-53.69898027308215, -23.234771431135357], [-53.63654739547454, -23.124834518468], [-53.634343882147206, -23.00369384400014], [-53.6894317153304, -22.940672683872357]], [[-45.184604776288126, -18.875807855630136], [-45.31608107148534, -18.905217730356433], [-45.46151295108896, -18.873707150292542], [-45.637059512832735, -18.79177964212642], [-45.699492390440355, -18.985044533184965], [-45.65982915054846, -19.01025299723608], [-45.62016591065655, -18.94443089665817], [-45.54965348418207, -18.98994617897268], [-45.41450466677264, -19.013754172798734], [-45.23822360058644, -18.912920316594274], [-45.207374414003844, -18.93252689974514], [-45.184604776288126, -18.875807855630136]], [[-47.988942737533776, -21.30912487167522], [-47.92210283327151, -21.241902300872248], [-47.94340346210234, -21.200588429232923], [-48.04182705738964, -21.203389369683045], [-48.05211011958384, -21.22859783373416], [-47.988942737533776, -21.30912487167522]], [[-51.35003506615088, -14.990203216195841], [-51.419812988182926, -14.990203216195841], [-51.34122101284157, -14.980399924620407], [-51.35003506615088, -14.990203216195841]], [[-51.30743380848921, -14.98110015973294], [-51.3331414639747, -14.969896397932445], [-51.33901749951424, -14.97479804372016], [-51.30743380848921, -14.98110015973294]]], [[[-45.26319675162948, -23.74174165260777], [-45.232347565046894, -23.785156229584693], [-45.29037341599985, -23.869184443088407], [-45.233082069489335, -23.948311010804403], [-45.26907278716902, -23.96511665350515], [-45.30285999152137, -23.90909784450267], [-45.44461934891279, -23.934306308553786], [-45.46004394220408, -23.890191496464336], [-45.36602737357144, -23.808964223410747], [-45.34031971808595, -23.727736950357155], [-45.26319675162948, -23.74174165260777]]], [[[-44.27161575433204, -23.179452857245412], [-44.34947322523095, -23.21516484798449], [-44.30613746312684, -23.121333342905345], [-44.28189881652624, -23.13463781004343], [-44.21652792114885, -23.08982276284145], [-44.094600183703385, -23.174551211457697], [-44.24664260328899, -23.201160145733873], [-44.27161575433204, -23.179452857245412]]], [[[-43.88085939095261, -23.042206775189342], [-43.61203076501863, -23.050609596539715], [-43.98809703954922, -23.102426994867006], [-44.010866677264936, -23.078619001040956], [-43.973406950700365, -23.045007715639468], [-43.899222002013666, -23.068815709465518], [-43.88085939095261, -23.042206775189342]]], [[[-43.26534466818575, -22.811129188054128], [-43.22053989719675, -22.78452025377795], [-43.175000621765314, -22.801325896478694], [-43.238902508257816, -22.833536711655118], [-43.26534466818575, -22.811129188054128]]]]}}, {"type": "Feature", "properties": {"regiao": 7}, "geometry": {"type": "MultiPolygon", "coordinates": [[[[-44.915776150354155, -14.004972412864781], [-45.19194982071255, -14.127513557557702], [-45.37484142688075, -14.257057053375927], [-46.03956794729125, -14.875364657740764], [-45.99696668962959, -14.741619751247352], [-46.0248778584424, -14.677898356007034], [-45.9852146185505, -14.619078606554435], [-45.98154209633829, -14.532249452600595], [-46.019001822902865, -14.472029232922932], [-45.907357147651595, -14.355089969130262], [-45.995497680744705, -14.256356818263395], [-46.06013407167964, -14.231848589324812], [-46.06086857612209, -14.195436363473203], [-46.187203340222204, -14.153422256721345], [-46.22172504901701, -14.106506504181773], [-46.22025604013212, -13.975562538138483], [-46.26432630667867, -13.947553133637243], [-46.23274261565364, -13.84881998277038], [-46.27754738664264, -13.790700468430309], [-46.22319405790189, -13.765492004379194], [-46.25624675781181, -13.684264731325602], [-46.1629646936216, -13.603737693384542], [-46.2320081112112, -13.583430875121145], [-46.24743270450249, -13.52181018521842], [-46.20923847349548, -13.465791376215943], [-46.2320081112112, -13.41887562367637], [-46.13578802925123, -13.37546104669945], [-46.068213620546516, -13.295634243870921], [-46.103469833783755, -13.257821547794247], [-46.29223747549149, -13.31664129724685], [-46.299582519915916, -13.128278051976022], [-46.32896269761362, -13.099568412362252], [-46.27534387331531, -13.020441844646253], [-46.12477046261459, -12.95952138985606], [-46.113018391535505, -12.918207518216732], [-46.30766206878278, -12.942015512042786], [-46.273874864430425, -12.815973191787215], [-46.310600086552554, -12.795666373523815], [-46.26799882889088, -12.716539805807816], [-46.30252053768569, -12.685029225743925], [-46.26799882889088, -12.650717705229908], [-46.30692756434034, -12.636713002979288], [-46.27020234221821, -12.55058408413798], [-46.19822090685884, -12.504368566710937], [-46.100531816013984, -12.527476325424459], [-45.84051724338932, -12.41823964786963], [-45.57829915743733, -12.400733770056355], [-45.48648610213202, -12.365021779317274], [-45.2272060339498, -12.42594223410747], [-45.125109916450285, -12.323007672565417], [-44.927528221433235, -12.292897562726587], [-44.58010762015791, -12.154951245557989], [-44.705707879815584, -12.168955947808605], [-44.73582256195573, -12.110836433468538], [-44.79825543956335, -12.105234552568291], [-44.81661805062441, -12.136044897519653], [-45.02227929450832, -11.914070366847337], [-45.09426072986769, -11.857351322732331], [-45.169914687439274, -11.846147560931836], [-45.280824858248096, -11.74111229405219], [-45.63779401727518, -11.789428516816827], [-45.860348863335275, -11.645880318747981], [-46.113018391535505, -11.605966917333717], [-46.10934586932329, -11.559751399906673], [-45.91323318319114, -11.534542935855558], [-45.65836014166357, -11.437210255213753], [-45.63191798173564, -11.493929299328762], [-45.380717462420286, -11.3839923866614], [-45.22940954727712, -11.422505317850604], [-45.05900451663045, -11.400798029362143], [-44.95911191245827, -11.312568405183242], [-44.9598464169007, -11.214535489428908], [-45.00832371010192, -11.121404219462292], [-44.95911191245827, -11.069586821135001], [-44.9804125412891, -10.969453200043073], [-44.94442182360942, -10.919036271940843], [-45.08177415434617, -10.839209469112316], [-45.2463031494533, -10.822403826411573], [-45.268338282726575, -10.77618830898453], [-45.35794782470457, -10.73207349689508], [-45.38512448907494, -10.65154645895402], [-45.43727430448836, -10.615834468214938], [-45.44755736668256, -10.509398731110235], [-45.39614205571158, -10.444977100757384], [-45.43066376450638, -10.35954841702861], [-45.55626402416406, -10.216700454072292], [-45.56728159080069, -10.139674591693886], [-45.603272308480385, -10.108164011629995], [-45.723731037040956, -10.155079764169567], [-45.744297161429344, -10.239808212785814], [-45.793508959072994, -10.26781761728705], [-45.896339581014956, -10.264316441724397], [-45.91102966986381, -10.370752178829104], [-45.9712590341441, -10.358848181916077], [-46.028550380654615, -10.276920673749956], [-45.97419705191386, -10.248211034136187], [-45.87871147439634, -10.110264716967585], [-45.84272075671665, -9.93940734951003], [-45.86475588998992, -9.861681252019096], [-45.821420127885816, -9.772751392727663], [-45.84198625227421, -9.562680858968378], [-45.79130544574567, -9.482854056139846], [-45.7986504901701, -9.417031955561935], [-45.907357147651595, -9.297991986431672], [-45.89780858989984, -9.185254133314189], [-45.99476317630226, -8.926867376790266], [-45.95950696306502, -8.815529993897844], [-45.84051724338932, -8.716096607918445], [-45.66350167276067, -8.250440258085359], [-45.58344068853443, -8.15660875300621], [-45.577564652994894, -8.029866197638107], [-45.52027330648437, -7.884917529344197], [-45.538635917545434, -7.861809770630675], [-45.45563691554943, -7.669945349797192], [-45.53790141310299, -7.596420662981441], [-45.64513906169961, -7.606223954556874], [-45.29037341599985, -7.147569955849097], [-45.24409963612597, -6.955705535015614], [-45.27788684047833, -6.940300362539933], [-45.331505664776635, -6.820560158297138], [-45.321957107024886, -6.781346991995406], [-45.368965391341206, -6.759639703506945], [-45.57315762634023, -6.819859923184609], [-45.746500674756675, -6.700119718941814], [-45.85080030558352, -6.721126772317742], [-45.94775489198594, -6.67421101977817], [-45.84051724338932, -6.599986097849886], [-45.83904823450444, -6.3016859399117], [-45.562140059703594, -6.076910468789261], [-45.52468033313903, -6.0012850766359165], [-45.415973675657526, -5.9389641516206595], [-45.29551494709695, -5.920057803582324], [-45.271276300496346, -5.995683195735669], [-45.182401262960795, -5.877343461717938], [-44.92459020366346, -5.789113837539038], [-44.96572245244025, -5.512520968089309], [-44.92605921254835, -5.387178882946266], [-44.7629992263261, -5.181309759862163], [-44.855546786073866, -5.10638460282135], [-44.86950237048028, -5.044763912918626], [-44.93487326585766, -5.021656154205104], [-45.02081028562344, -5.208618929250871], [-45.125109916450285, -5.123190245522093], [-45.330771160334194, -5.121789775297032], [-45.3395852136435, -5.246431625327542], [-45.369699895783654, -5.28004291072903], [-45.46004394220408, -5.268839148928532], [-45.48354808436224, -5.297548788542301], [-45.42111520675463, -5.446698867511397], [-45.52321132425414, -5.509019792526651], [-45.426991242294164, -5.603551532718331], [-45.48207907547736, -5.621057410531606], [-45.60767933513503, -5.776509605513478], [-45.710509957076994, -5.590247065580243], [-45.7398901347747, -5.402584055421947], [-45.7986504901701, -5.448799572848991], [-45.84051724338932, -5.411687111884849], [-45.886056518820766, -5.443897927061272], [-46.00137371628424, -5.361970418895151], [-45.93233029869464, -5.312953961017982], [-45.98594912299295, -5.289145967191931], [-46.187203340222204, -5.270939854266125], [-46.20556595128327, -5.325558193043541], [-46.30766206878278, -5.361270183782619], [-46.348059813117125, -5.29614831831724], [-46.19087586243442, -5.072073082307334], [-46.07041713387384, -5.000649100829175], [-46.017532814017976, -4.853599727197675], [-46.089514249377345, -4.854299962310204], [-46.115221904862835, -4.80038185864532], [-46.201893429071056, -4.7527658709932155], [-46.22833558899899, -4.62322237517499], [-46.15929217140939, -4.560201215047201], [-46.23274261565364, -4.445362656592124], [-46.22319405790189, -4.390744317814711], [-46.298848015473475, -4.243694944183208], [-46.212910995707695, -4.049729818012132], [-46.22539757122922, -4.009816416597868], [-46.26873333333333, -3.9895095983344717], [-46.63231303234239, -4.3354257439247625], [-46.739550680939004, -4.383041731576871], [-46.81153211629837, -4.37533914533903], [-46.86955796725133, -4.42785677877885], [-46.99956525356366, -4.427156543666321], [-47.08844029109922, -4.303214928748339], [-47.07301569780792, -4.236692593057899], [-47.02967993570381, -4.220587185469686], [-46.912159224913, -4.04062676154923], [-46.984140660272374, -3.7255209609102984], [-47.02967993570381, -3.6821063839333803], [-47.03849398901312, -3.564466885028178], [-46.96945057142352, -3.5126494867008873], [-46.92684931376185, -3.37610363975735], [-46.815204638510586, -3.311682009404503], [-46.72265707876282, -3.1590307548727523], [-46.749833743133195, -3.1247192343587358], [-46.67344528111917, -3.0672999551311975], [-46.64773762563368, -2.9699672744893917], [-46.67344528111917, -2.8929414121109893], [-46.58971177468072, -2.8460256595714135], [-46.67124176779184, -2.705978637065222], [-46.62202997014819, -2.6450581822750294], [-46.506712772684715, -2.617048777773789], [-46.4736600727748, -2.5463250314081627], [-46.42958980622825, -2.536521739832729], [-46.43913836398, -2.4132803600272794], [-46.50010223270273, -2.3817697799633883], [-46.84458481620828, -1.9000080225420888], [-46.84752283397806, -1.7158461879464468], [-46.79316950523731, -1.716546423058979], [-46.824018691819894, -1.543588350263832], [-46.54857952590394, -1.335618521842136], [-46.63525105011216, -1.2263818442873031], [-46.616153934608654, -1.1829672673103886], [-46.65948969671277, -1.0226134265407936], [-46.63672005899704, -0.9693955579884417], [-46.57649069471675, -0.9805993197889364], [-46.556659074770806, -0.9182783947736795], [-46.495695206048076, -0.8720628773466359], [-46.41049269072474, -0.8874680498223171], [-46.48027061275678, -0.9238802756739304], [-46.469253046120144, -1.0254143669909226], [-46.337042246480486, -1.0212129563157362], [-46.287830448836836, -0.9995056678272718], [-46.26506081112112, -0.9133767489859679], [-46.20042442018617, -0.8867678147097919], [-46.175451269143124, -0.9427866237122657], [-46.21511450903502, -1.0261146021034477], [-46.18426532245243, -1.053423771492156], [-46.16076118029427, -1.0051075487275227], [-46.14166406479077, -1.0583254172798746], [-46.09465578047444, -1.020512721203204], [-46.06307208944941, -1.1059414049319827], [-46.1042043382262, -1.201873615348724], [-46.01826731846042, -1.0807329408808641], [-45.97640056524119, -1.0667282386302475], [-45.946285883101055, -1.1955714993359408], [-45.871366429971914, -1.0527235363796237], [-45.84345526115909, -1.082833646218461], [-45.88311850105099, -1.1493559819088972], [-45.846393278928865, -1.2130773771492187], [-45.79644697684277, -1.1822670321978563], [-45.76853580802995, -1.199072674898595], [-45.722996532598515, -1.12764869342044], [-45.69067833713105, -1.148655746796365], [-45.734748603677595, -1.234784665637676], [-45.6899438326886, -1.273297596826879], [-45.64660807058449, -1.231983725187554], [-45.634855999505405, -1.148655746796365], [-45.61428987511702, -1.1570585681467378], [-45.641466539487396, -1.2697964212642248], [-45.51880429759949, -1.318112644028858], [-45.50484871319308, -1.3769323934814608], [-45.476203039937815, -1.3251149951541663], [-45.41009764011799, -1.3020072364406516], [-45.42184971119707, -1.3531243996554068], [-45.47473403105293, -1.3720307476937421], [-45.47546853549538, -1.4798669550235104], [-45.37190340911098, -1.3972392117448607], [-45.33885070920106, -1.3146114684662038], [-45.305063504848704, -1.3363187569546682], [-45.29918746930916, -1.4329512024839346], [-45.38365548019006, -1.466562487885426], [-45.31608107148534, -1.4861690710362936], [-45.32416062035221, -1.5968062188161838], [-45.268338282726575, -1.5989069241537734], [-45.158897120802635, -1.4749653092357917], [-45.00832371010192, -1.4854688359237613], [-44.953235876918725, -1.5596937578520382], [-44.97380200130712, -1.499473538174378], [-44.86068831717097, -1.4112439139954773], [-44.83057363503082, -1.428049556696223], [-44.843794714994786, -1.478466484798453], [-44.915776150354155, -1.547089525826486], [-44.91283813258438, -1.594705513478587], [-44.85334327274654, -1.6178132721921088], [-44.83644967057036, -1.5743986952151943], [-44.757857695229006, -1.591904573028465], [-44.70497337537314, -1.5540918769517944], [-44.657230586614375, -1.5877031623532787], [-44.63666446222599, -1.6164128019670514], [-44.77768931517495, -1.6801341972073658], [-44.69983184427605, -1.731251360422128], [-44.75271616413191, -1.789370874762195], [-44.64768202886262, -1.7585605298108327], [-44.65282355995972, -1.7151459528339146], [-44.6006737445463, -1.740354416885026], [-44.61536383339515, -1.7634621755985513], [-44.53897537138113, -1.850291329552391], [-44.55146194690265, -1.8888042607415905], [-44.512533211453196, -1.8888042607415905], [-44.48241852931305, -1.9882376467209895], [-44.536037353611356, -2.0197482267848805], [-44.56394852242417, -2.015546816109694], [-44.57790410683058, -2.0288512832477856], [-44.497843122604344, -2.049158101511182], [-44.67779671100277, -2.2802356886463997], [-44.644744011092854, -2.2963410962346096], [-44.53016131807182, -2.159795249291072], [-44.461852404924656, -2.1457905470404555], [-44.397950518432154, -2.215113823181021], [-44.35755277409782, -2.3369547327614058], [-44.38766745623796, -2.4090789493520965], [-44.44275528942116, -2.4139805951398117], [-44.44275528942116, -2.4573951721167298], [-44.5367718580538, -2.5449245611831017], [-44.62711590447424, -2.7031776966150964], [-44.63225743557133, -2.8460256595714135], [-44.6800002243301, -2.9195503463871653], [-44.67926571988765, -2.979070330952297], [-44.59185969123699, -3.0406910208550215], [-44.49563960927702, -3.025986083491869], [-44.42512718280253, -2.944058575325748], [-44.35461475632805, -2.60234384041064], [-44.377384394043766, -2.5659316145590303], [-44.304668454241956, -2.4875052819555634], [-44.031432801653324, -2.406278008901971], [-44.033636314980654, -2.549826206970817], [-44.080644599296974, -2.563830909221437], [-44.1379359458075, -2.681470408126639], [-44.2657397187925, -2.7605969758426383], [-44.14821900800169, -2.768299562080479], [-44.078441085969644, -2.7437913331418926], [-43.93154019748114, -2.561730203883844], [-43.850010204370015, -2.509912805556553], [-43.838258133290935, -2.416781535589937], [-43.80300192005369, -2.39087283642629], [-43.79859489339904, -2.439889294303459], [-43.726613458039665, -2.3866714257511035], [-43.72073742250013, -2.2914394504468945], [-43.62745535830992, -2.2515260490326305], [-43.594402658400014, -2.2830366290965216], [-43.6443489604861, -2.401376363114256], [-43.68621571370532, -2.3971749524390695], [-43.76040066239203, -2.4657979934671026], [-43.69649877589953, -2.5148144513442716], [-43.558411940720326, -2.479802695717723], [-43.53711131188949, -2.4216831813776523], [-43.506996629749345, -2.4777019903801296], [-43.46145735431791, -2.486104811730499], [-43.483492487591185, -2.3852709555260425], [-43.46072284987547, -2.3502591998994937], [-43.31161844805963, -2.3383552029864667], [-42.69610372529277, -2.573634200796871], [-42.587397067811274, -2.66886617610108], [-42.36484222175118, -2.7150816935281235], [-42.33840006182325, -2.74939321404214], [-42.26348060869411, -2.757796035392513], [-42.2546665553848, -2.675868527226392], [-42.07104044477416, -2.6870722890268866], [-42.04312927596135, -2.729786630891276], [-41.80735334993729, -2.729786630891276], [-41.82571596099835, -2.7570958002799806], [-41.7816456944518, -2.758496270505045], [-41.612709672690016, -2.8964425876736435], [-41.340208524543826, -2.927252932625006], [-41.27116510695423, -2.887339531210742], [-41.10149458075, -2.90064399834883], [-40.59027948880998, -2.8467258946839458], [-40.497731929062226, -2.784404969668689], [-40.18850555879391, -2.8124143741699292], [-39.918942428417495, -2.868433183172403], [-39.72136073340045, -2.996576208765571], [-39.61999912034338, -3.025986083491869], [-39.592087951530566, -3.0694006604687907], [-39.22777374807906, -3.2409582630388734], [-39.164606366029, -3.326386946767652], [-39.23805681027326, -3.3592979970566077], [-39.26229545687386, -3.4902419630998978], [-39.31517977672972, -3.5798720575038594], [-39.21602167699998, -3.6085816971176286], [-39.21381816367265, -3.692609910621343], [-39.001546379806754, -3.684907324383502], [-38.96114863547241, -3.7122164937722104], [-38.95674160881776, -3.7682353027746878], [-38.999342866479424, -3.83545787357766], [-38.943520528853796, -3.944694551132489], [-39.00374989313408, -3.991610303672065], [-38.943520528853796, -4.103647921677016], [-38.86199053574267, -4.112050743027389], [-38.8348138713723, -4.072837576725654], [-38.74814234716408, -4.093144394989054], [-38.66734685849539, -4.018219237948241], [-38.60564848533022, -4.014718062385583], [-38.574799298747635, -4.053931228687318], [-38.60491398088778, -4.058832874475037], [-38.61299352975465, -4.104348156789548], [-38.56671974988077, -4.122554269715351], [-38.717293160581484, -4.186975900068202], [-38.693789018423324, -4.380240791126745], [-38.64384271633723, -4.415252546753294], [-38.61152452086976, -4.379540556014216], [-38.53366704997085, -4.36903702932625], [-38.57039227209298, -4.235292122832838], [-38.39264219702188, -4.223388125919811], [-38.38529715259745, -4.338226684374888], [-38.43671246356843, -4.383741966689399], [-38.36032400155441, -4.501381465594601], [-38.3808901259428, -4.578407327973007], [-38.5292600233162, -4.680641654402528], [-38.52191497889177, -4.737360698517534], [-38.66661235405295, -4.869705134785885], [-38.647515238549445, -4.93762794070139], [-38.70113406284775, -4.902616185074841], [-38.88255666013106, -4.9355272353637964], [-38.91854737781075, -4.852199256972611], [-38.87521161570663, -4.852199256972611], [-38.80249567590482, -4.740861874080188], [-38.87447711126419, -4.679241184177464], [-38.94425503329624, -4.74016163896766], [-38.978042237648594, -4.668037422376969], [-39.03459907971667, -4.668037422376969], [-39.04047511525621, -4.710751764241358], [-39.10437700174871, -4.761868927456117], [-39.04782015968063, -4.770971983919022], [-39.065448266299256, -4.811585620445818], [-39.198393570381356, -4.965637345202627], [-39.22483573030929, -4.961435934527444], [-39.21675618144242, -5.009752157292077], [-39.14771276385282, -5.061569555619368], [-39.149181772737705, -5.144197298898021], [-38.90018476674968, -5.163803882048889], [-38.81277873809902, -5.0664712014070865], [-38.61813506085174, -5.118988834846906], [-38.612259025312206, -5.150499414910801], [-38.71508964725416, -5.268138913816003], [-38.51677344779467, -5.442497456836211], [-38.362527514881734, -5.349366186869595], [-38.329474814971825, -5.275141264941311], [-38.23839626410894, -5.2107196345884645], [-38.2134231130659, -4.974040166552999], [-38.06064618903785, -5.080475903657707], [-38.01804493137618, -5.024457094655229], [-37.81972873191669, -4.984543693240962], [-37.67723487008284, -5.052466499156466], [-37.7249776588416, -5.070672612082273], [-37.78814504089166, -5.219122455938834], [-37.42603435076749, -5.310853255680392], [-37.29602706445515, -5.391380293621452], [-37.29455805557027, -5.4782094475752885], [-37.382698588663374, -5.4782094475752885], [-37.44219344850122, -5.586745890017589], [-37.46716659954427, -5.752001376574896], [-37.436317412961685, -5.985179669047703], [-37.40106119972444, -5.9627721454467135], [-37.359194446505214, -6.006186722423632], [-37.45614903290763, -6.0965170519401255], [-37.64858919682758, -5.941064856958253], [-37.67209333898574, -6.048200829175492], [-37.77198594315793, -6.001985311748449], [-37.777127474255025, -6.067807412326356], [-37.741871261017785, -6.1217255159912405], [-37.68751793227703, -6.109121283965685], [-37.70881856110787, -6.177044089881189], [-37.77639296981258, -6.245667130909222], [-37.764640898733504, -6.291882648336266], [-37.812383687492265, -6.2925828834487945], [-37.85865746736615, -6.374510391614919], [-37.91962133608888, -6.4116228525790575], [-37.86453350290569, -6.4501357837682605], [-37.90199322947026, -6.541166348397287], [-37.827808280783564, -6.558672226210561], [-37.83148080299577, -6.591583276499517], [-37.764640898733504, -6.555171050647907], [-37.73379171215092, -6.3899155640906], [-37.53547551269143, -6.4753442478193755], [-37.50976785720594, -6.526461411034138], [-37.46496308621694, -6.532763527046914], [-37.484794706162894, -6.709923010517247], [-37.34303534877148, -6.7015201891668745], [-37.301903099994696, -6.652503731289709], [-37.17924085810679, -6.613990800100506], [-37.03527798738805, -6.73443123945583], [-36.97725213643509, -6.721827007430274], [-36.956686012046696, -6.816358747621955], [-37.01030483634501, -6.8709770863993676], [-37.13370158267535, -6.793250988908433], [-37.23432869128998, -6.824761568972324], [-37.212293558016704, -6.905288606913384], [-37.411344261918636, -6.9346984816396855], [-37.48185668839312, -6.91579213360135], [-37.4539455195803, -6.961307415915861], [-37.52225443272746, -6.972511177716356], [-37.520050919400134, -7.001921052442658], [-37.37168102202674, -6.997719641767471], [-37.34450435765636, -7.097853262859399], [-37.38857462420292, -7.148270190961629], [-37.337159313231936, -7.140567604723788], [-37.312920666631335, -7.085949265946372], [-37.24534625792662, -7.109757259772426], [-37.188789415858544, -7.058640096557664], [-37.08669329835903, -7.108356789547365], [-37.0896313161288, -7.169277244337557], [-37.054375102891555, -7.156673012311998], [-37.01471186299966, -7.249104047166085], [-36.96256204758624, -7.286216508130227], [-36.798033052479106, -7.33103155533221], [-36.76644936145408, -7.305823091281095], [-36.709892519386, -7.379347778096843], [-36.673901801706315, -7.382848953659501], [-36.87809403670535, -7.539001383753902], [-36.97798664087753, -7.454272935137656], [-37.02499492519386, -7.496987277002045], [-36.97798664087753, -7.543202794429089], [-36.99781826082348, -7.62513030259521], [-37.09991437832299, -7.599221603431566], [-37.16087824704573, -7.697954754298433], [-37.152064193736415, -7.779882262464554], [-37.217435089113806, -7.80649119674073], [-37.24387724904174, -7.873713767543702], [-37.350380393195906, -7.948638924584515], [-37.34009733100171, -7.979449269535877], [-37.16014374260328, -7.996955147349151], [-37.09550735166834, -8.052273721239096], [-37.067596182855524, -8.032667138088229], [-36.96476556091357, -8.059976307476937], [-36.92510232102167, -8.012360319824833], [-36.93097835656121, -7.871613062206109], [-36.96109303870136, -7.8309994256793125], [-36.783342963630254, -7.826798015004126], [-36.72678612156218, -7.775680851789367], [-36.57254018864925, -7.936034692558959], [-36.81639566354017, -7.958442216159948], [-36.87956304559023, -8.016561730500019], [-36.96403105647112, -8.180416746832261], [-36.95448249871937, -8.299456715962524], [-37.0205878985392, -8.28965342438709], [-37.04776456290958, -8.34777293872716], [-37.14912617596664, -8.403791747729638], [-37.02279141186653, -8.499023723033847], [-37.07200320951018, -8.534035478660396], [-36.98826970307173, -8.557143237373918], [-36.993411234168825, -8.896757266951433], [-36.86560746118382, -8.888354445601063], [-36.98533168530196, -9.129235324311711], [-36.945668445410064, -9.18665460353925], [-37.055109607334, -9.307095042894577], [-36.93685439210075, -9.377118554147671], [-36.87956304559023, -9.276284697943215], [-36.872218001165805, -9.167748255500914], [-36.76865287478141, -9.137638145662084], [-36.78481197251514, -9.113129916723501], [-36.70475098828891, -9.021399116981943], [-36.63717657958419, -9.020698881869414], [-36.61220342854114, -8.906560558526866], [-36.66729126172434, -8.832335636598586], [-36.75910431702965, -8.833736106823647], [-36.7789359369756, -8.802225526759756], [-36.77305990143606, -8.732202015506658], [-36.70254747496158, -8.723799194156285], [-36.687857386112725, -8.633468864639791], [-36.613672437426025, -8.55784347248645], [-36.48733767332591, -8.704192611005421], [-36.27359688057513, -8.562745118274165], [-36.29269399607863, -8.631368159302202], [-36.26845534947803, -8.62436580817689], [-36.186925356366906, -8.711895197243262], [-36.21704003850705, -8.79312247029685], [-36.17590778973027, -8.78401941383395], [-36.03341392789641, -8.90866126386446], [-36.12816500097151, -8.957677721741629], [-36.11053689435288, -9.157244728812952], [-36.20088094077332, -9.218865418715676], [-36.12008545210463, -9.330903036720628], [-36.15607616978432, -9.473050764564412], [-36.30224255383039, -9.42613501202484], [-36.33970228039496, -9.510863460641087], [-36.38671056471128, -9.509462990416022], [-36.3507198470316, -9.592090733694675], [-36.25449976507162, -9.621500608420977], [-36.25303075618674, -9.730037050863274], [-36.332357235970534, -9.713231408162532], [-36.35953390034091, -9.769250217165009], [-36.52626640877536, -9.802861502566493], [-36.553443073145736, -9.839273728418107], [-36.49688623107766, -9.867283132919344], [-36.4836651511137, -10.026936738576403], [-36.455019477858436, -10.03253861947665], [-36.52332839100559, -10.176787052658028], [-36.613672437426025, -10.19989481137155], [-36.65994621729991, -10.246810563911122], [-36.5718056842068, -10.316133840051688], [-36.56225712645505, -10.415567226031083], [-36.4630990267253, -10.408564874905775], [-36.396259122463036, -10.496794499084675], [-36.7840774680727, -10.68795868480563], [-36.95301348983448, -10.851813701137871], [-37.40620273082154, -11.536643641193152], [-37.7697824298306, -12.238979459061703], [-38.001151329200006, -12.577893253526685], [-38.243537795206045, -12.852385417638825], [-38.353713461572426, -12.957420684518468], [-38.46903065903591, -13.014839963746006], [-38.64310821189479, -13.015540198858538], [-38.91854737781075, -13.213706735704797], [-39.102173488421386, -13.25852178290678], [-39.3026932012082, -13.16328980760257], [-39.21381816367265, -13.108671468825154], [-39.122739612809774, -13.108671468825154], [-39.20133158815113, -13.077861123873792], [-39.174154923780755, -13.08276276966151], [-39.113191055058024, -12.968624446318962], [-39.16166834825923, -12.848884242076167], [-39.21455266811509, -12.87129176567716], [-39.224101225866846, -12.939214571592661], [-39.31738329005705, -12.948317628055566], [-39.32619734336636, -12.977727502781864], [-39.35117049440941, -12.90140187551599], [-39.4753017451822, -12.853785887863886], [-39.62293713811315, -12.913305872429017], [-39.68904253793298, -12.999434791270325], [-39.80142171762669, -12.984029618794644], [-39.70299812233939, -13.112172644387808], [-39.75735145108013, -13.131078992426144], [-39.74266136223129, -13.17939521519078], [-39.83814693974882, -13.190598976991275], [-39.75882045996502, -13.247318021106285], [-39.72944028226732, -13.313140121684196], [-39.72723676893999, -13.36915893068667], [-39.75294442442548, -13.369859165799202], [-39.711077671206255, -13.460189495315696], [-39.72944028226732, -13.489599370041997], [-39.69491857347252, -13.512707128755519], [-39.772776044371426, -13.517608774543234], [-39.79407667320226, -13.456688319753042], [-39.97549927048557, -13.315240827021789], [-40.1503113277869, -13.336948115510246], [-40.07171935244555, -13.495201250942245], [-40.12166565453164, -13.526711831006136], [-40.09448899016127, -13.684264731325602], [-40.46761724692208, -13.717175781614557], [-40.474227786904066, -13.678662850425354], [-40.53739516895412, -13.729079778527584], [-40.519032557893055, -13.789299998205248], [-40.43970607810926, -13.86492539035859], [-40.50507697348665, -13.88663267884705], [-40.51021850458375, -13.949653838974836], [-40.34936203168883, -14.032981817366021], [-40.31851284510624, -14.006372883089846], [-40.20539916097009, -14.05398887074195], [-40.22155825870383, -14.095302742381275], [-40.175284478829944, -14.135216143795542], [-40.163532407750864, -14.252855642700741], [-40.11285160122233, -14.228347413762158], [-40.054091245826925, -14.282965752539575], [-40.005613952625716, -14.266160109838829], [-39.9483226061152, -14.362792555368102], [-39.823456850899966, -14.38239913851897], [-39.837412435306376, -14.443319593309162], [-39.90204882624132, -14.435617007071322], [-40.030587103668765, -14.535050393050717], [-40.07686088354264, -14.537851333500843], [-40.12754169007118, -14.487434405398613], [-40.398573829332484, -14.394303135431997], [-40.40518436931446, -14.45032194443447], [-40.448520131418576, -14.463626411572562], [-40.66005741084203, -14.46292617646003], [-40.67768551746065, -14.476230643598118], [-40.61451813541059, -14.670896004881726], [-40.959000718916144, -14.67439718044438], [-40.9634077455708, -14.788535503786925], [-41.171272502782045, -14.853657369252304], [-41.08827350078603, -15.042020614523132], [-41.094149536325574, -15.114144831113823], [-41.19036961828555, -15.210077041530564], [-41.27263411583911, -15.189069988154635], [-41.3328634801194, -15.126749063139378], [-41.29466924911239, -15.079133075487274], [-41.302014293536814, -15.023814501597329], [-41.218280787098365, -14.997905802433682], [-41.2638200625298, -14.912477118704906], [-41.2689615936269, -14.798338795362358], [-41.30935933796124, -14.78363385799921], [-41.38207527776305, -14.825647964751067], [-41.42467653542472, -14.790636209124518], [-41.54586976842774, -14.814444202950572], [-41.65531093035168, -14.918078999605154], [-41.68616011693427, -14.913177353817435], [-41.743451463444785, -14.866261601277863], [-41.806618845494846, -14.87046301195305], [-41.82865397876812, -14.794137384687172], [-41.92634306961298, -14.70450729028321], [-42.03064270043983, -14.661092713306292], [-42.06810242700439, -14.716411287196237], [-42.060757382579965, -14.85015619368965], [-42.12906629572713, -14.812343497612979], [-42.346479610690125, -14.869062541727985], [-42.380266815042475, -14.948189109443984], [-42.46546933036581, -14.957292165906885], [-42.478690410329776, -15.014011210021895], [-42.79526182502252, -14.837551961664094], [-42.95244577570522, -14.708708700958397], [-43.03691378658611, -14.68280000179475], [-43.24477854379735, -14.656191067518574], [-43.42399762775334, -14.719912462758892], [-43.53050077190751, -14.815844673175633], [-43.58632310953314, -14.750022572597722], [-43.711923369190814, -14.715010816971176], [-43.65683553600763, -14.670896004881726], [-43.632596889407026, -14.57216285401486], [-43.716330395845475, -14.402005721669838], [-43.69723328034196, -14.348787853117482], [-43.5753055428965, -14.283665987652103], [-43.570164011799406, -14.182131896335115], [-43.456315823220805, -14.166026488746905], [-43.48789951424584, -14.09040109659356], [-43.43942222104463, -13.876129152159084], [-43.53858032077437, -13.773194590617035], [-43.50479311642202, -13.742384245665672], [-43.45043978768127, -13.542117003481817], [-43.55694293183544, -13.644351329911338], [-43.54812887852613, -13.712274135826842], [-43.592933649515125, -13.7633912990416], [-43.58632310953314, -13.80610564090599], [-43.93300920636602, -13.656255326824365], [-43.82136453111475, -13.488899134929465], [-43.89554947980145, -13.472793727341255], [-43.90803605532298, -13.430779620589394], [-43.85735524879444, -13.262022958469434], [-43.88232839983749, -13.303336830108762], [-44.00058361507074, -13.313840356796725], [-44.194492787875575, -13.394367394737785], [-44.2657397187925, -13.469292551778597], [-44.17980269902672, -13.684264731325602], [-44.02922928832599, -13.792801173767902], [-44.01307019059226, -13.853721628558095], [-44.06595451044812, -13.94475219318712], [-44.093865679260944, -13.914642083348287], [-44.10708675922491, -13.985365829713917], [-44.19522729231801, -13.926546080261314], [-44.27675728542914, -14.03158134714096], [-44.4677284404642, -14.03228158225349], [-44.794582917351136, -13.825712224056858], [-44.90328957483263, -13.925145610036253], [-44.915776150354155, -14.004972412864781]], [[-36.553443073145736, -9.774151862952724], [-36.639380092911516, -9.636205545784126], [-36.68638837722784, -9.635505310671597], [-36.754697290375, -9.707629527262284], [-36.6907954038825, -9.804261972791558], [-36.591637304152755, -9.87148454359453], [-36.542425506509105, -9.872184778707059], [-36.553443073145736, -9.839273728418107], [-36.553443073145736, -9.774151862952724]]], [[[-44.791644899581364, -1.514178475537527], [-44.75198165968946, -1.4686631932230156], [-44.75051265080458, -1.516979415987656], [-44.791644899581364, -1.514178475537527]]], [[[-44.866564352710505, -1.3286161707168276], [-45.00538569233214, -1.4007403873075148], [-45.02888983449031, -1.318112644028858], [-44.92899723031812, -1.2669954808141028], [-44.878316423789585, -1.285201593739906], [-44.866564352710505, -1.3286161707168276]]], [[[-45.66864320385777, -1.2221804336121167], [-45.69141284157348, -1.2655950105890383], [-45.68774031936127, -1.1836675024229137], [-45.66864320385777, -1.2221804336121167]]], [[[-45.57976816632222, -1.1955714993359408], [-45.53937042198788, -1.2053747909113781], [-45.53569789977567, -1.2277823145123676], [-45.57829915743733, -1.2305832549624895], [-45.57976816632222, -1.1955714993359408]]], [[[-46.33998026425026, -0.9595922664130114], [-46.30692756434034, -0.943486858824798], [-46.311334590994996, -1.005807783840055], [-46.33998026425026, -0.9595922664130114]]], [[[-44.4816840248706, -2.726285455328618], [-44.47874600710084, -2.958063277576368], [-44.561010504654405, -3.022484907929215], [-44.59185969123699, -3.0154825568039065], [-44.63078842668645, -2.9881733874151983], [-44.58598365569745, -2.814515079507519], [-44.4816840248706, -2.726285455328618]]], [[[-43.56208446293254, -2.4237838867152455], [-43.61276526946107, -2.378268604400734], [-43.558411940720326, -2.3551608456872124], [-43.542252842986585, -2.36076272658746], [-43.56208446293254, -2.4237838867152455]]], [[[-36.04296248564817, -9.28118634373093], [-36.20088094077332, -9.218865418715676], [-36.0591215833819, -9.216064478265551], [-35.88871655273523, -9.138338380774616], [-36.04296248564817, -9.28118634373093]]], [[[-35.818938630703194, -9.159345434150545], [-35.88871655273523, -9.138338380774616], [-35.83436322399449, -8.984286656017805], [-35.68158629996643, -9.029801938332316], [-35.71390449543391, -9.052909697045838], [-35.686727831063536, -9.099825449585413], [-35.62943648455301, -9.092122863347573], [-35.58022468690936, -9.15794496392548], [-35.6896658488333, -9.102626390035535], [-35.818938630703194, -9.159345434150545]]]]}}, {"type": "Feature", "properties": {"regiao": 8}, "geometry": {"type": "MultiPolygon", "coordinates": [[[[-46.555924570328365, -16.632954790193473], [-46.55812808365569, -16.37386779855702], [-46.5133233126667, -16.382270619907388], [-46.458969983925954, -16.28703864460318], [-46.38405053079681, -16.263230650777125], [-46.311334590994996, -16.298242406403673], [-46.37890899969971, -16.173600556373163], [-46.38184701746948, -16.087471637531856], [-46.43326232844046, -16.04055588499228], [-46.39286458410612, -15.98173613553968], [-46.46190800169572, -15.904010038048746], [-46.457500975041064, -15.851492404608923], [-46.25477774892692, -15.795473595606445], [-46.248167208944935, -15.606410115223085], [-46.30619305989789, -15.345222418249037], [-46.41857223959161, -15.198173044617537], [-46.422244761803825, -15.09803942352561], [-46.5030402504725, -15.051123670986037], [-46.6257024923604, -15.08963660217524], [-46.85707139172981, -15.01051003445924], [-46.92538030487697, -15.057425786998813], [-46.88865508275484, -15.112744360888762], [-46.93713237595605, -15.205175395742845], [-46.9275838182043, -15.254892088732547], [-46.89159310052461, -15.235285505581679], [-46.873964993905986, -15.285702433683905], [-46.9415394026107, -15.314412073297678], [-47.048042546764876, -15.08963660217524], [-47.07815722890501, -15.063727903011593], [-47.13324506208821, -15.117646006676477], [-47.18612938194407, -15.012610739796834], [-47.17364280642255, -14.975498278832692], [-47.216244064084215, -14.954491225456763], [-47.21991658629643, -14.810943027387918], [-47.08623677777189, -14.647088011055672], [-47.08109524667479, -14.599472023403568], [-47.09358182219631, -14.545553919738683], [-47.14573163760973, -14.539251803725904], [-47.183191364174306, -14.439818417746508], [-47.17070478865278, -14.264059404501236], [-46.985609669157256, -14.052588400516889], [-47.03922849345556, -14.03228158225349], [-47.17584631974988, -14.147820375821098], [-47.32495072156571, -14.161825078071718], [-47.36167594368784, -14.132415203345417], [-47.45495800787805, -14.161124842959186], [-47.40354269690707, -14.223445767974443], [-47.38958711250066, -14.313776097490937], [-47.55338160316535, -14.454523355109657], [-47.597451869711904, -14.427214185720953], [-47.705424022750954, -14.46292617646003], [-47.839103831275494, -14.331281975304208], [-47.914023284404635, -14.33198221041674], [-47.95809355095119, -14.271761990739076], [-48.04256156183209, -14.232548824437345], [-48.163020290392666, -14.118410501094797], [-48.25116082348576, -13.96085760077533], [-48.31873523219048, -13.939150312286873], [-48.3466464010033, -13.862124449908467], [-48.282010010068355, -13.832014340069634], [-48.25116082348576, -13.857923039233281], [-48.13804713934961, -13.754988477691231], [-48.14318867044671, -13.65275415126171], [-48.107197952767024, -13.562423821745217], [-48.13217110381007, -13.504304307405146], [-48.19901100807235, -13.47139325711619], [-48.148330201543814, -13.4398826770523], [-48.16595830816243, -13.189198506766214], [-48.12849858159786, -13.098167942137191], [-48.18872794587815, -12.883195762590187], [-48.221046141345624, -12.837680480275672], [-48.32681478105735, -12.80687013532431], [-48.431114411884195, -12.842582126063391], [-48.52366197163195, -12.779560965935602], [-48.54569710490523, -12.731244743170969], [-48.51852044053486, -12.641614648767003], [-48.456822067369686, -12.568790197063784], [-48.44653900517548, -12.436445760795433], [-48.48106071397028, -12.414038237194443], [-48.6125370091675, -12.498066450698158], [-48.697005020048394, -12.442747876808212], [-48.6815804267571, -12.414038237194443], [-48.75282735767403, -12.385328597580674], [-48.799835641990356, -12.387429302918267], [-48.91294932612651, -12.477059397322229], [-48.99741733700739, -12.495265510248036], [-49.00696589475915, -12.441347406583152], [-48.92984292830268, -12.395131889156108], [-48.91074581279918, -12.294298032951648], [-48.74768582657693, -12.3090029703148], [-48.73373024217052, -12.271890509350659], [-48.626492593573914, -12.213770995010588], [-48.64265169130765, -12.140946543307368], [-48.7800040220444, -12.133243957069528], [-48.7557653754438, -11.992496699450804], [-48.82995032413049, -11.962386589611974], [-48.894586715065444, -11.877658140995727], [-48.807915190857216, -11.743212999389783], [-48.76384492431066, -11.744613469614844], [-48.67864240898733, -11.522638938942531], [-48.6279616024588, -11.522638938942531], [-48.56993575150584, -11.395896383574428], [-48.478857200642956, -11.36228509817294], [-48.45388404959991, -11.262151477081016], [-48.55965268931163, -11.031073889945798], [-48.51705143164997, -10.95894967335511], [-48.45755657181212, -10.927439093291216], [-48.45388404959991, -10.974354845830788], [-48.32461126773002, -11.048579767759072], [-48.31873523219048, -11.132607981262787], [-48.21737361913341, -11.209633843641193], [-48.259240372352636, -11.28175806023188], [-48.156409750410674, -11.269854063318856], [-48.09544588168795, -11.31817028608349], [-48.071941739529784, -11.27965735489429], [-47.867015000088315, -11.204031962740945], [-47.80311311359581, -11.20893360852866], [-47.74582176708529, -11.304165583832873], [-47.620221507427615, -11.30346534872034], [-47.597451869711904, -11.381891681323808], [-47.694406456114315, -11.49953118022901], [-47.66796429618638, -11.54994810833124], [-47.693671951671874, -11.638877967622669], [-47.82735176019642, -11.760718877203058], [-47.965438595375616, -11.71730430022614], [-48.08956984614841, -11.722205946013855], [-48.08222480172398, -11.76912169855343], [-48.02052642855881, -11.776124049678739], [-47.999960304170415, -11.818838391543128], [-47.87362554007029, -11.873456730320541], [-47.843510857930156, -11.951883062924008], [-47.87068752230053, -12.013503752826733], [-47.83102428240863, -12.082827028967298], [-47.76785690035857, -12.048515508453281], [-47.7994405913836, -12.152850540220395], [-47.65547772066486, -12.131843486844467], [-47.6319735785067, -12.183660885171758], [-47.56733718757175, -12.189963001184534], [-47.55631962093511, -12.167555477583544], [-47.49462124776994, -12.18646182562188], [-47.446878459011174, -11.998798815463584], [-47.55338160316535, -11.90986895617215], [-47.426312334622786, -11.778224755016332], [-47.45716152120537, -11.706100538425641], [-47.423374316853014, -11.563952810581856], [-47.47846215003621, -11.516336822929752], [-47.4836036811333, -11.46451942460246], [-47.40501170579195, -11.310467699845649], [-47.41382575910126, -11.269854063318856], [-47.31540216381396, -11.159216915538963], [-47.33376477487502, -11.00516519078215], [-47.26325234840054, -10.977856021393446], [-47.03041444014625, -11.15711621020137], [-46.79610752300708, -11.089893639398397], [-46.74763022980587, -11.120003749237231], [-46.70429446770176, -11.129807040812665], [-46.78215193860067, -11.063984940234754], [-46.851195356190274, -11.06818635090994], [-46.86441643615424, -11.045078592196418], [-46.79537301856463, -10.954748262679924], [-46.81153211629837, -10.907832510140349], [-46.8879205783124, -10.883324281201766], [-46.88865508275484, -10.678855628342724], [-46.948149942592686, -10.66134975052945], [-46.99956525356366, -10.50799826088517], [-47.05244957341952, -10.509398731110235], [-47.10313037994806, -10.439375219857137], [-47.08697128221433, -10.36865147349151], [-47.04877705120731, -10.322435956064467], [-47.0260074134916, -10.336440658315087], [-46.94888444703513, -10.175386582432967], [-47.11488245102714, -10.041641675939552], [-47.203757488562694, -10.020634622563623], [-47.19935046190804, -9.954812521985712], [-47.071546688923036, -9.800060562116371], [-47.09945785773585, -9.691524119674071], [-47.06640515782594, -9.645308602247031], [-47.081829751117226, -9.487055466815033], [-47.34625135039654, -9.286788224631177], [-47.26104883507321, -9.182453192864067], [-47.217713072969104, -8.859644805987294], [-47.2867564905587, -8.8281342259234], [-47.37048999699715, -8.851942219749453], [-47.40427720134951, -8.794522940521915], [-47.303650092734884, -8.746206717757278], [-47.32495072156571, -8.643972391327758], [-47.25076577287902, -8.479417139882983], [-47.288225499443584, -8.454908910944397], [-47.472586114496664, -8.486419491008292], [-47.62536303852471, -8.435302327793533], [-47.71570708494515, -8.452107970494275], [-47.8684840089732, -8.254641668760545], [-47.902271213325555, -8.165711809469112], [-47.8839086022645, -8.073981009727557], [-47.95442102873898, -7.925531165870993], [-47.89492616890113, -7.793186729602642], [-47.719379607157364, -7.6972545191859005], [-47.71423807606027, -7.814894018091103], [-47.654743216222414, -7.911526463620373], [-47.55485061205023, -7.991353266448904], [-47.4645065656298, -7.970346213072975], [-47.50123178775193, -7.912226698732905], [-47.48213467224842, -7.767278030438995], [-47.56219565647466, -7.727364629024731], [-47.429984856835, -7.547404205104275], [-47.240482710684816, -7.813493547866038], [-47.01498984685496, -8.058575837251876], [-47.043635520110215, -8.231533910047023], [-47.06787416671082, -8.27354801679888], [-47.13985560207019, -8.291754129724684], [-47.167032266440565, -8.393288221041672], [-47.12516551322134, -8.460510791844644], [-47.02967993570381, -8.502524898596505], [-46.84605382509317, -8.534035478660396], [-46.90261066716125, -8.58655311210022], [-46.91656625156766, -8.648173802002944], [-46.887186073869955, -8.686686733192147], [-46.92611480931941, -8.735002955956784], [-46.91803526045254, -8.856843865537169], [-46.99295471358168, -8.87855115402563], [-46.97018507586596, -8.914263144764707], [-47.057591104516625, -9.052909697045838], [-46.912159224913, -9.083019806884668], [-46.93052183597406, -9.10612756559819], [-46.81961166516524, -9.211863067590365], [-46.84678832953561, -9.292390105531425], [-46.75864779644251, -9.381319964822858], [-46.63304753678483, -9.411430074661688], [-46.616888439051095, -9.356811735884275], [-46.666834741137194, -9.276984933055743], [-46.606605376856905, -9.15024237768764], [-46.61395042128133, -9.087221217559854], [-46.54049997703707, -9.057811342833553], [-46.50377475491494, -8.93036855235292], [-46.39359908854856, -8.890455150938656], [-46.287095944394395, -8.758110714670305], [-46.261388288908904, -8.801525291647224], [-46.1335845159239, -8.836537047273772], [-45.93820633423418, -8.786820354284075], [-45.99476317630226, -8.926867376790266], [-45.89780858989984, -9.185254133314189], [-45.907357147651595, -9.297991986431672], [-45.7986504901701, -9.417031955561935], [-45.79130544574567, -9.482854056139846], [-45.84198625227421, -9.562680858968378], [-45.821420127885816, -9.772751392727663], [-45.86475588998992, -9.861681252019096], [-45.84272075671665, -9.93940734951003], [-45.87871147439634, -10.110264716967585], [-45.97419705191386, -10.248211034136187], [-46.028550380654615, -10.276920673749956], [-45.9712590341441, -10.358848181916077], [-45.91102966986381, -10.370752178829104], [-45.896339581014956, -10.264316441724397], [-45.793508959072994, -10.26781761728705], [-45.744297161429344, -10.239808212785814], [-45.723731037040956, -10.155079764169567], [-45.603272308480385, -10.108164011629995], [-45.39614205571158, -10.444977100757384], [-45.44755736668256, -10.509398731110235], [-45.43727430448836, -10.615834468214938], [-45.38512448907494, -10.65154645895402], [-45.35794782470457, -10.73207349689508], [-45.268338282726575, -10.77618830898453], [-45.2463031494533, -10.822403826411573], [-45.08177415434617, -10.839209469112316], [-44.94442182360942, -10.919036271940843], [-44.9804125412891, -10.969453200043073], [-44.95911191245827, -11.069586821135001], [-45.00832371010192, -11.121404219462292], [-44.9598464169007, -11.214535489428908], [-44.95911191245827, -11.312568405183242], [-44.99289911681062, -11.36228509817294], [-45.05900451663045, -11.400798029362143], [-45.22940954727712, -11.422505317850604], [-45.380717462420286, -11.3839923866614], [-45.63191798173564, -11.493929299328762], [-45.65836014166357, -11.437210255213753], [-45.91323318319114, -11.534542935855558], [-46.10934586932329, -11.559751399906673], [-46.113018391535505, -11.605966917333717], [-45.860348863335275, -11.645880318747981], [-45.63779401727518, -11.789428516816827], [-45.280824858248096, -11.74111229405219], [-45.169914687439274, -11.846147560931836], [-45.09426072986769, -11.857351322732331], [-45.02227929450832, -11.914070366847337], [-44.81661805062441, -12.136044897519653], [-44.79825543956335, -12.105234552568291], [-44.73582256195573, -12.110836433468538], [-44.705707879815584, -12.168955947808605], [-44.58010762015791, -12.154951245557989], [-44.927528221433235, -12.292897562726587], [-45.125109916450285, -12.323007672565417], [-45.2272060339498, -12.42594223410747], [-45.48648610213202, -12.365021779317274], [-45.57829915743733, -12.400733770056355], [-45.84051724338932, -12.41823964786963], [-46.100531816013984, -12.527476325424459], [-46.19822090685884, -12.504368566710937], [-46.27020234221821, -12.55058408413798], [-46.30692756434034, -12.636713002979288], [-46.26799882889088, -12.650717705229908], [-46.30252053768569, -12.685029225743925], [-46.26799882889088, -12.716539805807816], [-46.310600086552554, -12.795666373523815], [-46.273874864430425, -12.815973191787215], [-46.30766206878278, -12.942015512042786], [-46.113018391535505, -12.918207518216732], [-46.12477046261459, -12.95952138985606], [-46.27534387331531, -13.020441844646253], [-46.32896269761362, -13.099568412362252], [-46.299582519915916, -13.128278051976022], [-46.29223747549149, -13.31664129724685], [-46.103469833783755, -13.257821547794247], [-46.068213620546516, -13.295634243870921], [-46.13578802925123, -13.37546104669945], [-46.2320081112112, -13.41887562367637], [-46.20923847349548, -13.465791376215943], [-46.24743270450249, -13.52181018521842], [-46.2320081112112, -13.583430875121145], [-46.1629646936216, -13.603737693384542], [-46.25624675781181, -13.684264731325602], [-46.22319405790189, -13.765492004379194], [-46.27754738664264, -13.790700468430309], [-46.23274261565364, -13.84881998277038], [-46.26432630667867, -13.947553133637243], [-46.22025604013212, -13.975562538138483], [-46.22172504901701, -14.106506504181773], [-46.187203340222204, -14.153422256721345], [-46.06086857612209, -14.195436363473203], [-46.06013407167964, -14.231848589324812], [-45.995497680744705, -14.256356818263395], [-45.907357147651595, -14.355089969130262], [-46.019001822902865, -14.472029232922932], [-45.98154209633829, -14.532249452600595], [-45.9852146185505, -14.619078606554435], [-46.0248778584424, -14.677898356007034], [-45.99696668962959, -14.741619751247352], [-46.03956794729125, -14.875364657740764], [-45.37484142688075, -14.257057053375927], [-45.19194982071255, -14.127513557557702], [-44.915776150354155, -14.004972412864781], [-44.90328957483263, -13.925145610036253], [-44.794582917351136, -13.825712224056858], [-44.4677284404642, -14.03228158225349], [-44.27675728542914, -14.03158134714096], [-44.19522729231801, -13.926546080261314], [-44.10708675922491, -13.985365829713917], [-44.093865679260944, -13.914642083348287], [-44.06595451044812, -13.94475219318712], [-44.01307019059226, -13.853721628558095], [-44.02922928832599, -13.792801173767902], [-44.17980269902672, -13.684264731325602], [-44.2657397187925, -13.469292551778597], [-44.194492787875575, -13.394367394737785], [-44.00058361507074, -13.313840356796725], [-43.88232839983749, -13.303336830108762], [-43.85735524879444, -13.262022958469434], [-43.90803605532298, -13.430779620589394], [-43.89554947980145, -13.472793727341255], [-43.82136453111475, -13.488899134929465], [-43.93300920636602, -13.656255326824365], [-43.58632310953314, -13.80610564090599], [-43.592933649515125, -13.7633912990416], [-43.54812887852613, -13.712274135826842], [-43.55694293183544, -13.644351329911338], [-43.45043978768127, -13.542117003481817], [-43.50479311642202, -13.742384245665672], [-43.53858032077437, -13.773194590617035], [-43.43942222104463, -13.876129152159084], [-43.48789951424584, -14.09040109659356], [-43.456315823220805, -14.166026488746905], [-43.570164011799406, -14.182131896335115], [-43.5753055428965, -14.283665987652103], [-43.69723328034196, -14.348787853117482], [-43.716330395845475, -14.402005721669838], [-43.632596889407026, -14.57216285401486], [-43.65683553600763, -14.670896004881726], [-43.711923369190814, -14.715010816971176], [-43.58632310953314, -14.750022572597722], [-43.53050077190751, -14.815844673175633], [-43.42399762775334, -14.719912462758892], [-43.24477854379735, -14.656191067518574], [-43.03691378658611, -14.68280000179475], [-42.95244577570522, -14.708708700958397], [-42.79526182502252, -14.837551961664094], [-42.478690410329776, -15.014011210021895], [-42.46546933036581, -14.957292165906885], [-42.380266815042475, -14.948189109443984], [-42.346479610690125, -14.869062541727985], [-42.12906629572713, -14.812343497612979], [-42.060757382579965, -14.85015619368965], [-42.06810242700439, -14.716411287196237], [-42.03064270043983, -14.661092713306292], [-41.92634306961298, -14.70450729028321], [-41.82865397876812, -14.794137384687172], [-41.806618845494846, -14.87046301195305], [-41.743451463444785, -14.866261601277863], [-41.68616011693427, -14.913177353817435], [-41.65531093035168, -14.918078999605154], [-41.54586976842774, -14.814444202950572], [-41.42467653542472, -14.790636209124518], [-41.38207527776305, -14.825647964751067], [-41.30935933796124, -14.78363385799921], [-41.2689615936269, -14.798338795362358], [-41.2638200625298, -14.912477118704906], [-41.218280787098365, -14.997905802433682], [-41.302014293536814, -15.023814501597329], [-41.29466924911239, -15.079133075487274], [-41.3328634801194, -15.126749063139378], [-41.27263411583911, -15.189069988154635], [-41.19036961828555, -15.210077041530564], [-41.094149536325574, -15.114144831113823], [-41.08827350078603, -15.042020614523132], [-41.171272502782045, -14.853657369252304], [-40.9634077455708, -14.788535503786925], [-40.959000718916144, -14.67439718044438], [-40.61451813541059, -14.670896004881726], [-40.67768551746065, -14.476230643598118], [-40.66005741084203, -14.46292617646003], [-40.448520131418576, -14.463626411572562], [-40.40518436931446, -14.45032194443447], [-40.398573829332484, -14.394303135431997], [-40.12754169007118, -14.487434405398613], [-40.07686088354264, -14.537851333500843], [-40.030587103668765, -14.535050393050717], [-39.90204882624132, -14.435617007071322], [-39.837412435306376, -14.443319593309162], [-39.823456850899966, -14.38239913851897], [-39.9483226061152, -14.362792555368102], [-40.005613952625716, -14.266160109838829], [-40.054091245826925, -14.282965752539575], [-40.11285160122233, -14.228347413762158], [-40.163532407750864, -14.252855642700741], [-40.175284478829944, -14.135216143795542], [-40.22155825870383, -14.095302742381275], [-40.20539916097009, -14.05398887074195], [-40.31851284510624, -14.006372883089846], [-40.34936203168883, -14.032981817366021], [-40.51021850458375, -13.949653838974836], [-40.50507697348665, -13.88663267884705], [-40.43970607810926, -13.86492539035859], [-40.519032557893055, -13.789299998205248], [-40.53739516895412, -13.729079778527584], [-40.474227786904066, -13.678662850425354], [-40.46761724692208, -13.717175781614557], [-40.09448899016127, -13.684264731325602], [-40.12166565453164, -13.526711831006136], [-40.07171935244555, -13.495201250942245], [-40.1503113277869, -13.336948115510246], [-39.97549927048557, -13.315240827021789], [-39.79407667320226, -13.456688319753042], [-39.772776044371426, -13.517608774543234], [-39.69491857347252, -13.512707128755519], [-39.72944028226732, -13.489599370041997], [-39.711077671206255, -13.460189495315696], [-39.75294442442548, -13.369859165799202], [-39.72723676893999, -13.36915893068667], [-39.72944028226732, -13.313140121684196], [-39.75882045996502, -13.247318021106285], [-39.83814693974882, -13.190598976991275], [-39.74266136223129, -13.17939521519078], [-39.75735145108013, -13.131078992426144], [-39.70299812233939, -13.112172644387808], [-39.80142171762669, -12.984029618794644], [-39.68904253793298, -12.999434791270325], [-39.62293713811315, -12.913305872429017], [-39.445187063042056, -12.853085652751354], [-39.35117049440941, -12.90140187551599], [-39.32619734336636, -12.977727502781864], [-39.31738329005705, -12.948317628055566], [-39.224101225866846, -12.939214571592661], [-39.21455266811509, -12.87129176567716], [-39.16166834825923, -12.848884242076167], [-39.113191055058024, -12.968624446318962], [-39.174154923780755, -13.08276276966151], [-39.20133158815113, -13.077861123873792], [-39.122739612809774, -13.108671468825154], [-39.21381816367265, -13.108671468825154], [-39.3026932012082, -13.16328980760257], [-39.102173488421386, -13.25852178290678], [-38.91854737781075, -13.213706735704797], [-38.967024671011956, -13.320842707922036], [-38.950865573278215, -13.390165984062602], [-38.904591793404336, -13.386664808499944], [-38.892105217882815, -13.460889730428228], [-38.9332374666596, -13.546318414157003], [-38.8987157578648, -13.666058618399799], [-38.96849367989684, -13.672360734412578], [-39.00007737092187, -13.77599553106716], [-38.927361431120055, -13.939850547399402], [-39.062510248529485, -14.7472216321476], [-39.02431601752247, -14.80534114648767], [-38.99787385759454, -14.986702040633187], [-38.990528813170116, -15.28850337413403], [-38.93470647554448, -15.665229864675688], [-38.852441977990914, -15.84939169927133], [-38.94866205995089, -16.09237328331957], [-39.15065078162259, -16.052459881905307], [-39.27918905905004, -16.132286684733838], [-39.49292985180082, -16.08327022685667], [-39.59502596930033, -16.153993973222295], [-39.86385459523431, -16.252727124089162], [-39.75588244219525, -16.393474381707886], [-39.75441343331037, -16.451593896047953], [-39.72136073340045, -16.44109036935999], [-39.74045784890396, -16.503411294375244], [-39.647910289156194, -16.57203433540328], [-39.676555962411456, -16.675669132057862], [-39.66039686467772, -16.780704398937505], [-39.72136073340045, -16.730287470835275], [-39.76763451327433, -16.73378864639793], [-39.772041539928985, -16.84372555906529], [-39.86532360411919, -16.839524148390105], [-39.91673891509017, -16.873835668904125], [-39.943915579460544, -16.847226734627945], [-40.079064396869974, -17.02438621809828], [-40.065843316906005, -17.102112315589217], [-39.90204882624132, -17.22955510606985], [-39.83594342642149, -17.24215933809541], [-39.62220263367071, -17.159531594816755], [-39.58033588045148, -17.182639353530277], [-39.6324856958649, -17.313583319573567], [-39.67288344019924, -17.27857156394702], [-39.832270904209274, -17.269468507484117], [-39.858713064137206, -17.362599777450733], [-39.946853597230316, -17.33038896227431], [-39.94244657057566, -17.269468507484117], [-39.97403026160069, -17.251962629670842], [-40.030587103668765, -17.238658162532754], [-40.07686088354264, -17.2736699181593], [-40.19658510766078, -17.22955510606985], [-40.54767823114832, -17.283473209734733], [-40.63728777312631, -17.394110357514627], [-40.74746343949269, -17.34649436986252], [-40.81577235263985, -17.37590424458882], [-40.85396658364686, -17.342292959187336], [-40.95239017893416, -17.332489667611902], [-40.94577963895218, -17.405314119315122], [-40.97442531220744, -17.43472399404142], [-40.923744505678904, -17.488642097706304], [-40.95679720558882, -17.54466090670878], [-40.94210711673997, -17.575471251660144], [-41.047141252009254, -17.604180891273913], [-41.06036233197322, -17.568468900534835], [-41.255740513662936, -17.48444068703112], [-41.23737790260187, -17.393410122402095], [-41.264554566972244, -17.349295310312645], [-41.32404942681009, -17.33669107828709], [-41.36150915337466, -17.41091600021537], [-41.43055257096426, -17.399012003302342], [-41.621523725999324, -17.553063728059154], [-41.65016939925459, -17.60208018593632], [-41.633275797078404, -17.678405813202197], [-41.83967154540476, -17.74912955956782], [-42.0284391871125, -17.770836848056284], [-42.04459828484623, -17.69801239635306], [-42.144490889018414, -17.70151357191572], [-42.14155287124865, -17.765935202268565], [-42.21426881105046, -17.770836848056284], [-42.25099403317259, -17.615384653074408], [-42.442699692650095, -17.576171486772676], [-42.55875139455601, -17.48444068703112], [-42.57417598784731, -17.34579413474999], [-42.602087156660126, -17.341592724074804], [-42.61016670552699, -17.38290659571413], [-42.6983072386201, -17.321986140923936], [-42.69096219419568, -17.201545701568612], [-42.6586439987282, -17.16303277037941], [-42.69169669863812, -17.125920309415267], [-42.82537650716266, -17.180538648192684], [-42.795996329464955, -17.019484572310564], [-42.89882695140692, -17.03979139057396], [-42.970073882323845, -17.10561349115187], [-42.98549847561514, -17.16583371082953], [-43.06996648649603, -17.224653460282134], [-43.10889522194549, -17.194543350443304], [-43.10448819529083, -17.133622895653108], [-43.20731881723279, -17.10561349115187], [-43.229353950506066, -17.137124071215762], [-43.51507617861621, -17.19174240999318], [-43.667853102644266, -17.17073535661725], [-43.70678183809372, -17.0678007950752], [-43.69796778478441, -16.94525965038228], [-43.68621571370532, -16.927053537456477], [-43.6201103138855, -16.98937446247173], [-43.43574969883242, -16.954362706845185], [-43.467333389857444, -16.919350951218636], [-43.46145735431791, -16.838823913277576], [-43.56355347181742, -16.730287470835275], [-43.667853102644266, -16.72538582504756], [-43.703843820323954, -16.691074304533544], [-43.76186967127691, -16.533521404214078], [-43.74644507798561, -16.40537837862091], [-43.79418786674438, -16.298942641516206], [-43.765542193489125, -16.088872107756917], [-43.89040794870436, -16.11268010158297], [-43.968999924045704, -16.086771402419323], [-43.98075199512479, -16.234521011163356], [-44.045388386059734, -16.296841936178613], [-44.05052991715684, -16.424984961771777], [-44.11810432586155, -16.377368974119673], [-44.21065188560931, -16.39067344125776], [-44.06522000600568, -16.49080706234969], [-44.0189462261318, -16.446692250260238], [-43.96973442848815, -16.51531529128827], [-44.05273343048416, -16.618249852830324], [-44.108555768109795, -16.611247501705012], [-44.14601549467436, -16.72608606016009], [-44.07256505043011, -16.79961074697584], [-44.33257962305477, -16.945959885494812], [-44.28263332096868, -16.992875638034388], [-44.35020772967339, -17.109114666714525], [-44.269412241004716, -17.15813112459169], [-44.40529556285658, -17.307281203560787], [-44.46846294490664, -17.604881126386445], [-44.55807248688463, -17.618885828637065], [-44.60948779785561, -17.782740844969307], [-44.64768202886262, -17.760333321368318], [-44.64915103774751, -17.691010045227753], [-44.73729157084061, -17.705014747478373], [-44.75198165968946, -17.757532380918192], [-45.00685470121703, -17.721120155066583], [-45.013465241199015, -17.77013661294375], [-45.11996838535318, -17.814251425033202], [-45.11629586314097, -17.93049045371334], [-45.198560360694536, -17.987909732940878], [-45.26393125607192, -17.991410908503532], [-45.345461249183046, -17.910183635449943], [-45.46738898662851, -17.905281989662228], [-45.44535385335523, -17.737225562654796], [-45.403487100136005, -17.668602521626763], [-45.45563691554943, -17.604180891273913], [-45.390266020172035, -17.578972427222798], [-45.3843899846325, -17.52155314799526], [-45.562140059703594, -17.381506125489068], [-45.50558321763552, -17.32268637603647], [-45.48648610213202, -17.181939118417745], [-45.43580529560348, -17.117517488064898], [-45.52908735979368, -17.09861114002656], [-45.56140555526115, -17.043992801249146], [-45.61428987511702, -17.0972106698015], [-45.71565148817409, -17.117517488064898], [-45.76853580802995, -17.175637002404965], [-45.9264542631551, -17.110515136939586], [-45.97566606079875, -17.17703747263003], [-46.06013407167964, -17.187540999317992], [-46.15708865808206, -17.109814901827058], [-46.09024875381979, -17.05379609282458], [-46.201158924628615, -16.997777283822103], [-46.20556595128327, -16.855629555978318], [-46.16076118029427, -16.65956372446965], [-46.30545855545546, -16.545425401127105], [-46.48761565718121, -16.702978301446567], [-46.505243763799825, -16.65186113823181], [-46.555924570328365, -16.632954790193473]]], [[[-40.12019664564676, -17.640593117125523], [-40.238451860880005, -17.546061376933842], [-40.25681447194107, -17.408815294877776], [-40.031321608111206, -17.47883880613087], [-39.93583603059368, -17.464834103880253], [-39.76763451327433, -17.627288649987435], [-39.60457452705209, -17.55796537384687], [-39.6324856958649, -17.313583319573567], [-39.61779560701605, -17.283473209734733], [-39.56197326939042, -17.285573915072327], [-39.55903525162065, -17.25826474568362], [-39.40185130093794, -17.29677767687282], [-39.19178303039937, -17.445927755841918], [-39.184437985974945, -17.61468441796188], [-39.137429701658625, -17.684707929214973], [-39.27625104128027, -17.85556529667253], [-39.44004553194495, -17.856965766897588], [-39.75882045996502, -17.74912955956782], [-39.85577504636744, -17.763834496930972], [-39.90057981735643, -17.6875088696651], [-40.030587103668765, -17.628689120212496], [-40.12019664564676, -17.640593117125523]]]]}}, {"type": "Feature", "properties": {"regiao": 9}, "geometry": {"type": "Polygon", "coordinates": [[[-38.66661235405295, -4.869705134785885], [-38.52191497889177, -4.737360698517534], [-38.5292600233162, -4.680641654402528], [-38.3808901259428, -4.578407327973007], [-38.367669045978836, -4.464269004630459], [-38.43671246356843, -4.383741966689399], [-38.38529715259745, -4.338226684374888], [-38.39264219702188, -4.223388125919811], [-38.57039227209298, -4.235292122832838], [-38.53366704997085, -4.36903702932625], [-38.66955037182272, -4.4124516063031685], [-38.687178478441346, -4.287109521160129], [-38.7209656827937, -4.280107170034817], [-38.717293160581484, -4.186975900068202], [-38.56671974988077, -4.122554269715351], [-38.61299352975465, -4.104348156789548], [-38.60491398088778, -4.058832874475037], [-38.574799298747635, -4.053931228687318], [-38.60564848533022, -4.014718062385583], [-38.66734685849539, -4.018219237948241], [-38.74814234716408, -4.093144394989054], [-38.8348138713723, -4.072837576725654], [-38.86199053574267, -4.112050743027389], [-38.943520528853796, -4.103647921677016], [-39.00374989313408, -3.991610303672065], [-38.943520528853796, -3.944694551132489], [-38.999342866479424, -3.83545787357766], [-38.95674160881776, -3.7682353027746878], [-38.96114863547241, -3.7122164937722104], [-39.001546379806754, -3.684907324383502], [-39.21381816367265, -3.692609910621343], [-39.21602167699998, -3.6085816971176286], [-39.31517977672972, -3.5798720575038594], [-39.26229545687386, -3.4902419630998978], [-39.23805681027326, -3.3592979970566077], [-39.164606366029, -3.326386946767652], [-39.064713761856815, -3.406913984708712], [-38.97363521099393, -3.4111153953838986], [-38.917812873368305, -3.4944433737750806], [-38.806902702559476, -3.5483614774399648], [-38.65265676964654, -3.6821063839333803], [-38.463154623496365, -3.7129167288847427], [-38.36032400155441, -3.8851745665673576], [-38.27291797290375, -3.944694551132489], [-38.0114343913942, -4.249296825083455], [-37.84543638740218, -4.381641261351806], [-37.77051693427304, -4.401247844502674], [-37.73232270326603, -4.488777233569046], [-37.60304992139614, -4.6176204942747425], [-37.54061704378852, -4.644929663663447], [-37.494343263914644, -4.628824256075237], [-37.29529256001271, -4.730358347392226], [-37.15794022927596, -4.94533052693923], [-37.103586900535205, -4.9222227682257085], [-37.03748150071538, -4.950232172726945], [-36.96035853425891, -4.918721592663054], [-36.85605890343207, -4.9726396963279385], [-36.90820871884549, -4.990145574141213], [-36.908943223287935, -5.081176138770235], [-36.97504862310776, -5.103583662371225], [-36.97504862310776, -5.130892831759933], [-36.930243852118764, -5.130892831759933], [-36.92804033879144, -5.2940476129796465], [-37.126356538250924, -5.293347377867118], [-37.17263031812481, -5.490813679600848], [-37.104321404977654, -5.656069166158154], [-37.177037344779464, -5.723991972073655], [-37.312920666631335, -5.7099872698230385], [-37.46716659954427, -5.752001376574896], [-37.44219344850122, -5.586745890017589], [-37.382698588663374, -5.4782094475752885], [-37.29455805557027, -5.4782094475752885], [-37.29602706445515, -5.391380293621452], [-37.42603435076749, -5.310853255680392], [-37.78814504089166, -5.219122455938834], [-37.7249776588416, -5.070672612082273], [-37.67723487008284, -5.052466499156466], [-37.81972873191669, -4.984543693240962], [-38.01804493137618, -5.024457094655229], [-38.06064618903785, -5.080475903657707], [-38.2134231130659, -4.974040166552999], [-38.23839626410894, -5.2107196345884645], [-38.329474814971825, -5.275141264941311], [-38.362527514881734, -5.349366186869595], [-38.51677344779467, -5.442497456836211], [-38.71508964725416, -5.268138913816003], [-38.612259025312206, -5.150499414910801], [-38.61813506085174, -5.118988834846906], [-38.81277873809902, -5.0664712014070865], [-38.90018476674968, -5.163803882048889], [-39.149181772737705, -5.144197298898021], [-39.14771276385282, -5.061569555619368], [-39.21675618144242, -5.009752157292077], [-39.22483573030929, -4.961435934527444], [-39.198393570381356, -4.965637345202627], [-39.065448266299256, -4.811585620445818], [-39.04782015968063, -4.770971983919022], [-39.10437700174871, -4.761868927456117], [-39.04047511525621, -4.710751764241358], [-39.03459907971667, -4.668037422376969], [-38.978042237648594, -4.668037422376969], [-38.94425503329624, -4.74016163896766], [-38.87447711126419, -4.679241184177464], [-38.80249567590482, -4.740861874080188], [-38.87521161570663, -4.852199256972611], [-38.91854737781075, -4.852199256972611], [-38.88255666013106, -4.9355272353637964], [-38.70113406284775, -4.902616185074841], [-38.647515238549445, -4.93762794070139], [-38.66661235405295, -4.869705134785885]]]}}, {"type": "Feature", "properties": {"regiao": 10}, "geometry": {"type": "Polygon", "coordinates": [[[-36.93685439210075, -9.377118554147671], [-37.055109607334, -9.307095042894577], [-36.945668445410064, -9.18665460353925], [-36.98533168530196, -9.129235324311711], [-36.86560746118382, -8.888354445601063], [-36.993411234168825, -8.896757266951433], [-36.98826970307173, -8.557143237373918], [-37.07200320951018, -8.534035478660396], [-37.02279141186653, -8.499023723033847], [-37.14912617596664, -8.403791747729638], [-37.04776456290958, -8.34777293872716], [-37.0205878985392, -8.28965342438709], [-36.95448249871937, -8.299456715962524], [-36.96403105647112, -8.180416746832261], [-36.87956304559023, -8.016561730500019], [-36.81639566354017, -7.958442216159948], [-36.57254018864925, -7.936034692558959], [-36.72678612156218, -7.775680851789367], [-36.783342963630254, -7.826798015004126], [-36.96109303870136, -7.8309994256793125], [-36.93097835656121, -7.871613062206109], [-36.92510232102167, -8.012360319824833], [-36.96476556091357, -8.059976307476937], [-37.067596182855524, -8.032667138088229], [-37.09550735166834, -8.052273721239096], [-37.16014374260328, -7.996955147349151], [-37.34009733100171, -7.979449269535877], [-37.350380393195906, -7.948638924584515], [-37.24387724904174, -7.873713767543702], [-37.217435089113806, -7.80649119674073], [-37.152064193736415, -7.779882262464554], [-37.16087824704573, -7.697954754298433], [-37.09991437832299, -7.599221603431566], [-36.99781826082348, -7.62513030259521], [-36.97798664087753, -7.543202794429089], [-37.02499492519386, -7.496987277002045], [-36.97798664087753, -7.454272935137656], [-36.87809403670535, -7.539001383753902], [-36.673901801706315, -7.382848953659501], [-36.709892519386, -7.379347778096843], [-36.76644936145408, -7.305823091281095], [-36.798033052479106, -7.33103155533221], [-36.96256204758624, -7.286216508130227], [-37.01471186299966, -7.249104047166085], [-37.054375102891555, -7.156673012311998], [-37.0896313161288, -7.169277244337557], [-37.08669329835903, -7.108356789547365], [-37.188789415858544, -7.058640096557664], [-37.24534625792662, -7.109757259772426], [-37.312920666631335, -7.085949265946372], [-37.337159313231936, -7.140567604723788], [-37.38857462420292, -7.148270190961629], [-37.34450435765636, -7.097853262859399], [-37.37168102202674, -6.997719641767471], [-37.520050919400134, -7.001921052442658], [-37.52225443272746, -6.972511177716356], [-37.4539455195803, -6.961307415915861], [-37.48185668839312, -6.91579213360135], [-37.411344261918636, -6.9346984816396855], [-37.212293558016704, -6.905288606913384], [-37.23432869128998, -6.824761568972324], [-37.13370158267535, -6.793250988908433], [-37.01030483634501, -6.8709770863993676], [-36.958889525374026, -6.783447697332999], [-36.97725213643509, -6.721827007430274], [-37.03527798738805, -6.73443123945583], [-37.17924085810679, -6.613990800100506], [-37.301903099994696, -6.652503731289709], [-37.34303534877148, -6.7015201891668745], [-37.484794706162894, -6.709923010517247], [-37.46496308621694, -6.532763527046914], [-37.50976785720594, -6.526461411034138], [-37.58835983254729, -6.44243319753042], [-37.38857462420292, -6.391316034315661], [-37.38122957977849, -6.4368313166301725], [-37.31879670217087, -6.455037429555979], [-37.23065616907777, -6.5691757528985235], [-37.188789415858544, -6.438932021967766], [-37.07273771395262, -6.392716504540722], [-37.08081726281949, -6.290482178111201], [-37.04556104958225, -6.223959842420761], [-36.957420516489144, -6.191048792131806], [-36.894987638881524, -6.239365014896443], [-36.923633312136786, -6.294683588786388], [-36.860465930086725, -6.388515093865536], [-36.957420516489144, -6.491449655407589], [-36.9515444809496, -6.522260000358951], [-36.83622728348612, -6.538365407947161], [-36.761307830356984, -6.515957884346172], [-36.74294521929592, -6.307287820811947], [-36.709892519386, -6.2778779460856455], [-36.60485838411672, -6.290482178111201], [-36.6063273930016, -6.124526456441366], [-36.491744699980565, -6.136430453354393], [-36.34337480260717, -6.09791752216519], [-36.225854091816366, -6.16443985785563], [-36.12081995654708, -6.088814465702285], [-36.08042221221274, -6.102118932840376], [-36.03194491901153, -6.069207882551421], [-35.98640564358009, -6.098617757277719], [-35.966574023634145, -6.1721424440934705], [-35.82334565735785, -6.074109528339136], [-35.807921064066555, -6.139931628917047], [-35.65367513115362, -6.177044089881189], [-35.57067612915761, -6.079711409239383], [-35.647799095614076, -6.015990013999065], [-35.650002608941406, -5.9760766125848015], [-35.47151802942786, -5.834629119853549], [-35.44654487838482, -5.73309502853656], [-35.36134236306148, -5.728193382748842], [-35.28495390104746, -5.62455858609426], [-35.2269280500945, -5.611954354068704], [-35.17918526133573, -5.864739229692379], [-35.096186259339724, -6.057303885638394], [-35.093982746012394, -6.183346205893965], [-35.035956895059435, -6.235163604221256], [-35.0197977973257, -6.365407335152014], [-34.974993026336705, -6.419325438816898], [-34.95295789306343, -6.672810549553105], [-34.898604564322675, -6.866075440611652], [-34.85453429777613, -6.903888136688323], [-34.85894132443078, -7.0299304569438945], [-34.79283592461095, -7.1545723069744085], [-34.80899502234469, -7.509591509027604], [-34.83396817338773, -7.548804675329336], [-34.80899502234469, -7.630031948382928], [-34.84792375779414, -7.687451227610467], [-34.82295060675109, -7.751872857963313], [-34.84498574002437, -7.816294488316164], [-34.828092137848195, -7.959142451272481], [-34.952223388620986, -8.297356010624931], [-35.00657671736173, -8.562044883161636], [-35.08810671047286, -8.690888143867333], [-35.1527431014078, -8.913562909652178], [-35.351059300867284, -8.861045276212355], [-35.378235965237664, -8.968181248429591], [-35.42157172734177, -8.920565260777487], [-35.54056144701747, -9.01719770630676], [-35.58316270467913, -8.97448336444237], [-35.56994162471517, -8.842839163286548], [-35.74842620422871, -8.917064085214832], [-35.79543448854503, -8.847740809074267], [-36.03341392789641, -8.90866126386446], [-36.17590778973027, -8.78401941383395], [-36.21704003850705, -8.79312247029685], [-36.186925356366906, -8.711895197243262], [-36.26845534947803, -8.62436580817689], [-36.29269399607863, -8.631368159302202], [-36.27359688057513, -8.562745118274165], [-36.48733767332591, -8.704192611005421], [-36.613672437426025, -8.55784347248645], [-36.687857386112725, -8.633468864639791], [-36.70254747496158, -8.723799194156285], [-36.77305990143606, -8.732202015506658], [-36.7789359369756, -8.802225526759756], [-36.75910431702965, -8.833736106823647], [-36.66729126172434, -8.832335636598586], [-36.61220342854114, -8.906560558526866], [-36.63717657958419, -9.020698881869414], [-36.70475098828891, -9.021399116981943], [-36.78481197251514, -9.113129916723501], [-36.76865287478141, -9.137638145662084], [-36.872218001165805, -9.167748255500914], [-36.87956304559023, -9.276284697943215], [-36.93685439210075, -9.377118554147671]]]}}, {"type": "Feature", "properties": {"regiao": 11}, "geometry": {"type": "MultiPolygon", "coordinates": [[[[-37.85865746736615, -6.374510391614919], [-37.812383687492265, -6.2925828834487945], [-37.764640898733504, -6.291882648336266], [-37.77639296981258, -6.245667130909222], [-37.68751793227703, -6.109121283965685], [-37.741871261017785, -6.1217255159912405], [-37.777127474255025, -6.067807412326356], [-37.77198594315793, -6.001985311748449], [-37.67209333898574, -6.048200829175492], [-37.64858919682758, -5.941064856958253], [-37.45614903290763, -6.0965170519401255], [-37.359194446505214, -6.006186722423632], [-37.40106119972444, -5.9627721454467135], [-37.436317412961685, -5.985179669047703], [-37.46716659954427, -5.752001376574896], [-37.312920666631335, -5.7099872698230385], [-37.177037344779464, -5.723991972073655], [-37.104321404977654, -5.656069166158154], [-37.17263031812481, -5.490813679600848], [-37.126356538250924, -5.293347377867118], [-36.92804033879144, -5.2940476129796465], [-36.930243852118764, -5.130892831759933], [-36.97504862310776, -5.130892831759933], [-36.97504862310776, -5.103583662371225], [-36.908943223287935, -5.081176138770235], [-36.90820871884549, -4.990145574141213], [-36.85605890343207, -4.9726396963279385], [-36.715768554925546, -5.081176138770235], [-36.542425506509105, -5.088178489895547], [-36.5079037977143, -5.0622697907319], [-36.308118589369926, -5.102183192146164], [-36.160483196438975, -5.096581311245917], [-35.981264112483, -5.041962972468504], [-35.489146136046486, -5.15680153092358], [-35.37089092081324, -5.284944556516745], [-35.22839705897938, -5.574841893104562], [-35.2269280500945, -5.611954354068704], [-35.28495390104746, -5.62455858609426], [-35.36134236306148, -5.728193382748842], [-35.44654487838482, -5.73309502853656], [-35.47151802942786, -5.834629119853549], [-35.650002608941406, -5.9760766125848015], [-35.647799095614076, -6.015990013999065], [-35.57067612915761, -6.079711409239383], [-35.65367513115362, -6.177044089881189], [-35.807921064066555, -6.139931628917047], [-35.82334565735785, -6.074109528339136], [-35.966574023634145, -6.1721424440934705], [-35.98640564358009, -6.098617757277719], [-36.03194491901153, -6.069207882551421], [-36.08042221221274, -6.102118932840376], [-36.12081995654708, -6.088814465702285], [-36.225854091816366, -6.16443985785563], [-36.34337480260717, -6.09791752216519], [-36.491744699980565, -6.136430453354393], [-36.6063273930016, -6.124526456441366], [-36.60485838411672, -6.290482178111201], [-36.709892519386, -6.2778779460856455], [-36.75396278593256, -6.320592287950035], [-36.761307830356984, -6.515957884346172], [-36.9515444809496, -6.522260000358951], [-36.957420516489144, -6.491449655407589], [-36.860465930086725, -6.388515093865536], [-36.923633312136786, -6.294683588786388], [-36.894987638881524, -6.239365014896443], [-36.957420516489144, -6.191048792131806], [-37.04556104958225, -6.223959842420761], [-37.08081726281949, -6.290482178111201], [-37.07273771395262, -6.392716504540722], [-37.188789415858544, -6.438932021967766], [-37.23065616907777, -6.5691757528985235], [-37.31879670217087, -6.455037429555979], [-37.38122957977849, -6.4368313166301725], [-37.38857462420292, -6.391316034315661], [-37.58835983254729, -6.44243319753042], [-37.73379171215092, -6.3899155640906], [-37.764640898733504, -6.555171050647907], [-37.83148080299577, -6.591583276499517], [-37.827808280783564, -6.558672226210561], [-37.90199322947026, -6.541166348397287], [-37.86453350290569, -6.4501357837682605], [-37.91962133608888, -6.4116228525790575], [-37.85865746736615, -6.374510391614919]]], [[[-32.42479360217617, -3.877471980329517], [-32.43140414215816, -3.8452611651530937], [-32.4079, -3.8564649269535884], [-32.42479360217617, -3.877471980329517]]]]}}, {"type": "Feature", "properties": {"regiao": 12}, "geometry": {"type": "MultiPolygon", "coordinates": [[[[-36.396259122463036, -10.496794499084675], [-36.4630990267253, -10.408564874905775], [-36.56225712645505, -10.415567226031083], [-36.5718056842068, -10.316133840051688], [-36.65994621729991, -10.246810563911122], [-36.613672437426025, -10.19989481137155], [-36.52332839100559, -10.176787052658028], [-36.455019477858436, -10.03253861947665], [-36.4836651511137, -10.026936738576403], [-36.49688623107766, -9.867283132919344], [-36.553443073145736, -9.839273728418107], [-36.52626640877536, -9.802861502566493], [-36.35953390034091, -9.769250217165009], [-36.332357235970534, -9.713231408162532], [-36.25303075618674, -9.730037050863274], [-36.25449976507162, -9.621500608420977], [-36.3507198470316, -9.592090733694675], [-36.38671056471128, -9.509462990416022], [-36.33970228039496, -9.510863460641087], [-36.30224255383039, -9.42613501202484], [-36.15607616978432, -9.473050764564412], [-36.12008545210463, -9.330903036720628], [-36.20088094077332, -9.218865418715676], [-36.11053689435288, -9.157244728812952], [-36.12816500097151, -8.957677721741629], [-35.91148619045095, -8.861045276212355], [-35.79543448854503, -8.847740809074267], [-35.74842620422871, -8.917064085214832], [-35.56994162471517, -8.842839163286548], [-35.58316270467913, -8.97448336444237], [-35.54056144701747, -9.01719770630676], [-35.42157172734177, -8.920565260777487], [-35.378235965237664, -8.968181248429591], [-35.351059300867284, -8.861045276212355], [-35.171105712468865, -8.890455150938656], [-35.1527431014078, -8.913562909652178], [-35.181388774663056, -8.977984540005025], [-35.339307229788204, -9.2307694156287], [-35.708028459894365, -9.664915185397895], [-35.81379709960609, -9.730737285975806], [-36.0451659989755, -10.073852491115975], [-36.259641296168724, -10.264316441724397], [-36.396259122463036, -10.496794499084675]], [[-36.0936432921767, -9.26508093614272], [-36.002564741313826, -9.265781171255249], [-35.88871655273523, -9.138338380774616], [-36.0591215833819, -9.216064478265551], [-36.20088094077332, -9.218865418715676], [-36.0936432921767, -9.26508093614272]], [[-35.818938630703194, -9.159345434150545], [-35.6896658488333, -9.102626390035535], [-35.58022468690936, -9.15794496392548], [-35.62943648455301, -9.092122863347573], [-35.686727831063536, -9.099825449585413], [-35.71390449543391, -9.052909697045838], [-35.68158629996643, -9.029801938332316], [-35.83436322399449, -8.984286656017805], [-35.88871655273523, -9.138338380774616], [-35.818938630703194, -9.159345434150545]]], [[[-36.639380092911516, -9.636205545784126], [-36.553443073145736, -9.774151862952724], [-36.553443073145736, -9.839273728418107], [-36.542425506509105, -9.872184778707059], [-36.6907954038825, -9.804261972791558], [-36.754697290375, -9.707629527262284], [-36.68638837722784, -9.635505310671597], [-36.639380092911516, -9.636205545784126]]]]}}, {"type": "Feature", "properties": {"regiao": 13}, "geometry": {"type": "MultiPolygon", "coordinates": [[[[-42.16946404006147, -19.9380645213396], [-42.3530901506721, -19.9289614648767], [-42.37071825729072, -19.859638188736135], [-42.335462044053486, -19.796617028608345], [-42.36484222175118, -19.724492812017658], [-42.48383194142687, -19.72659351735525], [-42.48823896808153, -19.78261232635773], [-42.53010572130076, -19.808521025521372], [-42.721076876335815, -19.758104097419142], [-42.738704982954445, -19.792415617933163], [-42.80627939165915, -19.784713031695322], [-42.783509753943434, -19.620157780250544], [-42.66672354759507, -19.52842698050899], [-42.72474939854803, -19.531227920959115], [-42.79232380725274, -19.407986541153665], [-42.72695291187536, -19.320457152087293], [-42.781306240616104, -19.160103311317705], [-42.663785529825304, -19.09778238630245], [-42.661582016497974, -19.12579179080369], [-42.622653281048514, -19.11878943967838], [-42.5705034656351, -19.167805897555546], [-42.48309743698444, -19.155201665529987], [-42.31636492854997, -19.237829408808643], [-42.25319754649992, -19.187412480706413], [-42.2598080864819, -19.153100960192397], [-42.35015213290233, -19.091480270289672], [-42.295798804161585, -19.084477919164364], [-42.208392775510916, -18.984344298072436], [-42.27743619310052, -18.971740066046877], [-42.273029166445866, -18.824690692415373], [-42.32664799074417, -18.818388576402597], [-42.32444447741685, -18.7483650651495], [-42.20618926218359, -18.71055236907283], [-42.0078730627241, -18.55229923364083], [-42.0181561249183, -18.642629563157328], [-41.82865397876812, -18.661535911195664], [-41.7816456944518, -18.65243285473276], [-41.75814155229364, -18.59501357550522], [-41.72435434794128, -18.601315691518], [-41.694974170243576, -18.561402290103736], [-41.646496877042374, -18.612519453318495], [-41.5399937328882, -18.581709108367132], [-41.42688004875205, -18.445163261423595], [-41.41880049988518, -18.281308245091353], [-41.327721949022305, -18.2757063641911], [-41.288058709130404, -18.327523762518396], [-41.32258041792521, -18.336626818981298], [-41.33359798456185, -18.431858794285507], [-41.28218267359087, -18.501182070426072], [-41.23884691148675, -18.488577838400516], [-41.144095838411666, -18.40524986000933], [-41.15878592726052, -18.30791717936753], [-41.05154827866391, -18.16506921641121], [-40.90905441683005, -18.11465228830898], [-40.77170208609329, -18.15596615994831], [-40.77317109497818, -18.107649937183673], [-40.90244387684807, -17.986509262715817], [-40.9685492766679, -17.95149750708927], [-41.083866474131376, -17.999813729853905], [-41.15290989172098, -17.90318128432463], [-41.08753899634359, -17.83525847840913], [-41.14923736950877, -17.777839199181592], [-41.13307827177503, -17.707815687928495], [-41.192573131612875, -17.641293352238055], [-41.1411578206419, -17.648995938475895], [-41.08680449190115, -17.603480656161384], [-40.96634576334057, -17.60067971571126], [-40.94210711673997, -17.575471251660144], [-40.95679720558882, -17.54466090670878], [-40.923744505678904, -17.488642097706304], [-40.97442531220744, -17.43472399404142], [-40.94577963895218, -17.405314119315122], [-40.95239017893416, -17.332489667611902], [-40.85396658364686, -17.342292959187336], [-40.81577235263985, -17.37590424458882], [-40.74746343949269, -17.34649436986252], [-40.63728777312631, -17.394110357514627], [-40.54767823114832, -17.283473209734733], [-40.19658510766078, -17.22955510606985], [-40.07686088354264, -17.2736699181593], [-40.030587103668765, -17.238658162532754], [-39.97403026160069, -17.251962629670842], [-39.94244657057566, -17.269468507484117], [-39.946853597230316, -17.33038896227431], [-39.858713064137206, -17.362599777450733], [-39.832270904209274, -17.269468507484117], [-39.67288344019924, -17.27857156394702], [-39.6324856958649, -17.313583319573567], [-39.60457452705209, -17.55796537384687], [-39.76763451327433, -17.627288649987435], [-39.93583603059368, -17.464834103880253], [-40.031321608111206, -17.47883880613087], [-40.25681447194107, -17.408815294877776], [-40.238451860880005, -17.546061376933842], [-40.12019664564676, -17.640593117125523], [-40.030587103668765, -17.628689120212496], [-39.90057981735643, -17.6875088696651], [-39.85577504636744, -17.763834496930972], [-39.75882045996502, -17.74912955956782], [-39.44004553194495, -17.856965766897588], [-39.27625104128027, -17.85556529667253], [-39.25715392577676, -17.828256127283822], [-39.26743698797095, -17.86256764779784], [-39.4598771518909, -17.962001033777234], [-39.63542371363467, -18.232291787214184], [-39.72797127338244, -18.517987713126814], [-39.746333884443494, -18.706350958397643], [-39.846960993058126, -18.669238497433504], [-40.029852599226324, -18.443762791198534], [-40.09008196350661, -18.487877603287984], [-40.27223906523236, -18.494179719300764], [-40.35450356278593, -18.377940690620626], [-40.42354698037553, -18.365336458595067], [-40.485979857983146, -18.366736928820128], [-40.455865175843, -18.412252211134643], [-40.52931562008725, -18.365336458595067], [-40.58293444438556, -18.36883763415772], [-40.605704082101276, -18.408050800459456], [-40.53592616006924, -18.466170314799527], [-40.5645718333245, -18.567004171003983], [-40.49626292017734, -18.651032384507698], [-40.60129705544662, -18.721756130873324], [-40.69604812852171, -18.70565072328511], [-40.72983533287407, -18.659435205858067], [-40.7217557840072, -18.60271616174306], [-40.75921551057177, -18.576807462579417], [-40.65197786197516, -18.5130860673391], [-40.72395929733453, -18.468271020137117], [-40.82972793704626, -18.501182070426072], [-40.85396658364686, -18.442362320973473], [-40.92594801900623, -18.43886114541082], [-40.9046473901754, -18.522189123802], [-40.928886036776, -18.58731098926738], [-40.90611639906028, -18.60971851286837], [-40.94137261229753, -18.69094578592196], [-41.05081377422147, -18.634226741806955], [-41.02584062317842, -18.52779100470225], [-41.1896351138431, -18.543196177177933], [-41.22489132708035, -18.653833324957823], [-41.264554566972244, -18.66083567608313], [-41.24692646035363, -18.709151898847768], [-41.20212168936463, -18.68324319968412], [-41.072114403052296, -18.7777749398758], [-41.232236371504776, -18.79738152302667], [-41.35783663116245, -19.022156994149107], [-41.43422509317647, -19.00535135144836], [-41.53191418402133, -19.037562166624788], [-41.559090848391705, -19.100583326752574], [-41.61711669934467, -19.116688734340784], [-41.70378822355289, -19.27354139954772], [-41.6780805680674, -19.37997713665243], [-41.57010841502834, -19.344265145913347], [-41.586267512762085, -19.44299829678021], [-41.461401757546845, -19.513021808033308], [-41.36371266670199, -19.63206177716357], [-41.427614553194495, -19.692982231953764], [-41.55615283062194, -19.730094692917906], [-41.58039147722254, -19.773509269894824], [-41.598754088283606, -19.934563345776947], [-41.6487003903697, -19.973076276966147], [-41.548073281755066, -19.99618403567967], [-41.559090848391705, -20.033296496643814], [-41.72655786126861, -20.102619772784376], [-41.782380198894245, -20.294484193617862], [-41.85950316535071, -20.372910526221325], [-42.01228008937876, -20.410723222298], [-42.04533278928868, -20.37711193689651], [-42.0078730627241, -20.33859900570731], [-42.00493504495434, -20.241966560178035], [-41.95866126508045, -20.15583764133673], [-42.0820580114108, -20.14953552532395], [-42.0820580114108, -20.07461036828314], [-42.16285350007948, -19.989881919666892], [-42.16946404006147, -19.9380645213396]]], [[[-39.62220263367071, -17.159531594816755], [-39.83594342642149, -17.24215933809541], [-39.90204882624132, -17.22955510606985], [-40.07686088354264, -17.08250573243835], [-40.06363980357868, -16.983772581571483], [-39.943915579460544, -16.847226734627945], [-39.91673891509017, -16.873835668904125], [-39.86532360411919, -16.839524148390105], [-39.772041539928985, -16.84372555906529], [-39.76763451327433, -16.73378864639793], [-39.72136073340045, -16.730287470835275], [-39.66039686467772, -16.780704398937505], [-39.676555962411456, -16.675669132057862], [-39.647910289156194, -16.57203433540328], [-39.74045784890396, -16.503411294375244], [-39.72136073340045, -16.44109036935999], [-39.75441343331037, -16.451593896047953], [-39.75588244219525, -16.393474381707886], [-39.86385459523431, -16.252727124089162], [-39.59502596930033, -16.153993973222295], [-39.49292985180082, -16.08327022685667], [-39.27918905905004, -16.132286684733838], [-39.15065078162259, -16.052459881905307], [-38.94866205995089, -16.09237328331957], [-39.139633214985956, -16.753395229548797], [-39.14183672831328, -16.868934023116406], [-39.11759808171268, -16.89274201694246], [-39.212349154787766, -17.16163230015435], [-39.19178303039937, -17.445927755841918], [-39.467956700757775, -17.268768272371585], [-39.55903525162065, -17.25826474568362], [-39.56197326939042, -17.285573915072327], [-39.61779560701605, -17.283473209734733], [-39.6324856958649, -17.313583319573567], [-39.58033588045148, -17.182639353530277], [-39.62220263367071, -17.159531594816755]]]]}}, {"type": "Feature", "properties": {"regiao": 14}, "geometry": {"type": "Polygon", "coordinates": [[[-43.51213816084645, -20.83226476004164], [-43.5613499584901, -20.75383842743817], [-43.52829725858018, -20.767142894576256], [-43.497448071997596, -20.7342318442873], [-43.53490779856216, -20.720227142036684], [-43.56502248070231, -20.606088818694136], [-43.60101319838199, -20.584381530205675], [-43.5804470739936, -20.5080559029398], [-43.68768472259021, -20.431730275673928], [-43.802267415611254, -20.503154257152083], [-43.79786038895659, -20.45763897483757], [-43.91538109974741, -20.42612839477368], [-43.93007118859626, -20.382713817796763], [-43.838258133290935, -20.386214993359417], [-43.751586609082715, -20.268575494454215], [-43.618641305000615, -20.20765503966402], [-43.69502976701464, -20.06130590114505], [-43.639207429389, -19.967474396065903], [-43.5459253651988, -20.03189602641875], [-43.41959060109868, -19.909354881725832], [-43.35642321904862, -19.92125887863886], [-43.19336323282638, -19.868041010086507], [-43.14562044406762, -19.895350179475212], [-43.08906360199954, -19.85823771851107], [-43.09787765530885, -19.822525727771993], [-43.1955667461537, -19.788914442370505], [-43.11036423083037, -19.72659351735525], [-43.05747991097451, -19.578143673498687], [-43.19189422394149, -19.525626040058867], [-43.23229196827583, -19.45560252880577], [-43.200708277250804, -19.421991243404285], [-43.29472484588345, -19.459803939480956], [-43.32704304135092, -19.511621337808247], [-43.359361236818394, -19.431094299867187], [-43.43868771660219, -19.46190464481855], [-43.518748700828425, -19.33026044366273], [-43.66858760708671, -19.33096067877526], [-43.76921471570134, -19.19371459671919], [-43.74497606910073, -19.123691085466096], [-43.77876327345309, -19.03826240173732], [-43.718533909172805, -18.959135834021318], [-43.74644507798561, -18.876508090742668], [-43.79565687562926, -18.767271413187835], [-43.81622300001766, -18.7889787016763], [-43.86910731987352, -18.671339202771094], [-43.919788126402054, -18.63282627158189], [-43.99838010174341, -18.66783802720844], [-43.95210632186953, -18.82188975196525], [-43.96459289739106, -18.87160644495495], [-43.99250406620387, -18.908018670806563], [-44.05787496158126, -18.88491091209304], [-44.07476856375744, -18.91432078681934], [-44.11369729920689, -18.908018670806563], [-44.21946593891862, -18.581709108367132], [-44.18200621235405, -18.567004171003983], [-44.18714774345115, -18.42135526759754], [-44.2708812498896, -18.36043481280735], [-44.26133269213784, -18.330324702968518], [-44.31495151643615, -18.276406599303634], [-44.40603006729903, -18.38354257152087], [-44.44642781163337, -18.55019852830324], [-44.51694023810785, -18.61672086399368], [-44.462586909367104, -18.64543050360745], [-44.54925843357532, -18.65803473563301], [-44.66898265769346, -18.736461068236473], [-44.64841653330507, -18.787578231451235], [-44.779892828502284, -18.873707150292542], [-44.98628857682864, -18.823290222190316], [-45.13245496087471, -18.837995159553465], [-45.20223288290675, -18.781976350550988], [-45.18974630738522, -18.728758481998632], [-45.24556864501086, -18.635627212032016], [-45.23748909614399, -18.59361310528016], [-45.21398495398583, -18.644730268494918], [-45.16256964301485, -18.667137792095907], [-45.15595910303287, -18.599214986180407], [-45.0443144277816, -18.501882305538604], [-44.92238669033614, -18.503983010876198], [-44.84967075053433, -18.545997117628055], [-44.86582984826806, -18.436060204960693], [-44.81074201508487, -18.296713417567034], [-44.83351165280059, -18.23019108187659], [-44.805600483987774, -18.17137133242399], [-44.7490436419197, -18.16997086219893], [-44.7336190486284, -18.139160517247568], [-44.847467237207, -18.130057460784663], [-45.0097927189868, -18.06003394953157], [-45.02007578118099, -18.007516316091746], [-45.11629586314097, -17.93049045371334], [-45.11996838535318, -17.814251425033202], [-45.013465241199015, -17.77013661294375], [-45.00685470121703, -17.721120155066583], [-44.75198165968946, -17.757532380918192], [-44.7042388709307, -17.69030981011522], [-44.64915103774751, -17.691010045227753], [-44.64768202886262, -17.760333321368318], [-44.60948779785561, -17.782740844969307], [-44.55807248688463, -17.618885828637065], [-44.46846294490664, -17.604881126386445], [-44.40529556285658, -17.307281203560787], [-44.269412241004716, -17.15813112459169], [-44.35020772967339, -17.109114666714525], [-44.28263332096868, -16.992875638034388], [-44.33257962305477, -16.945959885494812], [-44.07256505043011, -16.79961074697584], [-44.14601549467436, -16.72608606016009], [-44.108555768109795, -16.611247501705012], [-44.05273343048416, -16.618249852830324], [-43.96973442848815, -16.51531529128827], [-44.0189462261318, -16.446692250260238], [-44.06522000600568, -16.49080706234969], [-44.21065188560931, -16.39067344125776], [-44.11810432586155, -16.377368974119673], [-44.05052991715684, -16.424984961771777], [-44.045388386059734, -16.296841936178613], [-43.98075199512479, -16.234521011163356], [-43.968999924045704, -16.086771402419323], [-43.89040794870436, -16.11268010158297], [-43.765542193489125, -16.088872107756917], [-43.79418786674438, -16.298942641516206], [-43.74644507798561, -16.40537837862091], [-43.76186967127691, -16.533521404214078], [-43.703843820323954, -16.691074304533544], [-43.667853102644266, -16.72538582504756], [-43.56355347181742, -16.730287470835275], [-43.46145735431791, -16.838823913277576], [-43.467333389857444, -16.919350951218636], [-43.43574969883242, -16.954362706845185], [-43.6201103138855, -16.98937446247173], [-43.68621571370532, -16.927053537456477], [-43.69796778478441, -16.94525965038228], [-43.70678183809372, -17.0678007950752], [-43.667853102644266, -17.17073535661725], [-43.51507617861621, -17.19174240999318], [-43.229353950506066, -17.137124071215762], [-43.20731881723279, -17.10561349115187], [-43.10448819529083, -17.133622895653108], [-43.10889522194549, -17.194543350443304], [-43.06996648649603, -17.224653460282134], [-42.98549847561514, -17.16583371082953], [-42.970073882323845, -17.10561349115187], [-42.89882695140692, -17.03979139057396], [-42.795996329464955, -17.019484572310564], [-42.82537650716266, -17.180538648192684], [-42.69169669863812, -17.125920309415267], [-42.6586439987282, -17.16303277037941], [-42.69096219419568, -17.201545701568612], [-42.6983072386201, -17.321986140923936], [-42.61016670552699, -17.38290659571413], [-42.602087156660126, -17.341592724074804], [-42.57417598784731, -17.34579413474999], [-42.55875139455601, -17.48444068703112], [-42.442699692650095, -17.576171486772676], [-42.25099403317259, -17.615384653074408], [-42.21426881105046, -17.770836848056284], [-42.14155287124865, -17.765935202268565], [-42.144490889018414, -17.70151357191572], [-42.04459828484623, -17.69801239635306], [-42.0284391871125, -17.770836848056284], [-41.83967154540476, -17.74912955956782], [-41.633275797078404, -17.678405813202197], [-41.65016939925459, -17.60208018593632], [-41.56570138837369, -17.49214327326896], [-41.52971067069401, -17.49914562439427], [-41.43055257096426, -17.399012003302342], [-41.36150915337466, -17.41091600021537], [-41.351226091180465, -17.34649436986252], [-41.264554566972244, -17.349295310312645], [-41.22856384929256, -17.43472399404142], [-41.255740513662936, -17.48444068703112], [-41.06036233197322, -17.568468900534835], [-41.047141252009254, -17.604180891273913], [-41.1411578206419, -17.648995938475895], [-41.192573131612875, -17.641293352238055], [-41.13307827177503, -17.707815687928495], [-41.14923736950877, -17.777839199181592], [-41.08753899634359, -17.83525847840913], [-41.15290989172098, -17.90318128432463], [-41.14189232508434, -17.949396801751675], [-41.10369809407733, -17.95079727197674], [-41.083866474131376, -17.999813729853905], [-40.9685492766679, -17.95149750708927], [-40.77317109497818, -18.107649937183673], [-40.77170208609329, -18.15596615994831], [-40.90905441683005, -18.11465228830898], [-41.05154827866391, -18.16506921641121], [-41.15878592726052, -18.30791717936753], [-41.144095838411666, -18.40524986000933], [-41.23884691148675, -18.488577838400516], [-41.28218267359087, -18.501182070426072], [-41.33359798456185, -18.431858794285507], [-41.32258041792521, -18.336626818981298], [-41.288058709130404, -18.327523762518396], [-41.327721949022305, -18.2757063641911], [-41.41880049988518, -18.281308245091353], [-41.42688004875205, -18.445163261423595], [-41.5399937328882, -18.581709108367132], [-41.646496877042374, -18.612519453318495], [-41.694974170243576, -18.561402290103736], [-41.72435434794128, -18.601315691518], [-41.75814155229364, -18.59501357550522], [-41.7816456944518, -18.65243285473276], [-41.82865397876812, -18.661535911195664], [-42.0181561249183, -18.642629563157328], [-42.0078730627241, -18.55229923364083], [-42.20618926218359, -18.71055236907283], [-42.32444447741685, -18.7483650651495], [-42.32664799074417, -18.818388576402597], [-42.273029166445866, -18.824690692415373], [-42.27743619310052, -18.971740066046877], [-42.208392775510916, -18.984344298072436], [-42.295798804161585, -19.084477919164364], [-42.35015213290233, -19.091480270289672], [-42.2598080864819, -19.153100960192397], [-42.25319754649992, -19.187412480706413], [-42.31636492854997, -19.237829408808643], [-42.48309743698444, -19.155201665529987], [-42.5705034656351, -19.167805897555546], [-42.622653281048514, -19.11878943967838], [-42.661582016497974, -19.12579179080369], [-42.663785529825304, -19.09778238630245], [-42.781306240616104, -19.160103311317705], [-42.72695291187536, -19.320457152087293], [-42.79232380725274, -19.407986541153665], [-42.72474939854803, -19.531227920959115], [-42.66672354759507, -19.52842698050899], [-42.783509753943434, -19.620157780250544], [-42.80627939165915, -19.784713031695322], [-42.738704982954445, -19.792415617933163], [-42.721076876335815, -19.758104097419142], [-42.53010572130076, -19.808521025521372], [-42.48823896808153, -19.78261232635773], [-42.48383194142687, -19.72659351735525], [-42.36484222175118, -19.724492812017658], [-42.335462044053486, -19.796617028608345], [-42.37071825729072, -19.859638188736135], [-42.3530901506721, -19.9289614648767], [-42.16946404006147, -19.9380645213396], [-42.209861784395805, -20.089315305646288], [-42.18856115556497, -20.43383098101152], [-42.13420782682422, -20.493350965576653], [-41.89916640524261, -20.58088035464302], [-41.82571596099835, -20.48354767400122], [-41.804415332167515, -20.538166012778632], [-41.841140554289645, -20.60048693779389], [-41.81322938547683, -20.65300457123371], [-41.874927758642, -20.765742424351195], [-41.77503515446982, -20.800053944865212], [-41.89916640524261, -20.85607275386769], [-41.91165298076413, -20.92889720557091], [-41.99905900941479, -20.96600966653505], [-42.001997027184565, -21.011524948849562], [-42.08499602918057, -21.022728710650057], [-42.195171695546954, -21.159974792706123], [-42.12025224241782, -21.195686783445204], [-42.047536302616, -21.182382316307116], [-42.035049727094474, -21.238401125309593], [-42.09307557804744, -21.344836862414297], [-42.03431522265204, -21.343436392189236], [-42.0284391871125, -21.377747912703256], [-42.123924764630026, -21.473680123119998], [-42.2752326797732, -21.427464605692954], [-42.29212628194937, -21.458975185756845], [-42.257604573154566, -21.482082944470367], [-42.36484222175118, -21.64663819591514], [-42.30167483970112, -21.655041017265514], [-42.26641862646388, -21.714561001830646], [-42.909844518043556, -21.990453636167842], [-42.92012758023775, -21.92953318137765], [-42.886340375885396, -21.898722836426288], [-42.881198844788294, -21.831500265623315], [-42.96713586455407, -21.823797679385475], [-42.96052532457209, -21.73346734986898], [-42.90617199583134, -21.727865468968734], [-42.91351704025577, -21.664144073728416], [-42.847411640435936, -21.52829846189741], [-43.05233837987741, -21.480682474245306], [-43.04572783989543, -21.400155436304246], [-42.93775568685637, -21.36794462112782], [-42.92673812021973, -21.30282275566244], [-43.02442721106459, -21.206190310133167], [-43.103753690848386, -21.20128866434545], [-43.11991278858213, -21.11936115617933], [-43.08392207090244, -21.029731061775365], [-43.1022846819635, -20.955506139847085], [-43.13019585077632, -20.982115074123264], [-43.163983055128675, -20.959007315409742], [-43.154434497376926, -20.815459117340893], [-43.26607917262819, -20.803555120427866], [-43.30353889919276, -20.81966052801608], [-43.29545935032589, -20.853271813417564], [-43.372582316782356, -20.867276515668184], [-43.42546663663822, -20.823861938691266], [-43.51213816084645, -20.83226476004164]]]}}, {"type": "Feature", "properties": {"regiao": 15}, "geometry": {"type": "MultiPolygon", "coordinates": [[[[-44.81661805062441, -22.613662886320398], [-44.68807977319696, -22.52123185146631], [-44.71892895977955, -22.46311233712624], [-44.85775029940119, -22.365779656484438], [-44.86362633494073, -22.30906061236943], [-44.88933399042622, -22.304158966581713], [-44.85334327274654, -22.211027696615098], [-44.81661805062441, -22.19282158368929], [-44.926793716990794, -22.082184435909397], [-44.91357263702683, -21.97224752324204], [-44.94662533693674, -21.90852612800172], [-44.998040647907715, -21.904324717326535], [-44.99510263013795, -21.863010845687207], [-44.88492696377156, -21.837102146523563], [-44.866564352710505, -21.7971887451093], [-44.878316423789585, -21.627731847876806], [-45.036969383357174, -21.631933258551992], [-45.09279172098281, -21.612326675401125], [-45.11262334092876, -21.54230316414803], [-45.25438269832017, -21.554207161061058], [-45.443150340027906, -21.459675420869374], [-45.489424119901784, -21.47928200402024], [-45.48575159768957, -21.5121930543092], [-45.56067105081871, -21.503089997846295], [-45.62824545952343, -21.447071188843818], [-45.66423617720311, -21.458975185756845], [-45.83170319008001, -21.393853320291466], [-45.82582715454048, -21.321729103700775], [-45.954365431967915, -21.234199714634407], [-45.94775489198594, -21.16487643849384], [-45.97346254747143, -21.139667974442727], [-45.894870572130074, -20.925396030008255], [-45.93820633423418, -20.929597440683438], [-45.94114435200395, -20.890384274381706], [-45.78763292353346, -20.835765935604293], [-45.69214734601593, -20.897386625507018], [-45.67525374383975, -20.8042553555404], [-45.734014099235154, -20.734932079399833], [-45.5863787063042, -20.68731609174773], [-45.260258733859715, -20.65090386589612], [-45.32048809814, -20.350503002620336], [-45.25364819387772, -20.384814523134352], [-45.20296738734919, -20.342800416382495], [-45.114092349813646, -20.331596654582], [-45.15449009414798, -20.181046105387843], [-45.09646424319502, -20.122926591047772], [-45.122171898680506, -20.0760108385082], [-45.047252445551365, -20.01158920815535], [-44.98628857682864, -20.008788267705228], [-44.964987947997805, -19.934563345776947], [-44.88786498154134, -19.918457938188734], [-44.893006512638436, -19.855436778060948], [-44.815883546181965, -19.892549239025087], [-44.780627332944725, -19.867340774973975], [-44.74169859749527, -19.897450884812805], [-44.68587625986964, -19.877144066549405], [-44.620505364492246, -19.93596381600201], [-44.696159322063835, -20.000385446354855], [-44.71672544645222, -20.10752141857209], [-44.61903635560736, -20.1642404626871], [-44.56541753130906, -20.27907902114218], [-44.5316303269567, -20.260872908216374], [-44.43541024499673, -20.291683253167736], [-44.36195980075247, -20.23706491439032], [-44.337721154151865, -20.119425415485118], [-44.44495880274848, -20.14743481998636], [-44.54191338915089, -19.967474396065903], [-44.51473672478052, -19.859638188736135], [-44.43467574055428, -19.73989798449334], [-44.498577627046785, -19.70488622886679], [-44.497843122604344, -19.63906412828888], [-44.56541753130906, -19.604052372662334], [-44.54632041580555, -19.58654649484906], [-44.57937311571547, -19.50741992713306], [-44.55439996467242, -19.43039406475466], [-44.707176888700474, -19.428993594529594], [-44.73802607528306, -19.49971734089522], [-44.779158324059836, -19.502518281345345], [-44.77548580184762, -19.540330977422016], [-45.03843839224206, -19.408686776266194], [-45.06194253440022, -19.311354095624395], [-45.13025144754738, -19.277742810222907], [-45.13906550085669, -19.210520239419935], [-45.08103964990373, -19.090079800064608], [-45.11849937646829, -19.057168749775656], [-45.123640907565395, -18.89261349833088], [-45.184604776288126, -18.875807855630136], [-45.16256964301485, -18.85830197781686], [-45.18607378517301, -18.809285519939692], [-44.779892828502284, -18.873707150292542], [-44.71084941091269, -18.838695394665997], [-44.64841653330507, -18.787578231451235], [-44.66898265769346, -18.736461068236473], [-44.54925843357532, -18.65803473563301], [-44.462586909367104, -18.64543050360745], [-44.51694023810785, -18.61672086399368], [-44.44642781163337, -18.55019852830324], [-44.40603006729903, -18.38354257152087], [-44.31495151643615, -18.276406599303634], [-44.26133269213784, -18.330324702968518], [-44.2708812498896, -18.36043481280735], [-44.18714774345115, -18.42135526759754], [-44.18200621235405, -18.567004171003983], [-44.21946593891862, -18.581709108367132], [-44.11369729920689, -18.908018670806563], [-44.07476856375744, -18.91432078681934], [-44.05787496158126, -18.88491091209304], [-43.99250406620387, -18.908018670806563], [-43.96459289739106, -18.87160644495495], [-43.95210632186953, -18.82188975196525], [-43.99838010174341, -18.66783802720844], [-43.919788126402054, -18.63282627158189], [-43.86910731987352, -18.671339202771094], [-43.81622300001766, -18.7889787016763], [-43.79565687562926, -18.767271413187835], [-43.74644507798561, -18.876508090742668], [-43.718533909172805, -18.959135834021318], [-43.77876327345309, -19.03826240173732], [-43.74497606910073, -19.123691085466096], [-43.76921471570134, -19.19371459671919], [-43.66858760708671, -19.33096067877526], [-43.518748700828425, -19.33026044366273], [-43.43868771660219, -19.46190464481855], [-43.359361236818394, -19.431094299867187], [-43.32704304135092, -19.511621337808247], [-43.29472484588345, -19.459803939480956], [-43.200708277250804, -19.421991243404285], [-43.23229196827583, -19.45560252880577], [-43.19189422394149, -19.525626040058867], [-43.05747991097451, -19.578143673498687], [-43.11036423083037, -19.72659351735525], [-43.1955667461537, -19.788914442370505], [-43.09787765530885, -19.822525727771993], [-43.08906360199954, -19.85823771851107], [-43.14562044406762, -19.895350179475212], [-43.19336323282638, -19.868041010086507], [-43.35642321904862, -19.92125887863886], [-43.41959060109868, -19.909354881725832], [-43.5459253651988, -20.03189602641875], [-43.639207429389, -19.967474396065903], [-43.69502976701464, -20.06130590114505], [-43.618641305000615, -20.20765503966402], [-43.751586609082715, -20.268575494454215], [-43.838258133290935, -20.386214993359417], [-43.93007118859626, -20.382713817796763], [-43.92713317082648, -20.405121341397752], [-43.79786038895659, -20.45763897483757], [-43.802267415611254, -20.503154257152083], [-43.68768472259021, -20.431730275673928], [-43.5804470739936, -20.5080559029398], [-43.60101319838199, -20.584381530205675], [-43.56502248070231, -20.606088818694136], [-43.53490779856216, -20.720227142036684], [-43.497448071997596, -20.7342318442873], [-43.52829725858018, -20.767142894576256], [-43.5613499584901, -20.75383842743817], [-43.51213816084645, -20.83226476004164], [-43.42546663663822, -20.823861938691266], [-43.372582316782356, -20.867276515668184], [-43.29545935032589, -20.853271813417564], [-43.30353889919276, -20.81966052801608], [-43.26607917262819, -20.803555120427866], [-43.154434497376926, -20.815459117340893], [-43.163983055128675, -20.959007315409742], [-43.13019585077632, -20.982115074123264], [-43.1022846819635, -20.955506139847085], [-43.08392207090244, -21.029731061775365], [-43.11991278858213, -21.11936115617933], [-43.103753690848386, -21.20128866434545], [-43.02442721106459, -21.206190310133167], [-42.92673812021973, -21.30282275566244], [-42.93775568685637, -21.36794462112782], [-43.04572783989543, -21.400155436304246], [-43.05233837987741, -21.480682474245306], [-42.847411640435936, -21.52829846189741], [-42.91351704025577, -21.664144073728416], [-42.90617199583134, -21.727865468968734], [-42.96052532457209, -21.73346734986898], [-42.96713586455407, -21.823797679385475], [-42.881198844788294, -21.831500265623315], [-42.886340375885396, -21.898722836426288], [-42.92012758023775, -21.92953318137765], [-42.909844518043556, -21.990453636167842], [-42.66525453871019, -21.873514372375173], [-42.663785529825304, -21.91552847912703], [-42.75559858513062, -22.11789642664848], [-42.85255317153303, -22.16201123873793], [-42.86430524261212, -22.12629924799885], [-42.9693393778814, -22.088486551922177], [-42.954649289032545, -22.138903480024407], [-43.02075468885238, -22.16201123873793], [-43.04793135322275, -22.2089269912775], [-43.05527639764718, -22.165512414300583], [-43.15957602847402, -22.19282158368929], [-43.1816111617473, -22.301358026131588], [-43.24771656156713, -22.311161317707022], [-43.28884881034391, -22.370681302272153], [-43.32557403246604, -22.2789505025306], [-43.50332410753713, -22.311161317707022], [-43.49157203645805, -22.41969776014932], [-43.66050805821984, -22.619264767220645], [-43.62304833165527, -22.642372525934164], [-43.567960498472075, -22.62346617789583], [-43.53490779856216, -22.751609203488997], [-43.61423427834596, -22.749508498151403], [-43.63480040273435, -22.78311978355289], [-43.67079112041404, -22.652876052622133], [-43.703843820323954, -22.64447323127176], [-43.83238209775139, -22.729901915000536], [-43.83311660219384, -22.793623310240854], [-43.93888524190557, -22.881152699307222], [-43.99030055287655, -22.844040238343084], [-44.04465388161729, -22.88325340464482], [-44.11222829032201, -22.86434705660648], [-44.192289274548244, -22.92876868695933], [-44.241501072191895, -22.912663279371117], [-44.2605981876954, -22.847541413905738], [-44.4229236694752, -22.85034235435586], [-44.46699393602176, -22.884653874869876], [-44.49490510483457, -22.846841178793206], [-44.62931941780156, -22.904960693133276], [-44.69542481762139, -22.890255755770127], [-44.72407049087665, -22.833536711655118], [-44.70497337537314, -22.803426601816287], [-44.75418517301679, -22.788721664453135], [-44.779158324059836, -22.605960300082558], [-44.81661805062441, -22.613662886320398]]], [[[-45.637059512832735, -18.79177964212642], [-45.31608107148534, -18.905217730356433], [-45.184604776288126, -18.875807855630136], [-45.207374414003844, -18.93252689974514], [-45.23822360058644, -18.912920316594274], [-45.41450466677264, -19.013754172798734], [-45.54965348418207, -18.98994617897268], [-45.62016591065655, -18.94443089665817], [-45.65982915054846, -19.01025299723608], [-45.699492390440355, -18.985044533184965], [-45.637059512832735, -18.79177964212642]]]]}}, {"type": "Feature", "properties": {"regiao": 16}, "geometry": {"type": "Polygon", "coordinates": [[[-42.30167483970112, -21.655041017265514], [-42.36484222175118, -21.64663819591514], [-42.35235564622966, -21.59201985713773], [-42.257604573154566, -21.482082944470367], [-42.29212628194937, -21.458975185756845], [-42.2752326797732, -21.427464605692954], [-42.123924764630026, -21.473680123119998], [-42.0284391871125, -21.377747912703256], [-42.03431522265204, -21.343436392189236], [-42.09307557804744, -21.344836862414297], [-42.035049727094474, -21.238401125309593], [-42.047536302616, -21.182382316307116], [-42.12025224241782, -21.195686783445204], [-42.195171695546954, -21.159974792706123], [-42.08499602918057, -21.022728710650057], [-42.001997027184565, -21.011524948849562], [-41.99905900941479, -20.96600966653505], [-41.91165298076413, -20.92889720557091], [-41.89916640524261, -20.85607275386769], [-41.77503515446982, -20.800053944865212], [-41.874927758642, -20.765742424351195], [-41.81322938547683, -20.65300457123371], [-41.841140554289645, -20.60048693779389], [-41.804415332167515, -20.538166012778632], [-41.82571596099835, -20.48354767400122], [-41.89916640524261, -20.58088035464302], [-42.13420782682422, -20.493350965576653], [-42.18856115556497, -20.43383098101152], [-42.21279980216558, -20.283280431817364], [-42.19737520887428, -20.00318638680498], [-42.16285350007948, -19.989881919666892], [-42.125393773514915, -20.01929179439319], [-42.0820580114108, -20.07461036828314], [-42.0820580114108, -20.14953552532395], [-41.95866126508045, -20.15583764133673], [-42.00493504495434, -20.241966560178035], [-42.0078730627241, -20.33859900570731], [-42.04533278928868, -20.37711193689651], [-42.01228008937876, -20.410723222298], [-41.85950316535071, -20.372910526221325], [-41.782380198894245, -20.294484193617862], [-41.72655786126861, -20.102619772784376], [-41.559090848391705, -20.033296496643814], [-41.548073281755066, -19.99618403567967], [-41.6487003903697, -19.973076276966147], [-41.598754088283606, -19.934563345776947], [-41.55615283062194, -19.730094692917906], [-41.427614553194495, -19.692982231953764], [-41.36371266670199, -19.63206177716357], [-41.461401757546845, -19.513021808033308], [-41.586267512762085, -19.44299829678021], [-41.57010841502834, -19.344265145913347], [-41.6780805680674, -19.37997713665243], [-41.70378822355289, -19.33236114900032], [-41.70378822355289, -19.27354139954772], [-41.61711669934467, -19.116688734340784], [-41.559090848391705, -19.100583326752574], [-41.486374908589895, -19.01025299723608], [-41.35783663116245, -19.022156994149107], [-41.232236371504776, -18.79738152302667], [-41.072114403052296, -18.7777749398758], [-41.20212168936463, -18.68324319968412], [-41.24692646035363, -18.709151898847768], [-41.264554566972244, -18.66083567608313], [-41.22489132708035, -18.653833324957823], [-41.21167024711638, -18.576807462579417], [-41.158051422818076, -18.52779100470225], [-41.02584062317842, -18.52779100470225], [-41.05081377422147, -18.634226741806955], [-40.94137261229753, -18.69094578592196], [-40.90611639906028, -18.60971851286837], [-40.928886036776, -18.58731098926738], [-40.9046473901754, -18.522189123802], [-40.92594801900623, -18.43886114541082], [-40.85396658364686, -18.442362320973473], [-40.82972793704626, -18.501182070426072], [-40.72395929733453, -18.468271020137117], [-40.65197786197516, -18.5130860673391], [-40.75921551057177, -18.576807462579417], [-40.7217557840072, -18.60271616174306], [-40.72983533287407, -18.659435205858067], [-40.69604812852171, -18.70565072328511], [-40.64096029533852, -18.725257306435978], [-40.49626292017734, -18.651032384507698], [-40.5645718333245, -18.567004171003983], [-40.53592616006924, -18.466170314799527], [-40.595421019907086, -18.433259264510568], [-40.58293444438556, -18.36883763415772], [-40.52931562008725, -18.365336458595067], [-40.485245353540705, -18.41295244624717], [-40.455865175843, -18.412252211134643], [-40.485979857983146, -18.366736928820128], [-40.35450356278593, -18.377940690620626], [-40.27223906523236, -18.494179719300764], [-40.09008196350661, -18.487877603287984], [-40.029852599226324, -18.443762791198534], [-39.846960993058126, -18.669238497433504], [-39.746333884443494, -18.706350958397643], [-39.6963875823574, -19.366672669514337], [-39.810970275378445, -19.649567654976845], [-39.968154226061145, -19.725893282242723], [-40.054825750269366, -19.814823141534152], [-40.10183403458569, -19.92125887863886], [-40.149576823344454, -19.945767107577442], [-40.15912538109621, -20.036097437093936], [-40.191443576563685, -20.05430355001974], [-40.17234646106017, -20.108221653684623], [-40.19878862098811, -20.21605786101439], [-40.23404483422535, -20.276278080692055], [-40.28913266740854, -20.283980666929896], [-40.27444257855969, -20.319692657668973], [-40.40444986487202, -20.599086467568824], [-40.43089202479995, -20.6368991636455], [-40.46394472470987, -20.62359469650741], [-40.58293444438556, -20.800754179977744], [-40.75921551057177, -20.865876045443123], [-40.85837361030151, -21.127763977529703], [-40.92594801900623, -21.190084902544957], [-40.961204232243475, -21.36024203488998], [-41.07284890749474, -21.525497521447285], [-41.047875756451695, -21.617928556301372], [-41.0133540476569, -21.623530437201623], [-41.02510611873598, -21.718762412505832], [-40.98030134774698, -21.990453636167842], [-41.133812776217475, -22.09548890304749], [-41.25720952254782, -22.098990078610143], [-41.437897615388685, -21.986252225492656], [-41.55101129952484, -22.05557550163322], [-41.70158471022556, -22.051374090958035], [-41.75079650786921, -22.086385846584584], [-41.76769011004539, -22.03036703758211], [-41.71700930351685, -21.98135057970494], [-41.70966425909243, -21.8945214257511], [-41.93662613180718, -21.87211390215011], [-41.97114784060198, -21.802790626009546], [-41.93736063624962, -21.74116993610682], [-41.98510342500838, -21.73276711475645], [-42.16726052673414, -21.858809435012024], [-42.23703844876618, -21.69705512401737], [-42.26641862646388, -21.714561001830646], [-42.30167483970112, -21.655041017265514]]]}}, {"type": "Feature", "properties": {"regiao": 17}, "geometry": {"type": "MultiPolygon", "coordinates": [[[[-53.35523219401904, -27.11127301410675], [-53.286923280871875, -27.04545091352884], [-53.291330307526536, -26.92851164973617], [-53.4081165138749, -26.888598248321905], [-53.39562993835338, -26.80667074015578], [-53.29573733418119, -26.78426321655479], [-53.255339589846855, -26.716340410639287], [-53.128270321304285, -26.720541821314473], [-53.11137671912811, -26.679928184787677], [-53.13634987017116, -26.639314548260884], [-52.99826303499196, -26.635113137585698], [-52.92554709519015, -26.581195033920814], [-52.93729916626923, -26.442548481639683], [-52.96741384840937, -26.441148011414622], [-52.95272375956052, -26.379527321511897], [-52.90865349301397, -26.359220503248498], [-52.89763592637733, -26.306002634696146], [-52.92775060851747, -26.25838664704404], [-52.87853881087382, -26.241581004343296], [-52.81977845547841, -26.14704926415162], [-52.932892139614566, -26.088929749811548], [-52.89322889972267, -26.00280083097024], [-52.80876088884178, -26.025908589683763], [-52.812433411053995, -26.073524577335867], [-52.74338999346439, -26.109936803187477], [-52.75293855121615, -26.035711881259196], [-52.701523240245166, -25.997198950069993], [-52.589878564993896, -26.07702575289852], [-52.495861996361256, -26.268890173732004], [-52.52303866073163, -26.399834139775294], [-52.46354380089378, -26.43974754118956], [-52.22997138819705, -26.467056710578266], [-52.18663562609294, -26.445349422089805], [-52.029451675410236, -26.546883513406797], [-52.06691140197481, -26.677827479450087], [-52.039734737604434, -26.774459924979357], [-52.1410963506615, -26.796167213467818], [-52.114654190733575, -26.859188373595604], [-52.0132925776765, -26.845883906457516], [-51.97803636443926, -26.777260865429483], [-51.783392687191984, -26.75975498761621], [-51.781189173864654, -26.707237354176385], [-51.854639618108905, -26.67292583366237], [-51.82379043152632, -26.581895269033343], [-51.51236054793068, -26.581895269033343], [-51.41173343931605, -26.71704064575182], [-51.39116731492766, -26.663122542086935], [-51.28319516188861, -26.6533192505115], [-51.222231293165876, -26.59379926594637], [-51.14217030893964, -26.60150185218421], [-51.07606490911981, -26.51467269823037], [-51.009959509299975, -26.493665644854442], [-50.985720862699374, -26.404735785563012], [-51.11499364456927, -26.390731083312392], [-51.18991309769841, -26.452351773215117], [-51.270708586367086, -26.387229907749738], [-51.25234597530602, -26.351517917010657], [-51.28686768410082, -26.24438194479342], [-51.26189453305777, -26.100833746724575], [-51.305964799604325, -26.123941505438097], [-51.36325614611485, -26.078426223123586], [-51.4815113613481, -26.080526928461175], [-51.61886369208485, -26.00350106608277], [-51.50281199017893, -25.942580611292577], [-51.38161875717591, -25.934177789942208], [-51.380884252733466, -25.894264388527944], [-51.28172615300372, -25.79132982698589], [-51.257487506403116, -25.806734999461572], [-51.171550486637344, -25.74581454467138], [-51.13188724674544, -25.763320422484654], [-51.11646265345415, -25.720606080620264], [-51.02024257149418, -25.705901143257115], [-51.009959509299975, -25.67439056319322], [-50.9636857294261, -25.682793384543594], [-50.997472933778454, -25.588261644351913], [-51.098834546835526, -25.546247537600053], [-51.145108326709405, -25.4839266125848], [-51.095896529065755, -25.430708744032447], [-51.15465688446116, -25.399898399081085], [-51.13923229116987, -25.33967817940342], [-51.209744717644355, -25.305366658889405], [-51.18991309769841, -25.243045733874148], [-51.245735435324036, -25.104399181593017], [-51.22590381537809, -25.08269189310456], [-51.256753001960675, -25.048380372590543], [-51.29788525073746, -25.065186015291285], [-51.3279999328776, -24.948246751498615], [-51.39924686379453, -24.909733820309413], [-51.36545965944217, -24.808899964104953], [-51.31624786179852, -24.782291029828777], [-51.3331414639747, -24.759883506227787], [-51.156125893346044, -24.808199728992424], [-51.11866616678148, -24.90133099895904], [-51.0173045537244, -24.969253804874544], [-50.962951224983655, -24.932841579022934], [-51.001879960433115, -24.862818067769837], [-50.94532311836504, -24.84251124950644], [-50.778590609930575, -24.853014776194406], [-50.74994493667532, -24.831307487705946], [-50.61699963259322, -24.88522559137083], [-50.473771266316916, -24.807499493879895], [-50.52739009061523, -24.937743224810653], [-50.46936423966226, -24.99446226892566], [-50.39150676876335, -24.97975733156251], [-50.3231978556162, -24.892227942496138], [-50.304835244555136, -24.78369150005384], [-50.15866886050907, -24.691260465199754], [-50.190252551534094, -24.653447769123083], [-50.15646534718174, -24.62963977529703], [-50.167482913818375, -24.552613912918623], [-50.09843949622878, -24.5204030977422], [-50.10284652288343, -24.490292987903366], [-50.21008417148005, -24.42587135755052], [-50.141040753890444, -24.400662893499405], [-50.14765129387243, -24.30753162353279], [-50.20567714482539, -24.244510463405], [-50.18437651599456, -24.173086481926845], [-50.096970487343896, -24.119868613374493], [-50.107253549538086, -24.077154271510103], [-50.23285380919576, -23.971418769517925], [-50.290145155706284, -23.958814537492373], [-50.33641893558016, -24.02533687318281], [-50.330542900040626, -24.122669553824615], [-50.35992307773832, -24.16888507125166], [-50.33348091781039, -24.216501058903763], [-50.351109024429014, -24.246611168742596], [-50.26884452687545, -24.29352692128217], [-50.48111631074134, -24.4706864047525], [-50.549425223888505, -24.409765949962306], [-50.683105032413046, -24.387358426361317], [-50.72350277674738, -24.313833739545565], [-50.67869800575839, -24.22980552604185], [-50.74039637892356, -24.140875666750418], [-50.68824656351014, -24.00292934958182], [-50.58982296822284, -23.990325117556264], [-50.534000630597205, -23.932905838328722], [-50.42602847755815, -23.95811430237984], [-50.38342721989649, -23.859381151512974], [-50.3922412732058, -23.78935764025988], [-50.4752402752018, -23.750144473958144], [-50.41868343313372, -23.706729896981223], [-50.424559468673266, -23.627603329265227], [-50.190987055976535, -23.57018405003769], [-50.130757691696246, -23.46374831293298], [-50.23505732252309, -23.356612340715746], [-50.30410074011269, -23.382521039879393], [-50.31732182007666, -23.355912105603213], [-50.37902019324183, -23.3601135162784], [-50.45981568191051, -23.30829611795111], [-50.46789523077738, -23.259979895186472], [-50.482585319626224, -23.325801995764383], [-50.412072893151745, -23.46374831293298], [-50.59937152597459, -23.493858422771815], [-50.62507918146008, -23.6156993323522], [-50.582477923798415, -23.638807091065722], [-50.58100891491353, -23.712331777881474], [-50.62875170367229, -23.68852378405542], [-50.65813188137, -23.62270168347751], [-50.81898835426492, -23.61079768656448], [-50.9482611361348, -23.51976712193546], [-50.92034996732199, -23.664715790229366], [-50.876279700775434, -23.694825900068196], [-50.91520843622489, -23.714432483219063], [-50.87554519633299, -23.766950116658887], [-50.951199153904575, -23.883889380451556], [-51.01657004928197, -23.918901136078105], [-51.08194094465935, -23.906296904052546], [-51.11279013124194, -23.94270912990416], [-51.085613466871564, -24.074353331059978], [-51.21121372652924, -24.10586391112387], [-51.2347178686874, -24.086257327973005], [-51.3728047038666, -24.142276136975482], [-51.333875968417146, -24.159081779676224], [-51.3331414639747, -24.25081257941778], [-51.48591838800275, -24.301929742632538], [-51.51236054793068, -24.190592359740116], [-51.5799349566354, -24.125470494274737], [-51.68717260523201, -24.137374491187764], [-51.712145756275056, -24.094660149323374], [-51.683500083019794, -24.064550039484544], [-51.683500083019794, -23.976320415305644], [-51.795879262713505, -23.92030160630317], [-51.93984213343225, -23.908397609390143], [-52.005213028809635, -23.82226869054883], [-51.99639897550033, -23.79075811048494], [-52.04414176425909, -23.811064928748337], [-52.03385870206489, -23.772551997559134], [-52.1117161729638, -23.705329426756162], [-52.26522760143429, -23.888791026239275], [-52.11832671294579, -23.956013597042244], [-52.175618059456305, -24.00362958469435], [-52.20720175048133, -24.09606061954844], [-52.19177715719004, -24.135273785850174], [-52.22189183933018, -24.192693065077712], [-52.346023090102975, -24.159782014788753], [-52.516428120749644, -24.459482642952004], [-52.50834857188278, -24.523204038192326], [-52.73677945348241, -24.472787110090096], [-52.860176199812756, -24.49939604436627], [-52.97916591948845, -24.669553176711293], [-53.02470519491989, -24.666752236261168], [-53.043802310423395, -24.61003319214616], [-53.08566906364262, -24.611433662371226], [-53.106969692473456, -24.56941955561937], [-53.21494184551251, -24.676555527836605], [-53.13488086128628, -24.74587880397717], [-53.19437572112412, -24.823604901468105], [-53.18482716337236, -24.937743224810653], [-53.083465550315296, -24.919537111884846], [-53.104031674703684, -24.960150748411642], [-53.07538600144842, -25.00356532538856], [-53.10109365693391, -25.095996360242648], [-53.22155238549449, -25.13590976165691], [-53.28251625421723, -25.290661721526256], [-53.326586520763776, -25.30326595355181], [-53.31189643191493, -25.36698734879213], [-53.48009794923427, -25.341778884741014], [-53.42574462049352, -25.240945028536558], [-53.53224776464769, -25.217137034710504], [-53.52784073799303, -25.168820811945867], [-53.6549100065356, -25.146413288344878], [-53.63801640435942, -25.240244793424026], [-53.682086670905974, -25.504933665960728], [-53.717342884143214, -25.551849418500304], [-53.776103239538614, -25.55605082917549], [-53.790793328387466, -25.605767522165188], [-53.81796999275784, -25.589662114576974], [-53.8069524261212, -25.539945421587277], [-53.89582746365675, -25.59526399547722], [-54.011144661120234, -25.566554355863452], [-54.04566636991503, -25.585460703901788], [-54.11985131860173, -25.553249888725365], [-54.09634717644357, -25.521739308661473], [-54.11544429194707, -25.49863154994795], [-54.16318708070584, -25.5427463620374], [-54.1969742850582, -25.535043775799558], [-54.20285032059773, -25.580559058114073], [-54.25793815378093, -25.59386352525216], [-54.29613238478794, -25.55745129940055], [-54.34534418243159, -25.605067287052655], [-54.3886799445357, -25.600165641264937], [-54.425405166657825, -25.65898539071754], [-54.59360668397717, -25.592463055027096], [-54.61931433946266, -25.451015562295844], [-54.42467066221539, -25.153415639470186], [-54.45919237101019, -25.102298476255427], [-54.43715723773691, -24.941244400373307], [-54.39014895342059, -24.77738938404106], [-54.33212310246763, -24.694761640762408], [-54.32624706692809, -24.465084523852255], [-54.25793815378093, -24.355147611184893], [-54.34534418243159, -24.15698107433863], [-54.28584932259375, -24.0680512150472], [-54.44009525550668, -23.904196198714956], [-54.58919965732252, -23.839074333249577], [-54.683950730397605, -23.830671511899205], [-54.70525135922844, -23.86428279730069], [-54.927071700846085, -23.924503016978353], [-54.9256026919612, -23.96021500771743], [-55.062220518255515, -23.99312605800639], [-55.10702528924452, -23.96511665350515], [-55.22895302668998, -24.014133111382314], [-55.31782806422552, -23.963015948167556], [-55.34941175525056, -23.993826293118918], [-55.41992418172504, -23.957414067267308], [-55.446366341652976, -23.916800430740512], [-55.430207243919234, -23.79005787537241], [-55.47501201490823, -23.65071108797875], [-55.530099848091425, -23.627603329265227], [-55.56021453023156, -23.48335489608385], [-55.504392192605934, -23.378319629204206], [-55.555807503576915, -23.31599870418895], [-55.52348930810944, -23.19765897017122], [-55.639541010015364, -23.026101367601132], [-55.665983169943296, -22.852443059693456], [-55.61383335452987, -22.692789454036394], [-55.52569282143676, -22.764213435514556], [-55.46032192605938, -22.696290629599048], [-55.35161526857789, -22.708194626512075], [-55.13199844028756, -22.920365865608957], [-55.10555628035963, -22.892356461107717], [-55.07250358044972, -22.917564925158835], [-54.99611511843569, -22.90706139847087], [-54.97701800293218, -22.940672683872357], [-54.8132235122675, -22.87204964284432], [-54.68688874816738, -22.889555520657595], [-54.53117380636955, -22.97358373416131], [-54.47020993764683, -23.049909361427183], [-54.43201570663982, -22.958178561685628], [-54.42613967110027, -22.821632714742094], [-54.09120564534647, -22.757911319501773], [-53.94136673908819, -22.86294658638142], [-53.6894317153304, -22.940672683872357], [-53.634343882147206, -23.00369384400014], [-53.63654739547454, -23.124834518468], [-53.69898027308215, -23.234771431135357], [-53.69898027308215, -23.305495177500987], [-53.62920235105011, -23.269783186761906], [-53.61524676664369, -23.210963437309303], [-53.582194066733784, -23.226368609784984], [-53.46761137371274, -23.17735215190782], [-53.448514258209244, -23.09682511396676], [-53.31630345856958, -22.912663279371117], [-53.372860300637655, -22.895157401557842], [-53.36992228286789, -22.852443059693456], [-53.41032002720223, -22.813930128504254], [-53.18556166781481, -22.71869815320004], [-53.12753581686185, -22.6521758175096], [-53.09889014360658, -22.836337652105243], [-53.034253752671646, -22.85524400014358], [-52.994590512779745, -22.708894861624607], [-53.0386607793263, -22.618564532108113], [-52.97255537950647, -22.570248309343476], [-52.69711621359051, -22.626967353458486], [-52.58914406055146, -22.56604689866829], [-52.49880001413102, -22.633969704583794], [-52.42167704767456, -22.610861945870273], [-52.423146056559446, -22.900059047345557], [-52.37099624114602, -22.929468922071862], [-52.27036913253139, -22.91406374959618], [-52.2843247169378, -22.967981853261062], [-52.247599494815674, -23.026101367601132], [-52.18222859943829, -23.042206775189342], [-52.1859011216505, -23.10732864065472], [-52.02724816208291, -23.05971265300262], [-51.9736293377846, -23.15564486341936], [-51.91413447794676, -23.136738515381026], [-51.905320424637445, -22.949775740335255], [-51.87373673361242, -22.956778091460567], [-51.83994952926006, -22.830035536092463], [-51.75915404059138, -22.830735771204992], [-51.77017160722802, -22.77751790265264], [-51.71802179181459, -22.668981460210343], [-51.771640616112904, -22.61436312143293], [-51.88989583134615, -22.612962651207866], [-51.784127191634425, -22.5345363186044], [-51.72903935845123, -22.449807869988152], [-51.712145756275056, -22.351774954233818], [-51.77310962499779, -22.32236507950752], [-51.78559620051931, -22.358777305359126], [-51.83774601593273, -22.357376835134065], [-51.7907377316164, -22.268446975842636], [-51.76429557168848, -22.275449326967944], [-51.772375120555346, -22.217329812627874], [-51.73858791620299, -22.180217351663735], [-51.772375120555346, -22.190720878351698], [-51.82232142264144, -22.151507712049963], [-51.87447123805486, -22.17741641121361], [-51.86345367141822, -22.042971269607666], [-52.02284113542825, -21.948439529415985], [-51.96334627559041, -21.906425422664128], [-51.88769231801882, -21.76357745970781], [-51.90164790242523, -21.73066640941886], [-51.84288754702983, -21.612326675401125], [-51.85978114920601, -21.580816095337234], [-51.71434926960238, -21.596221267812915], [-51.646774860897665, -21.51149281919667], [-51.67982756080758, -21.477181298682652], [-51.66880999417094, -21.433066486593198], [-51.723163322911695, -21.395253790516527], [-51.61592567431508, -21.327330984601026], [-51.50721901683359, -21.33223263038874], [-51.502077485736486, -21.22089524749632], [-51.48518388356031, -21.232799244409343], [-51.405122899334074, -21.135466563767544], [-51.402184881564295, -21.07524634408988], [-51.475635325808554, -21.050037880038765], [-51.44845866143818, -20.770644070138914], [-51.41907848374048, -20.68101397573495], [-51.342690021726455, -20.682414445960013], [-51.380149748291025, -20.50525496248968], [-51.41907848374048, -20.465341561075412], [-51.56744838111388, -20.617992815607163], [-51.75107449172451, -20.435931686349114], [-51.832604484835635, -20.443634272586955], [-51.92662105346828, -20.517859194515236], [-52.01182356879161, -20.45763897483757], [-52.06764590641725, -20.362406999533363], [-52.12053022627311, -20.130629177285613], [-52.03312419762245, -20.041699317994183], [-51.84802907812693, -20.005987327255106], [-51.78045466942221, -19.926160524426574], [-51.747401969512296, -20.03189602641875], [-51.68864161411689, -20.04730119889443], [-51.562306850016775, -20.188748691625683], [-51.343424526168896, -20.355404648408054], [-51.109117609029724, -20.27977925625471], [-50.990862393796476, -20.431730275673928], [-50.93357104728595, -20.310589601206072], [-50.87995222298765, -20.317591952331384], [-50.84396150530796, -20.414924632973182], [-50.79989123876141, -20.4198262787609], [-50.81237781428293, -20.531163661653324], [-50.62507918146008, -20.5080559029398], [-50.55383225054315, -20.5283627212032], [-50.448798115273874, -20.486348614451344], [-50.451001628601205, -20.51995989985283], [-50.39591379541801, -20.568276122617466], [-50.28573812905162, -20.58578200043074], [-50.29602119124582, -20.712524555798844], [-50.265172004663235, -20.752437957213107], [-50.14324426721777, -20.779747126601812], [-50.11386408952007, -20.763641719013602], [-50.12267814282938, -20.683114681072542], [-50.08815643403458, -20.63059704763272], [-50.120474629502056, -20.52136037007789], [-50.20273912705562, -20.481446968663626], [-50.13589922279334, -20.423327454323555], [-50.13883724056312, -20.386915228471945], [-50.092563460689234, -20.375011231558922], [-50.071262831858405, -20.24616797085322], [-50.02792706975429, -20.181746340500375], [-49.94199004998852, -20.174743989375067], [-49.92142392560012, -20.21465739078933], [-49.812717268118625, -20.194350572525934], [-49.80610672813664, -20.073910133170607], [-49.57473782876724, -20.20835527477655], [-49.34924496493738, -20.250369381528408], [-49.30737821171815, -20.30148654474317], [-49.397722258138586, -20.377812172009044], [-49.39845676258103, -20.436631921461647], [-49.47778324236482, -20.50525496248968], [-49.36466955822867, -20.605388583581608], [-49.34483793828272, -20.662807862809146], [-49.22144119195237, -20.678913270397356], [-49.1303626410895, -20.59488505689364], [-49.01504544362602, -20.649503395671054], [-48.990072292582965, -20.581580589755553], [-48.85198545740377, -20.54446812879141], [-48.84096789076713, -20.65160410100865], [-48.78661456202639, -20.68941679708532], [-48.82040176637874, -20.77204454036397], [-48.891648697295665, -20.823861938691266], [-48.60959899139773, -20.83436546537923], [-48.44727350961793, -20.787449712839653], [-48.40907927861092, -20.853972048530096], [-48.254833345697975, -20.80635606087799], [-48.207825061381655, -20.875679337018553], [-48.28568253228057, -20.95340543450949], [-48.36721252539169, -20.949204023834305], [-48.37823009202833, -21.00872400839944], [-48.43331792521152, -21.037433648013206], [-48.18725893699327, -21.085749870777846], [-48.135843626022286, -21.268511235148424], [-47.99481877307332, -21.304923461000033], [-48.03007498631056, -21.379848618040846], [-48.10866696165191, -21.429565311030544], [-48.36941603871902, -21.50449046807136], [-48.464167111794104, -21.489785530708208], [-48.44727350961793, -21.545804339710685], [-48.26364739900729, -21.53460057791019], [-48.272461452316605, -21.64523772569008], [-48.306248656668956, -21.69075300800459], [-48.52586548495928, -21.71666170716824], [-48.63016511578613, -21.774080986395777], [-48.66982835567802, -21.831500265623315], [-48.64265169130765, -21.904324717326535], [-48.67937691342978, -21.928832946265118], [-48.54422809602035, -22.034568448257293], [-48.50309584724356, -22.019163275781615], [-48.4450699962906, -22.063278087871062], [-48.29890361224453, -22.063978322983594], [-48.256302354582864, -22.154308652500088], [-48.10793245720947, -22.180217351663735], [-48.04403057071697, -22.129100188448973], [-48.04476507515941, -22.073081379446496], [-47.90006769999823, -22.157809828062742], [-47.80898914913536, -22.14870677159984], [-47.72084861604225, -22.02266445134427], [-47.792095546959175, -21.878416018162888], [-47.77446744034055, -21.802790626009546], [-47.670902313956155, -21.603223618938223], [-47.571009709783965, -21.559108806848773], [-47.449816476780946, -21.57731491977458], [-47.37269351032448, -21.6501393714778], [-47.328623243777926, -21.644537490577548], [-47.33817180152968, -21.68094971642916], [-47.29336703054068, -21.752373697907316], [-47.241217215127264, -21.757975578807567], [-47.097254344408526, -21.568211863311674], [-47.13104154876088, -21.49398694138339], [-47.19861595746559, -21.49118600093327], [-47.241217215127264, -21.443570013281164], [-47.157483708688815, -21.302122520549908], [-47.129572539875994, -21.328731454826087], [-47.06567065338349, -21.269211470260956], [-46.996627235793895, -21.357441094439856], [-47.01278633352763, -21.41906178434258], [-46.93272534930139, -21.42466366524283], [-46.78141743415823, -21.370745561577944], [-46.7740723897338, -21.414160138554863], [-46.829160222917, -21.49678788183352], [-46.812266620740814, -21.525497521447285], [-46.69474590995001, -21.611626440288596], [-46.640392581209255, -21.60252338382569], [-46.60954339462667, -21.647338431027674], [-46.630844023457506, -21.76847910549553], [-46.690338883295354, -21.837802381636095], [-46.64773762563368, -21.880516723500484], [-46.67344528111917, -21.911327068451847], [-46.617622943493544, -21.99465504684303], [-46.565473128080114, -21.933034356940304], [-46.43620034621023, -22.03736938870742], [-46.34144927313514, -21.948439529415985], [-46.091717762704675, -21.876315312825298], [-46.176185773585566, -22.03036703758211], [-46.238618651193185, -22.072381144333967], [-46.262857297793786, -22.224332163753182], [-46.23494612898097, -22.26704650561757], [-46.33924575980781, -22.307660142144368], [-46.334104228710714, -22.3874869449729], [-46.30913107766767, -22.409194233461356], [-46.278281891085086, -22.386086474747835], [-46.260653784466456, -22.41969776014932], [-46.28268891773973, -22.51492973545353], [-46.1475401003303, -22.51843091101619], [-46.12403595817214, -22.669681695322872], [-46.229070093441436, -22.80692777737894], [-46.299582519915916, -22.721499093650166], [-46.362015397523535, -22.788721664453135], [-46.37597098192994, -22.876951288632036], [-46.34512179534735, -22.904960693133276], [-46.14166406479077, -22.867848232169138], [-46.13946055146344, -22.92246657094655], [-46.05058551392789, -22.897258106895436], [-46.10787686043841, -23.09752534907929], [-46.08070019606804, -23.20676202663412], [-46.14533658700298, -23.256478719623818], [-46.10126632045643, -23.30829611795111], [-46.24743270450249, -23.405628798592915], [-46.30545855545546, -23.321600585089197], [-46.35834287531132, -23.317399174414014], [-46.36421891085086, -23.273984597437092], [-46.447952417289315, -23.357312575828274], [-46.59999483687491, -23.388122920779637], [-46.63451654566972, -23.429436792418965], [-46.73514365428434, -23.388122920779637], [-46.82328418737745, -23.400727152805196], [-46.80785959408616, -23.48475536630891], [-46.99515822690901, -23.5071628899099], [-47.02821092681893, -23.581387811838184], [-46.9812026425026, -23.602394865214112], [-46.98854768692703, -23.665416025341898], [-47.059060113401515, -23.62830356437776], [-47.081829751117226, -23.65351202842887], [-46.98854768692703, -23.800561402060374], [-47.02894543126136, -23.846076684374886], [-47.12883803543355, -23.860781621738035], [-47.142059115397515, -23.911198549840265], [-47.205226497447576, -23.960915242829962], [-47.20008496635048, -24.00082864424423], [-47.127369026548664, -24.00853123048207], [-47.267659375055196, -24.114966967586774], [-47.2867564905587, -24.278121748806488], [-47.33229576599014, -24.28792504038192], [-47.31980919046862, -24.339742438709212], [-47.36681747478494, -24.384557485911195], [-47.54236403652871, -24.358648786747548], [-47.683388889477676, -24.378955605010944], [-47.6268320474096, -24.51270051150436], [-47.685592402805, -24.55051320758103], [-47.81266167134757, -24.76968679780322], [-47.867015000088315, -24.796295732079397], [-47.94340346210234, -24.766885857353095], [-47.96764210870295, -24.871921124232742], [-47.99188075530355, -24.846712660181627], [-48.04256156183209, -24.862117832657308], [-48.025667959655905, -24.94404534082343], [-48.124091554943206, -24.98115780178757], [-48.21076307915143, -24.95664957284899], [-48.21149758359387, -24.90763311497182], [-48.282744514510796, -24.87892347535805], [-48.30992117888117, -24.825005371693166], [-48.306248656668956, -24.73257433683908], [-48.1292330860403, -24.649246358447897], [-48.12556056382809, -24.596028489895545], [-48.013181384134384, -24.509899571054234], [-48.01465039301927, -24.378255369898415], [-48.0653311995478, -24.32503750134606], [-48.11748101496122, -24.318735385333284], [-48.1395161482345, -24.19409353530277], [-48.20488704361189, -24.263416811443335], [-48.317266223305595, -24.313133504433036], [-48.36133648985215, -24.283023394594203], [-48.38337162312543, -24.304030447970135], [-48.353991445427724, -24.326437971571124], [-48.35178793210039, -24.459482642952004], [-48.428910898556865, -24.532307094655224], [-48.40246873862893, -24.57152026095696], [-48.44727350961793, -24.5995296654582], [-48.464901616236546, -24.65974988513586], [-48.52880350272905, -24.6877592896371], [-48.538352060480804, -24.726272220826303], [-48.501626838358675, -24.74587880397717], [-48.55598016709942, -24.80609902365483], [-48.56773223817851, -24.97205474532467], [-48.597846920318645, -25.00356532538856], [-48.55598016709942, -25.084092363329624], [-48.608864486955284, -25.093195419792522], [-48.65293475350184, -25.173022222621054], [-48.61914754914949, -25.274556313938042], [-48.57728079593026, -25.296263602426503], [-48.60151944253086, -25.350881941203916], [-48.55451115821454, -25.39009510750565], [-48.42744188967198, -25.393596283068305], [-48.27686847897125, -25.514036722423633], [-48.320204241075366, -25.586861174126852], [-48.43625594298129, -25.649182099142106], [-48.54936962711744, -25.852250281776083], [-48.63236862911345, -25.758418776696935], [-48.6279616024588, -25.66668797695538], [-48.688190966739086, -25.626774575541113], [-48.76017240209845, -25.597364700814815], [-48.78955257979615, -25.62257316486593], [-48.84757843074912, -25.609968932840374], [-48.97317869040679, -25.72620796152051], [-48.97024067263702, -25.522439543774002], [-49.07086778125165, -25.539945421587277], [-49.175901916520935, -25.46291955920887], [-49.27065298959602, -25.612069638177964], [-49.24127281189833, -25.79763194299867], [-49.20748560754596, -25.82494111238738], [-49.16268083655697, -25.80533452923651], [-49.14725624326567, -25.752816895796688], [-49.08776138342783, -25.74441407444632], [-49.07013327680921, -25.796931707886138], [-49.002558868104494, -25.795531237661077], [-48.96289562821259, -25.831243228400155], [-48.992275805910296, -25.92157355791665], [-48.968037159309695, -25.986695423382027], [-49.234662271916335, -26.030810235471478], [-49.236865785243666, -25.978992837144187], [-49.30590920283326, -25.945381551742702], [-49.43150946249094, -25.939779670842455], [-49.45060657799445, -25.920173087691587], [-49.385235682617065, -25.78362724074805], [-49.51964999558405, -25.807435234574104], [-49.54241963329977, -25.84244699020065], [-49.63643620193241, -25.867655454251764], [-49.644515750799286, -25.89286391830288], [-49.54095062441488, -25.948182492192824], [-49.54021611997244, -26.070723636885745], [-49.593834944270746, -26.025908589683763], [-49.773054028226724, -26.028009295021356], [-49.79215114373024, -25.94608178685523], [-49.92583095225478, -25.989496363832153], [-49.933910501121645, -26.01890623855845], [-50.12414715171427, -26.051117053734878], [-50.140306249448, -26.02660882479629], [-50.18951804709165, -26.070023401773213], [-50.071997336300846, -26.413138606913382], [-50.09109445180435, -26.523775754693276], [-50.12488165615671, -26.523075519580743], [-50.13516471835091, -26.664523012311996], [-50.08595292070726, -26.810171915718435], [-50.16234138272128, -26.78916486234251], [-50.2196327292318, -26.813673091281093], [-50.31952533340399, -27.01534080369001], [-50.315118306749326, -27.07556102336767], [-50.348905511101684, -27.093767136293476], [-50.24313687138996, -27.23731533436232], [-50.07566985851305, -27.304537905165294], [-50.18217300266723, -27.445285162784018], [-50.29895920901559, -27.496402325998776], [-50.22403975588645, -27.532114316737854], [-50.19465957818875, -27.632948172942314], [-50.2732515535301, -27.675662514806703], [-50.30924227120978, -27.748486966509923], [-50.39003775987847, -27.73028085358412], [-50.51343450620882, -27.786999897699125], [-50.56264630385247, -27.728880383359055], [-50.63976927030893, -27.714175445995906], [-50.60524756151413, -27.83321541512617], [-50.64637981029092, -27.91444268817976], [-50.624344677017646, -27.929847860655443], [-50.654459359157784, -27.985866669657916], [-50.742599892250894, -28.029981481747367], [-50.87554519633299, -28.041185243547865], [-50.92328798509176, -28.011775368821564], [-50.9240224895342, -27.9718619674073], [-51.00114545599067, -27.963459146056927], [-51.06284382915584, -28.18403320650418], [-51.023180589263944, -28.216244021680602], [-51.0812064402169, -28.233049664381348], [-51.244266426439154, -28.15392309666535], [-51.38382227050324, -28.240752250619188], [-51.38896380160033, -28.296070824509133], [-51.32653092399272, -28.333183285473275], [-51.39630884602476, -28.539752643669907], [-51.4469896525533, -28.486534775117555], [-51.51750207902778, -28.5418533490075], [-51.62400522318195, -28.515244414731324], [-51.6144566654302, -28.44732160881582], [-51.49840496352427, -28.398305150938654], [-51.5351301856464, -28.3744971571126], [-51.54467874339815, -28.313576702322408], [-51.635757294261026, -28.252656247532215], [-51.66513747195873, -28.32408022901037], [-51.70553521629307, -28.312876467209875], [-51.721694314026806, -28.436117847015325], [-51.78265818274954, -28.471829837754402], [-51.808365838235034, -28.55725852148318], [-51.85390511366647, -28.590169571772137], [-51.91560348683164, -28.561459932158364], [-51.916337991274084, -28.510342768943605], [-52.090415544132966, -28.53555123299472], [-52.088946535248084, -28.495637831580456], [-51.991257444403224, -28.43961902257798], [-51.964080780032845, -28.33108258013568], [-52.01990311765849, -28.302372940521913], [-51.891364840231034, -28.212042611005415], [-51.846560069242045, -28.238651545281595], [-51.7907377316164, -28.193836498079612], [-51.79661376715595, -28.165827093578372], [-51.91854150460141, -28.11190898991349], [-51.90899294684966, -28.02437960084712], [-51.96261177114796, -27.9809650238702], [-51.994195462172996, -28.014576309271686], [-52.088946535248084, -27.976763613195015], [-52.20426373271157, -28.176330620266338], [-52.27697967251338, -28.22814801859363], [-52.3034218324413, -28.19173579274202], [-52.46501280977867, -28.16792779891597], [-52.506879562997895, -28.036283597760146], [-52.60971018493985, -27.93685021178075], [-52.58033000724215, -27.924946214867724], [-52.59722360941832, -27.884332578340928], [-52.7470625156766, -27.74638626117233], [-52.76028359564057, -27.691067687282384], [-52.73384143571264, -27.590934066190457], [-52.66993954922014, -27.57973030438996], [-52.663329009238154, -27.533514786962918], [-52.5604983872962, -27.51250773358699], [-52.592816582763675, -27.467692686385007], [-52.43710164096585, -27.494301620661183], [-52.45326073869958, -27.408872936932408], [-52.41947353434723, -27.282130381564304], [-52.442243172062945, -27.25061980150041], [-52.40184542772861, -27.190399581822746], [-52.507614067440336, -27.159589236871383], [-52.54433928956246, -27.240816509924976], [-52.61778973380672, -27.26602497397609], [-52.676550089202124, -27.245718155712694], [-52.691240178050975, -27.284231086901897], [-52.71400981576669, -27.238015569474854], [-52.76322161341034, -27.24921933127535], [-52.785256746683615, -27.205804754298427], [-52.72208936463356, -27.153287120858607], [-52.70739927578471, -27.09586784163107], [-52.759549091198124, -27.014640568577477], [-52.77938071114408, -27.05315349976668], [-52.83961007542437, -27.044050443303778], [-52.84034457986681, -27.01814174414013], [-52.76909764894988, -26.99503398542661], [-52.7573455778708, -26.941816116874257], [-52.80655737551445, -26.900502245234932], [-52.85723818204299, -26.916607652823142], [-52.89396340416512, -26.97542740227574], [-52.934361148499455, -26.948118232887037], [-52.96521033508205, -26.963523405362718], [-52.95125475067563, -27.00273657166445], [-52.99238699945242, -27.09866878208119], [-53.04820933707805, -27.083963844718042], [-53.07685501033331, -27.107771838544096], [-53.070978974793775, -27.15678829642126], [-53.139287887940924, -27.175694644459597], [-53.169402570081076, -27.144184064395702], [-53.18776518114214, -27.192500287160343], [-53.23183544768869, -27.17079299867188], [-53.32217949410912, -27.210006164973613], [-53.29647183862363, -27.13228006748268], [-53.35523219401904, -27.11127301410675]]], [[[-48.04182705738964, -21.203389369683045], [-47.94340346210234, -21.200588429232923], [-47.92210283327151, -21.241902300872248], [-47.988942737533776, -21.30912487167522], [-48.05211011958384, -21.22859783373416], [-48.04182705738964, -21.203389369683045]]]]}}, {"type": "Feature", "properties": {"regiao": 18}, "geometry": {"type": "Polygon", "coordinates": [[[-48.57728079593026, -25.296263602426503], [-48.61914754914949, -25.274556313938042], [-48.65293475350184, -25.173022222621054], [-48.608864486955284, -25.093195419792522], [-48.55598016709942, -25.084092363329624], [-48.597846920318645, -25.00356532538856], [-48.56773223817851, -24.97205474532467], [-48.55598016709942, -24.80609902365483], [-48.501626838358675, -24.74587880397717], [-48.538352060480804, -24.726272220826303], [-48.52880350272905, -24.6877592896371], [-48.464901616236546, -24.65974988513586], [-48.44727350961793, -24.5995296654582], [-48.40246873862893, -24.57152026095696], [-48.428910898556865, -24.532307094655224], [-48.35178793210039, -24.459482642952004], [-48.353991445427724, -24.326437971571124], [-48.38337162312543, -24.304030447970135], [-48.36133648985215, -24.283023394594203], [-48.317266223305595, -24.313133504433036], [-48.20488704361189, -24.263416811443335], [-48.1395161482345, -24.19409353530277], [-48.11748101496122, -24.318735385333284], [-48.0653311995478, -24.32503750134606], [-48.01465039301927, -24.378255369898415], [-48.013181384134384, -24.509899571054234], [-48.12556056382809, -24.596028489895545], [-48.1292330860403, -24.649246358447897], [-48.306248656668956, -24.73257433683908], [-48.30992117888117, -24.825005371693166], [-48.282744514510796, -24.87892347535805], [-48.21149758359387, -24.90763311497182], [-48.21076307915143, -24.95664957284899], [-48.124091554943206, -24.98115780178757], [-48.025667959655905, -24.94404534082343], [-48.04256156183209, -24.862117832657308], [-47.99188075530355, -24.846712660181627], [-47.96764210870295, -24.871921124232742], [-47.94340346210234, -24.766885857353095], [-47.867015000088315, -24.796295732079397], [-47.81266167134757, -24.76968679780322], [-47.685592402805, -24.55051320758103], [-47.6268320474096, -24.51270051150436], [-47.683388889477676, -24.378955605010944], [-47.54236403652871, -24.358648786747548], [-47.36681747478494, -24.384557485911195], [-47.31980919046862, -24.339742438709212], [-47.33229576599014, -24.28792504038192], [-47.2867564905587, -24.278121748806488], [-47.267659375055196, -24.114966967586774], [-47.127369026548664, -24.00853123048207], [-47.20008496635048, -24.00082864424423], [-47.205226497447576, -23.960915242829962], [-47.142059115397515, -23.911198549840265], [-47.12883803543355, -23.860781621738035], [-47.02894543126136, -23.846076684374886], [-46.98854768692703, -23.800561402060374], [-47.081829751117226, -23.65351202842887], [-47.059060113401515, -23.62830356437776], [-46.98854768692703, -23.665416025341898], [-46.9812026425026, -23.602394865214112], [-47.02821092681893, -23.581387811838184], [-46.99515822690901, -23.5071628899099], [-46.80785959408616, -23.48475536630891], [-46.82328418737745, -23.400727152805196], [-46.73514365428434, -23.388122920779637], [-46.63451654566972, -23.429436792418965], [-46.59999483687491, -23.388122920779637], [-46.447952417289315, -23.357312575828274], [-46.36421891085086, -23.273984597437092], [-46.35834287531132, -23.317399174414014], [-46.30545855545546, -23.321600585089197], [-46.24743270450249, -23.405628798592915], [-46.15782316252451, -23.342607638465125], [-46.13946055146344, -23.44064055421946], [-46.07408965608605, -23.452544551132487], [-46.053523531697664, -23.48965701209663], [-46.11228388709307, -23.540774175311387], [-46.08804524049246, -23.575085695825404], [-46.10126632045643, -23.71863389389425], [-46.077762178298265, -23.73263859614487], [-45.93600282090685, -23.70112801608098], [-45.844924270043975, -23.64370873685344], [-45.79644697684277, -23.682921903155172], [-45.7193240103863, -23.648610382641156], [-45.53129087312101, -23.755746354858392], [-45.426991242294164, -23.708130367206287], [-45.39614205571158, -23.808263988298215], [-45.43066376450638, -23.832772217236798], [-45.50264519986575, -23.841175038587167], [-45.55479501527917, -23.794959521160123], [-45.84272075671665, -23.758547295308517], [-46.088779744934904, -23.82226869054883], [-46.1974864024164, -23.994526528231447], [-46.32014864430431, -24.02463663807028], [-46.30619305989789, -23.99312605800639], [-46.35540485754155, -23.971418769517925], [-46.84458481620828, -24.218601764241356], [-46.99368921802412, -24.325737736458592], [-47.00323777577587, -24.409065714849778], [-47.62315952519739, -24.799096672529522], [-47.84277635348771, -24.976256155999856], [-47.90961625774998, -25.05258178326573], [-47.92357184215639, -25.160417990595498], [-48.16228578595022, -25.37468993502997], [-48.2137010969212, -25.472722850784304], [-48.30992117888117, -25.4930296690477], [-48.42744188967198, -25.393596283068305], [-48.55451115821454, -25.39009510750565], [-48.60151944253086, -25.350881941203916], [-48.57728079593026, -25.296263602426503]]]}}, {"type": "Feature", "properties": {"regiao": 19}, "geometry": {"type": "Polygon", "coordinates": [[[-52.1859011216505, -23.10732864065472], [-52.18222859943829, -23.042206775189342], [-52.247599494815674, -23.026101367601132], [-52.2843247169378, -22.967981853261062], [-52.27036913253139, -22.91406374959618], [-52.37099624114602, -22.929468922071862], [-52.423146056559446, -22.900059047345557], [-52.42167704767456, -22.610861945870273], [-52.49880001413102, -22.633969704583794], [-52.58914406055146, -22.56604689866829], [-52.69711621359051, -22.626967353458486], [-52.97255537950647, -22.570248309343476], [-53.0386607793263, -22.618564532108113], [-52.994590512779745, -22.708894861624607], [-53.034253752671646, -22.85524400014358], [-53.09889014360658, -22.836337652105243], [-53.12753581686185, -22.6521758175096], [-53.07391699256354, -22.549241255967548], [-52.99826303499196, -22.49322244696507], [-52.85503466871566, -22.439304343300186], [-52.798477826647584, -22.378383888509994], [-52.456198756469355, -22.18511899745145], [-52.285059221380244, -22.27334862163035], [-52.2204228304453, -22.2586436842672], [-52.225564361542396, -22.15851006317527], [-52.14403436843128, -21.998156222405683], [-52.12567175737021, -21.881216958613013], [-51.977301859996814, -21.767078635270465], [-51.94131114231713, -21.547204809935746], [-51.84288754702983, -21.612326675401125], [-51.914868982389194, -21.82169697404788], [-52.02284113542825, -21.948439529415985], [-51.86345367141822, -22.042971269607666], [-51.87447123805486, -22.17741641121361], [-51.82232142264144, -22.151507712049963], [-51.772375120555346, -22.190720878351698], [-51.73858791620299, -22.180217351663735], [-51.772375120555346, -22.217329812627874], [-51.76429557168848, -22.275449326967944], [-51.7907377316164, -22.268446975842636], [-51.83774601593273, -22.357376835134065], [-51.78559620051931, -22.358777305359126], [-51.77310962499779, -22.32236507950752], [-51.712145756275056, -22.351774954233818], [-51.72903935845123, -22.449807869988152], [-51.85537412255135, -22.610161710757744], [-51.88989583134615, -22.612962651207866], [-51.771640616112904, -22.61436312143293], [-51.71802179181459, -22.668981460210343], [-51.77017160722802, -22.77751790265264], [-51.75915404059138, -22.830735771204992], [-51.83994952926006, -22.830035536092463], [-51.87373673361242, -22.956778091460567], [-51.905320424637445, -22.949775740335255], [-51.91413447794676, -23.136738515381026], [-51.9736293377846, -23.15564486341936], [-52.02724816208291, -23.05971265300262], [-52.1859011216505, -23.10732864065472]]]}}, {"type": "Feature", "properties": {"regiao": 20}, "geometry": {"type": "Polygon", "coordinates": [[[-51.781189173864654, -29.387737364944897], [-51.72757034956635, -29.362528900893786], [-51.70112818963842, -29.304409386553715], [-51.77972016497977, -29.298807505653468], [-51.80175529825304, -29.259594339351732], [-51.75474701393672, -29.260294574464265], [-51.757685031706494, -29.185369417423452], [-51.842153042587384, -29.151057896909435], [-51.88622330913394, -29.17136471517283], [-51.86639168918799, -29.276399982052475], [-51.96261177114796, -29.328217380379765], [-51.97656735555437, -29.30090821099106], [-52.03385870206489, -29.328917615492298], [-52.03679671983466, -29.267296925589573], [-52.112450677406244, -29.270798101152227], [-52.21234328157843, -29.094338852794426], [-52.22850237931217, -28.970397237876448], [-52.32766047904191, -28.81354457266951], [-52.249068503700556, -28.662293788362824], [-52.31443939907794, -28.648289086112204], [-52.36144768339427, -28.578965809971642], [-52.434163623196085, -28.54885570013281], [-52.54654280288979, -28.547455229907747], [-52.54433928956246, -28.49773853691805], [-52.443712180947834, -28.403907031838898], [-52.372465250030906, -28.376597862450193], [-52.29534228357444, -28.38920209447575], [-52.309297867980845, -28.361192689974512], [-52.28212120361047, -28.334583755698336], [-52.25861706145231, -28.366094335762227], [-52.213812290463316, -28.35278986862414], [-52.30489084132619, -28.30167270540938], [-52.27697967251338, -28.22814801859363], [-52.20426373271157, -28.176330620266338], [-52.088946535248084, -27.976763613195015], [-51.994195462172996, -28.014576309271686], [-51.96261177114796, -27.9809650238702], [-51.90899294684966, -28.02437960084712], [-51.91854150460141, -28.11190898991349], [-51.79661376715595, -28.165827093578372], [-51.7907377316164, -28.193836498079612], [-51.846560069242045, -28.238651545281595], [-51.891364840231034, -28.212042611005415], [-52.01990311765849, -28.302372940521913], [-51.964080780032845, -28.33108258013568], [-51.991257444403224, -28.43961902257798], [-52.088946535248084, -28.495637831580456], [-52.090415544132966, -28.53555123299472], [-51.916337991274084, -28.510342768943605], [-51.91560348683164, -28.561459932158364], [-51.85390511366647, -28.590169571772137], [-51.808365838235034, -28.55725852148318], [-51.78265818274954, -28.471829837754402], [-51.721694314026806, -28.436117847015325], [-51.70553521629307, -28.312876467209875], [-51.66513747195873, -28.32408022901037], [-51.635757294261026, -28.252656247532215], [-51.54467874339815, -28.313576702322408], [-51.5351301856464, -28.3744971571126], [-51.49840496352427, -28.398305150938654], [-51.6144566654302, -28.44732160881582], [-51.62400522318195, -28.515244414731324], [-51.51750207902778, -28.5418533490075], [-51.4469896525533, -28.486534775117555], [-51.39630884602476, -28.539752643669907], [-51.32653092399272, -28.333183285473275], [-51.38896380160033, -28.296070824509133], [-51.38382227050324, -28.240752250619188], [-51.244266426439154, -28.15392309666535], [-51.0812064402169, -28.233049664381348], [-51.023180589263944, -28.216244021680602], [-51.06284382915584, -28.18403320650418], [-51.00114545599067, -27.963459146056927], [-50.9240224895342, -27.9718619674073], [-50.92328798509176, -28.011775368821564], [-50.87554519633299, -28.041185243547865], [-50.742599892250894, -28.029981481747367], [-50.654459359157784, -27.985866669657916], [-50.624344677017646, -27.929847860655443], [-50.64637981029092, -27.91444268817976], [-50.60524756151413, -27.83321541512617], [-50.63976927030893, -27.714175445995906], [-50.56264630385247, -27.728880383359055], [-50.51343450620882, -27.786999897699125], [-50.39003775987847, -27.73028085358412], [-50.30924227120978, -27.748486966509923], [-50.2732515535301, -27.675662514806703], [-50.19465957818875, -27.632948172942314], [-50.22403975588645, -27.532114316737854], [-50.29895920901559, -27.496402325998776], [-50.18217300266723, -27.445285162784018], [-50.07566985851305, -27.304537905165294], [-50.24313687138996, -27.23731533436232], [-50.348905511101684, -27.093767136293476], [-50.315118306749326, -27.07556102336767], [-50.31952533340399, -27.01534080369001], [-50.2196327292318, -26.813673091281093], [-50.16234138272128, -26.78916486234251], [-50.08595292070726, -26.810171915718435], [-50.13516471835091, -26.664523012311996], [-50.12488165615671, -26.523075519580743], [-50.09109445180435, -26.523775754693276], [-50.071997336300846, -26.413138606913382], [-50.18951804709165, -26.070023401773213], [-50.140306249448, -26.02660882479629], [-50.12414715171427, -26.051117053734878], [-49.933910501121645, -26.01890623855845], [-49.92583095225478, -25.989496363832153], [-49.79215114373024, -25.94608178685523], [-49.773054028226724, -26.028009295021356], [-49.593834944270746, -26.025908589683763], [-49.54021611997244, -26.070723636885745], [-49.54095062441488, -25.948182492192824], [-49.644515750799286, -25.89286391830288], [-49.63643620193241, -25.867655454251764], [-49.54241963329977, -25.84244699020065], [-49.51964999558405, -25.807435234574104], [-49.385235682617065, -25.78362724074805], [-49.45060657799445, -25.920173087691587], [-49.43150946249094, -25.939779670842455], [-49.30590920283326, -25.945381551742702], [-49.236865785243666, -25.978992837144187], [-49.234662271916335, -26.030810235471478], [-48.968037159309695, -25.986695423382027], [-48.992275805910296, -25.92157355791665], [-48.96289562821259, -25.831243228400155], [-49.002558868104494, -25.795531237661077], [-49.07013327680921, -25.796931707886138], [-49.08776138342783, -25.74441407444632], [-49.14725624326567, -25.752816895796688], [-49.16268083655697, -25.80533452923651], [-49.20748560754596, -25.82494111238738], [-49.24127281189833, -25.79763194299867], [-49.27065298959602, -25.612069638177964], [-49.175901916520935, -25.46291955920887], [-49.07086778125165, -25.539945421587277], [-48.97024067263702, -25.522439543774002], [-48.97317869040679, -25.72620796152051], [-48.84757843074912, -25.609968932840374], [-48.78955257979615, -25.62257316486593], [-48.76017240209845, -25.597364700814815], [-48.6279616024588, -25.66668797695538], [-48.63236862911345, -25.758418776696935], [-48.54936962711744, -25.852250281776083], [-48.60666097362796, -26.019606473670983], [-48.597846920318645, -26.128843151225812], [-48.56920124706339, -26.167356082415015], [-48.53174152049882, -26.1624544366273], [-48.503830351686005, -26.237379593668113], [-48.688190966739086, -26.671525363437308], [-48.66101430236871, -26.770958749416703], [-48.61988205359192, -26.78916486234251], [-48.6419171868652, -26.912406242147956], [-48.614006018052386, -27.004837277002043], [-48.57067025594827, -27.00903868767723], [-48.614006018052386, -27.100769487418784], [-48.585360344797124, -27.144884299508234], [-48.553042149329656, -27.157488531533794], [-48.50823737834066, -27.110572778994218], [-48.48179521841273, -27.153287120858607], [-48.60298845141575, -27.217708751211454], [-48.615475026937276, -27.271626854876338], [-48.59490890254888, -27.31644190207832], [-48.539821069365686, -27.319943077640975], [-48.526599989401724, -27.408172701819876], [-48.41715882747778, -27.380863532431167], [-48.37382306537367, -27.471894097060193], [-48.50750287389822, -27.744285555834736], [-48.478122696200515, -27.76179143364801], [-48.59564340699132, -27.850721292939443], [-48.58682935368201, -27.904639396604324], [-48.63236862911345, -27.999871371908537], [-48.60298845141575, -28.033482657310024], [-48.66689033790825, -28.214143316343012], [-48.647793222404744, -28.23445013460641], [-48.735933755497854, -28.378698567787787], [-48.76531393319555, -28.45992584084138], [-48.746216817692044, -28.50544112315589], [-48.82774681080316, -28.606274979360347], [-49.28975010509953, -28.882867848810076], [-49.712824663946435, -29.325416439929644], [-49.957414643279805, -29.19937411967407], [-49.82520384364015, -29.148957191571842], [-49.957414643279805, -29.06843015363078], [-50.017644007560094, -29.16296189382246], [-50.107988053980534, -29.211278116587096], [-50.1454477805451, -29.197973649449008], [-50.14471327610266, -29.2700978660397], [-50.19980110928584, -29.256793398901607], [-50.28720713793651, -29.29530633009081], [-50.35698505996855, -29.190271063211167], [-50.357719564411, -29.117446611507948], [-50.27104804020277, -29.137753429771344], [-50.188783542649205, -29.072631564305965], [-50.27031353576034, -29.014512049965898], [-50.24534038471728, -28.933985012024834], [-50.15940336495151, -28.90667584263613], [-50.21081867592248, -28.823347864244944], [-50.15866886050907, -28.71201048135252], [-50.105784540653204, -28.68120013640116], [-50.10064300955611, -28.63848579453677], [-50.02572355642697, -28.634984618974116], [-50.069059318531075, -28.479532423992243], [-50.242402366947516, -28.43191643634014], [-50.2732515535301, -28.457124900391253], [-50.36873713104764, -28.421412909652176], [-50.5442836927914, -28.427715025664952], [-50.74921043223287, -28.24845483685703], [-50.70881268789853, -28.362593160199573], [-50.72644079451716, -28.599972863347567], [-50.785935654355, -28.55795875659571], [-50.86379312525391, -28.57336392907139], [-50.91227041845512, -28.66159355325029], [-50.90859789624291, -28.73441800495351], [-51.04815374030699, -28.861860795434147], [-51.095896529065755, -28.84085374205822], [-51.12454220232102, -28.876565732797296], [-50.95780969388656, -28.961294181413543], [-50.93063302951619, -29.02431534154133], [-51.11205562679949, -29.0327181628917], [-51.111321122357054, -29.080334150543806], [-51.145108326709405, -29.09013744211924], [-51.308168312931656, -29.088036736781646], [-51.26042552417289, -29.35062490398076], [-51.280257144118835, -29.404543007645643], [-51.33020344620493, -29.426950531246632], [-51.391901819370105, -29.65312647259413], [-51.427892537049786, -29.65312647259413], [-51.503546494621375, -29.576800845328258], [-51.57552792998074, -29.613213071179867], [-51.588014505502265, -29.47666722423633], [-51.69084512744422, -29.47036510822355], [-51.69084512744422, -29.415046534333605], [-51.73932242064543, -29.414346299221073], [-51.74446395174253, -29.46196228687318], [-51.781923678307095, -29.46126205176065], [-51.781189173864654, -29.387737364944897]]]}}, {"type": "Feature", "properties": {"regiao": 21}, "geometry": {"type": "Polygon", "coordinates": [[[-52.628072796000914, -25.654783980042353], [-52.715478824651576, -25.664587271617787], [-52.785256746683615, -25.567254590975985], [-52.78084972002897, -25.496530844610355], [-52.6640635136806, -25.29696383753903], [-52.84034457986681, -25.27315584371298], [-52.661125495910824, -25.20593327291001], [-52.691240178050975, -25.164619401270684], [-52.663329009238154, -25.09809706558024], [-52.72135486019111, -25.112101767830858], [-52.76322161341034, -25.01476908718906], [-52.79480530443537, -25.004265560501093], [-52.77938071114408, -24.902031234071572], [-52.7470625156766, -24.875422299795396], [-52.860176199812756, -24.758483036002726], [-52.838875570981926, -24.731173866614018], [-52.68609864695387, -24.731173866614018], [-52.6934436913783, -24.68285764384938], [-52.59575460053344, -24.575721671632145], [-52.65671846925618, -24.49869580925374], [-52.50834857188278, -24.523204038192326], [-52.516428120749644, -24.459482642952004], [-52.346023090102975, -24.159782014788753], [-52.22189183933018, -24.192693065077712], [-52.175618059456305, -24.00362958469435], [-52.11832671294579, -23.956013597042244], [-52.26522760143429, -23.888791026239275], [-52.1117161729638, -23.705329426756162], [-52.03385870206489, -23.772551997559134], [-52.04414176425909, -23.811064928748337], [-51.99639897550033, -23.79075811048494], [-52.005213028809635, -23.82226869054883], [-51.93984213343225, -23.908397609390143], [-51.795879262713505, -23.92030160630317], [-51.683500083019794, -23.976320415305644], [-51.683500083019794, -24.064550039484544], [-51.712145756275056, -24.094660149323374], [-51.68717260523201, -24.137374491187764], [-51.5799349566354, -24.125470494274737], [-51.51236054793068, -24.190592359740116], [-51.48591838800275, -24.301929742632538], [-51.3331414639747, -24.25081257941778], [-51.333875968417146, -24.159081779676224], [-51.3728047038666, -24.142276136975482], [-51.2347178686874, -24.086257327973005], [-51.21121372652924, -24.10586391112387], [-51.085613466871564, -24.074353331059978], [-51.11279013124194, -23.94270912990416], [-51.08194094465935, -23.906296904052546], [-51.01657004928197, -23.918901136078105], [-50.951199153904575, -23.883889380451556], [-50.87554519633299, -23.766950116658887], [-50.91520843622489, -23.714432483219063], [-50.876279700775434, -23.694825900068196], [-50.92034996732199, -23.664715790229366], [-50.9482611361348, -23.51976712193546], [-50.81898835426492, -23.61079768656448], [-50.65813188137, -23.62270168347751], [-50.62875170367229, -23.68852378405542], [-50.58100891491353, -23.712331777881474], [-50.582477923798415, -23.638807091065722], [-50.62507918146008, -23.6156993323522], [-50.59937152597459, -23.493858422771815], [-50.412072893151745, -23.46374831293298], [-50.482585319626224, -23.325801995764383], [-50.46789523077738, -23.259979895186472], [-50.45981568191051, -23.30829611795111], [-50.37902019324183, -23.3601135162784], [-50.31732182007666, -23.355912105603213], [-50.30410074011269, -23.382521039879393], [-50.23505732252309, -23.356612340715746], [-50.17115543603059, -23.39722597724254], [-50.130757691696246, -23.46374831293298], [-50.190987055976535, -23.57018405003769], [-50.38783424655114, -23.598193454538926], [-50.440718566407, -23.659113909329122], [-50.41868343313372, -23.706729896981223], [-50.4752402752018, -23.750144473958144], [-50.3922412732058, -23.78935764025988], [-50.38342721989649, -23.859381151512974], [-50.42602847755815, -23.95811430237984], [-50.534000630597205, -23.932905838328722], [-50.58982296822284, -23.990325117556264], [-50.68824656351014, -24.00292934958182], [-50.74039637892356, -24.140875666750418], [-50.67869800575839, -24.22980552604185], [-50.72350277674738, -24.313833739545565], [-50.683105032413046, -24.387358426361317], [-50.549425223888505, -24.409765949962306], [-50.48111631074134, -24.4706864047525], [-50.26884452687545, -24.29352692128217], [-50.351109024429014, -24.246611168742596], [-50.33348091781039, -24.216501058903763], [-50.35992307773832, -24.16888507125166], [-50.330542900040626, -24.122669553824615], [-50.33641893558016, -24.02533687318281], [-50.290145155706284, -23.958814537492373], [-50.23285380919576, -23.971418769517925], [-50.107253549538086, -24.077154271510103], [-50.096970487343896, -24.119868613374493], [-50.18437651599456, -24.173086481926845], [-50.20567714482539, -24.244510463405], [-50.14765129387243, -24.30753162353279], [-50.141040753890444, -24.400662893499405], [-50.21008417148005, -24.42587135755052], [-50.10284652288343, -24.490292987903366], [-50.09843949622878, -24.5204030977422], [-50.167482913818375, -24.552613912918623], [-50.15646534718174, -24.62963977529703], [-50.190252551534094, -24.653447769123083], [-50.15866886050907, -24.691260465199754], [-50.304835244555136, -24.78369150005384], [-50.3231978556162, -24.892227942496138], [-50.39150676876335, -24.97975733156251], [-50.46936423966226, -24.99446226892566], [-50.52739009061523, -24.937743224810653], [-50.473771266316916, -24.807499493879895], [-50.61699963259322, -24.88522559137083], [-50.74994493667532, -24.831307487705946], [-50.778590609930575, -24.853014776194406], [-50.94532311836504, -24.84251124950644], [-51.001879960433115, -24.862818067769837], [-50.962951224983655, -24.932841579022934], [-51.0173045537244, -24.969253804874544], [-51.11866616678148, -24.90133099895904], [-51.156125893346044, -24.808199728992424], [-51.3331414639747, -24.759883506227787], [-51.31624786179852, -24.782291029828777], [-51.36545965944217, -24.808899964104953], [-51.39924686379453, -24.909733820309413], [-51.3279999328776, -24.948246751498615], [-51.29788525073746, -25.065186015291285], [-51.256753001960675, -25.048380372590543], [-51.22590381537809, -25.08269189310456], [-51.245735435324036, -25.104399181593017], [-51.18991309769841, -25.243045733874148], [-51.209744717644355, -25.305366658889405], [-51.13923229116987, -25.33967817940342], [-51.15465688446116, -25.399898399081085], [-51.095896529065755, -25.430708744032447], [-51.145108326709405, -25.4839266125848], [-51.32285840178051, -25.474123321009365], [-51.34122101284157, -25.524540249111595], [-51.270708586367086, -25.591762819914567], [-51.2986197551799, -25.63657786711655], [-51.39337082825499, -25.626074340428584], [-51.46535226361436, -25.6603858609426], [-51.51676757458534, -25.61347010840303], [-51.59021801882959, -25.648481864029577], [-51.60784612544821, -25.612769873290496], [-51.797348271598395, -25.595964230589754], [-51.94131114231713, -25.65268327470476], [-52.05883185310794, -25.61417034351556], [-52.23290940596682, -25.740212663771132], [-52.32766047904191, -25.678591973868407], [-52.395234887746625, -25.700299262356864], [-52.3430850723332, -25.641479512904265], [-52.30489084132619, -25.648481864029577], [-52.19251166163248, -25.478324731684552], [-52.17194553724409, -25.364886643454536], [-52.21895382156042, -25.255649965899707], [-52.25861706145231, -25.25635020101224], [-52.28726273470757, -25.33827770917836], [-52.26522760143429, -25.472722850784304], [-52.434163623196085, -25.504933665960728], [-52.443712180947834, -25.561652710075734], [-52.517897129634534, -25.616971283965682], [-52.54433928956246, -25.696097851681678], [-52.57518847614505, -25.648481864029577], [-52.6192587426916, -25.62957551599124], [-52.628072796000914, -25.654783980042353]]]}}, {"type": "Feature", "properties": {"regiao": 22}, "geometry": {"type": "Polygon", "coordinates": [[[-53.36551525621323, -26.766057103628988], [-53.49478803808312, -26.65962136652428], [-53.424275611608635, -26.603602557521803], [-53.49405353364068, -26.52097481424315], [-53.69090072421528, -26.50486940665494], [-53.72101540635543, -26.537780456943892], [-53.68869721088795, -26.443248716752215], [-53.70705982194902, -26.395632729100107], [-53.6446269443414, -26.282194640870095], [-53.65123748432339, -26.20656924871675], [-53.740847026301374, -26.117639389425317], [-53.73423648631939, -26.042714232384505], [-53.84220863935845, -25.932077084604614], [-53.81870449720029, -25.912470501453747], [-53.84955368378287, -25.83544463907534], [-53.82164251497005, -25.79903241322373], [-53.87819935703813, -25.706601378369644], [-53.84955368378287, -25.690495970781434], [-53.86277476374684, -25.658285155605007], [-53.96119835903414, -25.62887528087871], [-53.99131304117428, -25.58616093901432], [-53.89582746365675, -25.59526399547722], [-53.8069524261212, -25.539945421587277], [-53.81796999275784, -25.589662114576974], [-53.790793328387466, -25.605767522165188], [-53.776103239538614, -25.55605082917549], [-53.717342884143214, -25.551849418500304], [-53.682086670905974, -25.504933665960728], [-53.63801640435942, -25.240244793424026], [-53.6549100065356, -25.146413288344878], [-53.52784073799303, -25.168820811945867], [-53.53224776464769, -25.217137034710504], [-53.42574462049352, -25.240945028536558], [-53.48009794923427, -25.341778884741014], [-53.31189643191493, -25.36698734879213], [-53.326586520763776, -25.30326595355181], [-53.28251625421723, -25.290661721526256], [-53.22155238549449, -25.13590976165691], [-53.10109365693391, -25.095996360242648], [-53.07538600144842, -25.00356532538856], [-53.104031674703684, -24.960150748411642], [-53.083465550315296, -24.919537111884846], [-53.18482716337236, -24.937743224810653], [-53.19437572112412, -24.823604901468105], [-53.13488086128628, -24.74587880397717], [-53.21494184551251, -24.676555527836605], [-53.106969692473456, -24.56941955561937], [-53.08566906364262, -24.611433662371226], [-53.043802310423395, -24.61003319214616], [-53.02470519491989, -24.666752236261168], [-52.97916591948845, -24.669553176711293], [-52.860176199812756, -24.49939604436627], [-52.73677945348241, -24.472787110090096], [-52.60971018493985, -24.52740544886751], [-52.59575460053344, -24.575721671632145], [-52.6934436913783, -24.68285764384938], [-52.68609864695387, -24.731173866614018], [-52.838875570981926, -24.731173866614018], [-52.860176199812756, -24.758483036002726], [-52.7470625156766, -24.875422299795396], [-52.77938071114408, -24.902031234071572], [-52.79480530443537, -25.004265560501093], [-52.76322161341034, -25.01476908718906], [-52.72135486019111, -25.112101767830858], [-52.663329009238154, -25.09809706558024], [-52.691240178050975, -25.164619401270684], [-52.661125495910824, -25.20593327291001], [-52.84034457986681, -25.27315584371298], [-52.6640635136806, -25.29696383753903], [-52.78084972002897, -25.496530844610355], [-52.785256746683615, -25.567254590975985], [-52.715478824651576, -25.664587271617787], [-52.628072796000914, -25.654783980042353], [-52.6192587426916, -25.62957551599124], [-52.54433928956246, -25.696097851681678], [-52.517897129634534, -25.616971283965682], [-52.443712180947834, -25.561652710075734], [-52.434163623196085, -25.504933665960728], [-52.26522760143429, -25.472722850784304], [-52.2894662480349, -25.377490875480092], [-52.25861706145231, -25.25635020101224], [-52.21895382156042, -25.255649965899707], [-52.176352563898746, -25.429308273807386], [-52.30489084132619, -25.648481864029577], [-52.3430850723332, -25.641479512904265], [-52.395234887746625, -25.700299262356864], [-52.32766047904191, -25.678591973868407], [-52.23290940596682, -25.740212663771132], [-52.05883185310794, -25.61417034351556], [-51.94131114231713, -25.65268327470476], [-51.797348271598395, -25.595964230589754], [-51.60784612544821, -25.612769873290496], [-51.59021801882959, -25.648481864029577], [-51.51676757458534, -25.61347010840303], [-51.46535226361436, -25.6603858609426], [-51.39337082825499, -25.626074340428584], [-51.2986197551799, -25.63657786711655], [-51.270708586367086, -25.591762819914567], [-51.34122101284157, -25.524540249111595], [-51.32285840178051, -25.474123321009365], [-51.145108326709405, -25.4839266125848], [-50.98204834048716, -25.619071989303272], [-50.9636857294261, -25.682793384543594], [-51.009959509299975, -25.67439056319322], [-51.02024257149418, -25.705901143257115], [-51.11646265345415, -25.720606080620264], [-51.13188724674544, -25.763320422484654], [-51.171550486637344, -25.74581454467138], [-51.257487506403116, -25.806734999461572], [-51.28172615300372, -25.79132982698589], [-51.380884252733466, -25.894264388527944], [-51.38161875717591, -25.934177789942208], [-51.50281199017893, -25.942580611292577], [-51.61886369208485, -26.00350106608277], [-51.4815113613481, -26.080526928461175], [-51.36325614611485, -26.078426223123586], [-51.305964799604325, -26.123941505438097], [-51.26189453305777, -26.100833746724575], [-51.28686768410082, -26.24438194479342], [-51.25234597530602, -26.351517917010657], [-51.270708586367086, -26.387229907749738], [-51.18991309769841, -26.452351773215117], [-51.11499364456927, -26.390731083312392], [-50.985720862699374, -26.404735785563012], [-51.009959509299975, -26.493665644854442], [-51.07606490911981, -26.51467269823037], [-51.14217030893964, -26.60150185218421], [-51.222231293165876, -26.59379926594637], [-51.28319516188861, -26.6533192505115], [-51.39116731492766, -26.663122542086935], [-51.41173343931605, -26.71704064575182], [-51.51236054793068, -26.581895269033343], [-51.82379043152632, -26.581895269033343], [-51.854639618108905, -26.67292583366237], [-51.781189173864654, -26.707237354176385], [-51.783392687191984, -26.75975498761621], [-51.97803636443926, -26.777260865429483], [-52.0132925776765, -26.845883906457516], [-52.114654190733575, -26.859188373595604], [-52.1410963506615, -26.796167213467818], [-52.039734737604434, -26.774459924979357], [-52.06691140197481, -26.677827479450087], [-52.029451675410236, -26.546883513406797], [-52.18663562609294, -26.445349422089805], [-52.22997138819705, -26.467056710578266], [-52.46354380089378, -26.43974754118956], [-52.52303866073163, -26.399834139775294], [-52.495861996361256, -26.268890173732004], [-52.589878564993896, -26.07702575289852], [-52.701523240245166, -25.997198950069993], [-52.75293855121615, -26.035711881259196], [-52.74338999346439, -26.109936803187477], [-52.812433411053995, -26.073524577335867], [-52.80876088884178, -26.025908589683763], [-52.89322889972267, -26.00280083097024], [-52.932892139614566, -26.088929749811548], [-52.81977845547841, -26.14704926415162], [-52.87853881087382, -26.241581004343296], [-52.92775060851747, -26.25838664704404], [-52.89763592637733, -26.306002634696146], [-52.90865349301397, -26.359220503248498], [-52.95272375956052, -26.379527321511897], [-52.96741384840937, -26.441148011414622], [-52.93729916626923, -26.442548481639683], [-52.919671059650604, -26.504169171542408], [-52.94097168848144, -26.614106084209766], [-53.13634987017116, -26.639314548260884], [-53.11137671912811, -26.679928184787677], [-53.128270321304285, -26.720541821314473], [-53.255339589846855, -26.716340410639287], [-53.29573733418119, -26.78426321655479], [-53.39562993835338, -26.80667074015578], [-53.36551525621323, -26.766057103628988]]]}}, {"type": "Feature", "properties": {"regiao": 23}, "geometry": {"type": "Polygon", "coordinates": [[[-53.82164251497005, -27.763892138985604], [-54.03685231660572, -27.654655461430774], [-54.03171078550862, -27.627346292042066], [-53.898030976984074, -27.595135476865643], [-53.90611052585095, -27.530013611400264], [-53.827518550509595, -27.489399974873468], [-53.825315037182264, -27.438983046771238], [-53.90611052585095, -27.333247544779063], [-53.78712080617525, -27.303137434940233], [-53.78491729284792, -27.213507340536268], [-53.83706710826135, -27.16869229333429], [-53.799607381696774, -27.146985004845828], [-53.79666936392701, -27.03984903262859], [-53.74745756628336, -27.03144621127822], [-53.67180360871177, -26.94251635198679], [-53.67694513980887, -26.843783201119923], [-53.739378017416485, -26.742249109802934], [-53.72101540635543, -26.537780456943892], [-53.69090072421528, -26.50486940665494], [-53.49405353364068, -26.52097481424315], [-53.424275611608635, -26.603602557521803], [-53.49478803808312, -26.65962136652428], [-53.36551525621323, -26.766057103628988], [-53.38901939837139, -26.770958749416703], [-53.4081165138749, -26.888598248321905], [-53.291330307526536, -26.92851164973617], [-53.286923280871875, -27.04545091352884], [-53.35523219401904, -27.11127301410675], [-53.29647183862363, -27.13228006748268], [-53.32217949410912, -27.210006164973613], [-53.23183544768869, -27.17079299867188], [-53.18776518114214, -27.192500287160343], [-53.169402570081076, -27.144184064395702], [-53.139287887940924, -27.175694644459597], [-53.070978974793775, -27.15678829642126], [-53.07685501033331, -27.107771838544096], [-53.04820933707805, -27.083963844718042], [-52.99238699945242, -27.09866878208119], [-52.95125475067563, -27.00273657166445], [-52.96521033508205, -26.963523405362718], [-52.934361148499455, -26.948118232887037], [-52.89396340416512, -26.97542740227574], [-52.85723818204299, -26.916607652823142], [-52.80655737551445, -26.900502245234932], [-52.7573455778708, -26.941816116874257], [-52.76909764894988, -26.99503398542661], [-52.84034457986681, -27.01814174414013], [-52.83961007542437, -27.044050443303778], [-52.77938071114408, -27.05315349976668], [-52.759549091198124, -27.014640568577477], [-52.70739927578471, -27.09586784163107], [-52.72208936463356, -27.153287120858607], [-52.785256746683615, -27.205804754298427], [-52.76322161341034, -27.24921933127535], [-52.71400981576669, -27.238015569474854], [-52.691240178050975, -27.284231086901897], [-52.676550089202124, -27.245718155712694], [-52.61778973380672, -27.26602497397609], [-52.54433928956246, -27.240816509924976], [-52.507614067440336, -27.159589236871383], [-52.40184542772861, -27.190399581822746], [-52.442243172062945, -27.25061980150041], [-52.41947353434723, -27.282130381564304], [-52.45326073869958, -27.408872936932408], [-52.43710164096585, -27.494301620661183], [-52.592816582763675, -27.467692686385007], [-52.5604983872962, -27.51250773358699], [-52.663329009238154, -27.533514786962918], [-52.66993954922014, -27.57973030438996], [-52.73384143571264, -27.590934066190457], [-52.76028359564057, -27.691067687282384], [-52.7470625156766, -27.74638626117233], [-52.59722360941832, -27.884332578340928], [-52.58033000724215, -27.924946214867724], [-52.60971018493985, -27.93685021178075], [-52.506879562997895, -28.036283597760146], [-52.48925145637927, -28.12031181126386], [-52.531118209598496, -28.138517924189667], [-52.57151595393284, -28.123812986826515], [-52.654514955928846, -28.16932826914103], [-52.66039099146839, -28.122412516601454], [-52.72429287796089, -28.059391356473668], [-52.82785800434529, -28.029281246634838], [-52.74485900234928, -27.945253033131124], [-52.77203566671965, -27.91514292329229], [-52.75808008231324, -27.88013116766574], [-52.7815842244714, -27.82621306400086], [-52.81830944659353, -27.830414474676044], [-52.946113219578535, -27.718376856671092], [-52.95786529065762, -27.686166041494666], [-52.90644997968664, -27.67216133924405], [-52.946847724020984, -27.588133125740335], [-52.95125475067563, -27.625945821817005], [-52.9989975394344, -27.609840414228792], [-53.11358023245543, -27.650454050755588], [-52.98430745058555, -27.79050107326178], [-53.068775461466444, -27.8136088319753], [-53.043067805980954, -27.865426230302592], [-53.057757894829805, -27.941751857568466], [-53.156181490117106, -27.943152327793527], [-53.237711483228225, -28.002672312358662], [-53.190703198911905, -28.045386654223048], [-53.20906580997297, -28.074096293836817], [-53.30161336972073, -28.08109864496213], [-53.24946355430731, -28.14201909975232], [-53.31116192747248, -28.195236968304673], [-53.35302868069171, -28.128714632614233], [-53.402974982777806, -28.136417218852074], [-53.411789036087114, -28.08740076097491], [-53.475690922579616, -28.088100996087437], [-53.50727461360464, -28.146920745540037], [-53.5271062335506, -28.065693472486448], [-53.84588116157066, -27.955056324706554], [-53.898030976984074, -27.895536340141422], [-53.87746485259569, -27.791201308374312], [-53.82164251497005, -27.763892138985604]]]}}, {"type": "Feature", "properties": {"regiao": 24}, "geometry": {"type": "Polygon", "coordinates": [[[-51.748136473954744, -31.87007083886715], [-52.089681039690525, -32.1312585358412], [-52.050017799798624, -32.077340432176314], [-52.05369032201084, -31.984909397322227], [-52.005213028809635, -31.95129811192074], [-52.09776058855739, -31.835759318353134], [-52.0081510465794, -31.81825344053986], [-51.86051565364845, -31.87007083886715], [-51.8113038560048, -31.844862374816035], [-51.80248980269549, -31.788843565813558], [-51.65852693197675, -31.767136277325097], [-51.612987656545315, -31.729323581248426], [-51.427892537049786, -31.491943878100432], [-51.36105263278752, -31.531857279514696], [-51.23765588645717, -31.457632357586412], [-51.157594902230926, -31.284674284791265], [-51.17669201773444, -31.079505396819695], [-51.10324157349018, -31.099111979970562], [-50.99526942045112, -31.047994816755804], [-50.95487167611679, -31.00317976955382], [-50.96809275608075, -30.898144502674178], [-50.88215573631497, -30.8918423866614], [-50.720564758977616, -30.779804768656447], [-50.67943251020083, -30.60894740119889], [-50.729378812286924, -30.368066522488242], [-50.705874670128765, -30.347759704224842], [-50.643441792521145, -30.39607592698948], [-50.6184686414781, -30.3603639362504], [-50.596433508204825, -30.391174281201764], [-50.65372485471534, -30.41778321547794], [-50.61112359705368, -30.485706021393444], [-50.57439837493155, -30.481504610718257], [-50.545018197233844, -30.356162525575215], [-50.54281468390651, -30.252527728920633], [-50.62067215480543, -30.19860962525575], [-50.63462773921184, -30.058562602749557], [-50.70073313903167, -30.034054373810974], [-50.717626741207845, -29.97873579992103], [-50.8204573631498, -29.999042618184426], [-50.840288983095746, -29.976635094583436], [-50.852775558617274, -29.83518760185218], [-50.81164330984049, -29.773566911949455], [-51.0812064402169, -29.829585720951933], [-51.084878962429116, -29.735053980760256], [-51.132621751187884, -29.7406558616605], [-51.17742652217688, -29.672032820632467], [-51.209744717644355, -29.734353745647724], [-51.19285111546817, -29.80367702178829], [-51.30743380848921, -29.77566761728705], [-51.27658462190662, -29.655927413044257], [-51.391901819370105, -29.65312647259413], [-51.33020344620493, -29.426950531246632], [-51.280257144118835, -29.404543007645643], [-51.26042552417289, -29.35062490398076], [-51.308168312931656, -29.088036736781646], [-51.145108326709405, -29.09013744211924], [-51.111321122357054, -29.080334150543806], [-51.11205562679949, -29.0327181628917], [-50.93063302951619, -29.02431534154133], [-50.95780969388656, -28.961294181413543], [-51.12454220232102, -28.876565732797296], [-51.095896529065755, -28.84085374205822], [-51.04815374030699, -28.861860795434147], [-50.90859789624291, -28.73441800495351], [-50.91227041845512, -28.66159355325029], [-50.86379312525391, -28.57336392907139], [-50.785935654355, -28.55795875659571], [-50.72644079451716, -28.599972863347567], [-50.70881268789853, -28.362593160199573], [-50.74921043223287, -28.24845483685703], [-50.5442836927914, -28.427715025664952], [-50.36873713104764, -28.421412909652176], [-50.2732515535301, -28.457124900391253], [-50.242402366947516, -28.43191643634014], [-50.069059318531075, -28.479532423992243], [-50.02572355642697, -28.634984618974116], [-50.10064300955611, -28.63848579453677], [-50.105784540653204, -28.68120013640116], [-50.15866886050907, -28.71201048135252], [-50.21081867592248, -28.823347864244944], [-50.15940336495151, -28.90667584263613], [-50.24534038471728, -28.933985012024834], [-50.27031353576034, -29.014512049965898], [-50.188783542649205, -29.072631564305965], [-50.27104804020277, -29.137753429771344], [-50.357719564411, -29.117446611507948], [-50.35698505996855, -29.190271063211167], [-50.28720713793651, -29.29530633009081], [-50.19980110928584, -29.256793398901607], [-50.14471327610266, -29.2700978660397], [-50.1454477805451, -29.197973649449008], [-50.107988053980534, -29.211278116587096], [-50.017644007560094, -29.16296189382246], [-49.957414643279805, -29.06843015363078], [-49.82520384364015, -29.148957191571842], [-49.957414643279805, -29.19937411967407], [-49.712824663946435, -29.325416439929644], [-49.922158430042565, -29.606910955167088], [-50.06391778743398, -29.859695830790766], [-50.33421542225284, -30.501111193869125], [-50.766838538851495, -31.110315741771057], [-51.267770568597314, -31.57877303205427], [-51.748136473954744, -31.87007083886715]]]}}, {"type": "Feature", "properties": {"regiao": 25}, "geometry": {"type": "Polygon", "coordinates": [[[-55.07470709377704, -31.332290272443373], [-55.246581133308595, -31.252463469614842], [-55.28991689541271, -31.145327497397606], [-55.33839418861392, -31.13342350048458], [-55.32737662197728, -31.087908218170067], [-55.371446888523835, -31.02348658781722], [-55.43681778390122, -31.004580239778882], [-55.4243312083797, -30.985673891740547], [-55.579311645735075, -30.840024988334108], [-55.663045152173524, -30.87223580351053], [-55.641744523342695, -30.911448969812266], [-55.665983169943296, -30.954163311676655], [-55.870909909384764, -31.071802810581854], [-56.00532422235175, -31.081606102157288], [-55.98989962906046, -30.859631571484975], [-56.02368683341281, -30.78540664955669], [-56.15002159751293, -30.705579846728163], [-56.1874813240775, -30.604745990523707], [-56.38579752353699, -30.495509312968878], [-56.398284099058515, -30.448593560429302], [-56.46218598555102, -30.384171930076455], [-56.49156616324872, -30.398176632327072], [-56.65829867168318, -30.201410565705874], [-56.69649290269019, -30.20491174126853], [-56.850738835603124, -30.088672712588387], [-57.07843521276031, -30.091473653038513], [-57.20403547241799, -30.28543877920959], [-57.28483096108667, -30.293841600559958], [-57.3112731210146, -30.25812960982088], [-57.41851076961122, -30.302944657022863], [-57.429528336247856, -30.274935252521622], [-57.500040762722335, -30.288939954772243], [-57.5683496758695, -30.252527728920633], [-57.558066613675294, -30.213314562618898], [-57.59405733135499, -30.17900304210488], [-57.35167086534894, -30.008145674647327], [-57.29805204105064, -29.83448736673965], [-57.23561916344302, -29.780569263074767], [-57.13205403705862, -29.7700657363868], [-56.9711975641637, -29.643323181018697], [-56.902154146574105, -29.534086503463868], [-56.82209316234787, -29.489971691374418], [-56.7589257802978, -29.370931722244155], [-56.71265200042393, -29.3674305466815], [-56.66417470722271, -29.29530633009081], [-56.64581209616165, -29.2000743547866], [-56.58852074965114, -29.11954731684554], [-56.43060229452598, -29.079633915431277], [-56.37918698355501, -28.947989714275455], [-56.299860503771214, -28.895472080835635], [-56.299860503771214, -28.807942691769263], [-56.19409186405949, -28.775031641480307], [-56.017810797873274, -28.612577095373126], [-56.022952328970376, -28.522947000969165], [-55.88413098934873, -28.479532423992243], [-55.90029008708247, -28.398305150938654], [-55.870909909384764, -28.356991279299326], [-55.75632721636373, -28.36959551132488], [-55.69242532987123, -28.416511263864457], [-55.66892118771307, -28.340885871711116], [-55.773220818539905, -28.274363536020672], [-55.77101730521258, -28.241452485731717], [-55.63439947891827, -28.1777310904914], [-55.6108953367601, -28.11751087081374], [-55.563887052443775, -28.163726388240782], [-55.4882330948722, -28.07619699917441], [-55.4382867927861, -28.086000290749844], [-55.37585391517849, -28.034182892422553], [-55.38687148181512, -27.985866669657916], [-55.32737662197728, -27.927046920205317], [-55.27816482433363, -27.932648801105564], [-55.20251086676205, -27.85772364406475], [-55.139343484711986, -27.894836105028894], [-55.12612240474802, -27.859824349402345], [-55.02476079169095, -27.835316120463762], [-55.08278664264391, -27.79680318927456], [-55.05781349160087, -27.76809354966079], [-55.0240262872485, -27.794002248824434], [-54.94910683411936, -27.779297311461285], [-54.906505576457704, -27.729580618471587], [-54.90283305424549, -27.636449348504968], [-54.83966567219542, -27.604938768441077], [-54.81689603447971, -27.53561549230051], [-54.784577839012236, -27.57903006927743], [-54.723613970289506, -27.56362489680175], [-54.63253541942663, -27.763892138985604], [-54.55981947962482, -27.84091800136401], [-54.685419739282494, -27.889234224128643], [-54.83158612332856, -27.841618236476542], [-54.819099547807035, -27.915843158404822], [-54.76180820129652, -27.98026478875767], [-54.71773793474996, -27.985166434545388], [-54.73830405913836, -28.058691121361136], [-54.69643730591913, -28.06779417782404], [-54.695702801476685, -28.160225212678128], [-54.634738932753955, -28.2071409652177], [-54.74564910356278, -28.207841200330233], [-54.75960468796919, -28.247054366631964], [-54.57304055958878, -28.298871764959255], [-54.464333902107285, -28.292569648946476], [-54.4628648932224, -28.33668446103593], [-54.36884832458975, -28.349288693061485], [-54.37472436012929, -28.436117847015325], [-54.463599397664844, -28.488635480455144], [-54.406308051154326, -28.5509564054704], [-54.44670579548867, -28.581766750421764], [-54.4180601222334, -28.60837568469794], [-54.43128120219737, -28.658092377687638], [-54.378396882341505, -28.659492847912702], [-54.377662377899064, -28.69520483865178], [-54.32257454471588, -28.72461471337808], [-54.31229148252167, -28.686101782188878], [-54.1969742850582, -28.66019308302523], [-54.12866537191104, -28.554457581033056], [-53.974419438998105, -28.647588850999675], [-53.96854340345857, -28.796038694856236], [-53.87232332149859, -28.815645278007104], [-53.74525405295603, -28.758926233892097], [-53.717342884143214, -28.63778555942424], [-53.781244770635716, -28.54955593524534], [-53.694573246427495, -28.510342768943605], [-53.705590813064134, -28.480932894217304], [-53.51315064914418, -28.57056298862127], [-53.46393885150053, -28.553757345920523], [-53.240649500998, -28.68190037151369], [-53.33099354741843, -28.785535168168273], [-53.46393885150053, -28.737218945403637], [-53.51388515358663, -28.773631171255246], [-53.546937853496544, -28.74422129652895], [-53.57778704007913, -28.76242740945475], [-53.545468844611655, -28.883568083922608], [-53.56676947344249, -28.962694651638607], [-53.49405353364068, -29.073331799418497], [-53.445576240439465, -29.086636266556585], [-53.44924876265168, -29.047423100254854], [-53.37139129175277, -28.975298883664163], [-53.33025904297599, -29.00961040417818], [-53.23477346545846, -28.956392535625827], [-53.15177446346245, -29.02501557665386], [-53.07538600144842, -28.961294181413543], [-52.95272375956052, -28.955692300513295], [-52.85503466871566, -29.042521454467135], [-52.80435386218713, -29.043221689579667], [-52.79113278222316, -29.117446611507948], [-52.66186000035327, -29.194472473886353], [-52.75440756010103, -29.363929371118846], [-52.8161059332662, -29.31561314835421], [-52.87780430643138, -29.321215029254457], [-52.883680341970916, -29.20567623568685], [-52.99973204387685, -29.13915389999641], [-53.06363393036935, -29.181868241860798], [-53.094483116951935, -29.13985413510894], [-53.26121562538639, -29.144055545784123], [-53.24726004097998, -29.240687991313397], [-53.21053481885785, -29.26379575002692], [-53.23844598767067, -29.412245593883483], [-53.312630936357365, -29.437454057934595], [-53.36698426509812, -29.357627255106067], [-53.43970020489993, -29.33872090706773], [-53.52637172910815, -29.399641361857924], [-53.499195064737776, -29.45495993574787], [-53.51829218024128, -29.471065343336083], [-53.55501740236341, -29.450758525072686], [-53.6549100065356, -29.508177804300225], [-53.629936855492545, -29.568398023977885], [-53.582928571176225, -29.576800845328258], [-53.6497684754385, -29.6230163627553], [-53.544734340169214, -29.704243635808893], [-53.51829218024128, -29.764463855486554], [-53.56530046455761, -29.813480313363723], [-53.54914136682387, -29.867398417028603], [-53.46834587815519, -29.880702884166695], [-53.41913408051154, -29.924817696256145], [-53.12606680797696, -29.968232273233063], [-53.303082378605616, -30.139089640690617], [-53.351559671806825, -30.248326318245446], [-53.336135078515525, -30.319050064611073], [-53.267826165368376, -30.34495876377472], [-53.18409265892993, -30.314148418823358], [-53.17013707452351, -30.37366840338849], [-53.21347283662762, -30.450694265766895], [-53.18923419002702, -30.532621773933016], [-53.03572276155653, -30.671268326214147], [-52.98871447724021, -30.677570442226926], [-52.97255537950647, -30.603345520298642], [-52.90571547524419, -30.573935645572345], [-52.88074232420115, -30.35196111490003], [-52.689771169166086, -30.341457588212066], [-52.65745297369861, -30.209113151943715], [-52.69050567360853, -30.061363543199683], [-52.64349738929221, -29.99484120750924], [-52.68462963806899, -29.98643838615887], [-52.70519576245738, -29.917115110018305], [-52.74118648013707, -29.904510877992745], [-52.75514206454348, -29.84289018809002], [-52.7037267535725, -29.792473259987794], [-52.58106451168459, -29.793873730212855], [-52.46134028756646, -29.903110407767684], [-52.39964191440128, -29.8400892476399], [-52.31443939907794, -29.83518760185218], [-52.30635985021108, -29.872300062816322], [-52.17782157278363, -29.82678478050181], [-52.18002508611096, -29.933220517606514], [-52.03312419762245, -29.95702851143257], [-52.05883185310794, -29.81418054847625], [-52.014761586561384, -29.735754215872785], [-52.0375312242771, -29.70354340069636], [-51.91046195573455, -29.766564560824147], [-51.81571088265946, -29.86179653612836], [-51.71655278292971, -29.860396065903295], [-51.75033998728207, -29.888405470404535], [-51.72683584512391, -29.946524984744602], [-51.50721901683359, -29.927618636706267], [-51.404388394891626, -29.9871386212714], [-51.26703606415487, -29.935321222944108], [-51.20093066433504, -29.971733448795717], [-50.94899564057725, -29.96613156789547], [-50.86893465635101, -30.015848260885168], [-50.717626741207845, -29.97873579992103], [-50.70073313903167, -30.034054373810974], [-50.63462773921184, -30.058562602749557], [-50.62067215480543, -30.19860962525575], [-50.658866385812445, -30.20001009548081], [-50.6735564746613, -30.296642541010083], [-50.78226313214279, -30.284738544097056], [-50.79695322099164, -30.33865664776194], [-50.914473931782446, -30.326052415736385], [-50.92989852507374, -30.435989328403743], [-51.04741923586455, -30.38137098962633], [-51.0224460848215, -30.284038308984528], [-51.22810732870542, -30.176902336767288], [-51.258956515288006, -30.123684468214936], [-51.233983364244956, -30.047358840949062], [-51.30155777294967, -30.05436119207437], [-51.3279999328776, -30.22661902975699], [-51.2986197551799, -30.240623732007606], [-51.29494723296769, -30.302944657022863], [-51.17816102661932, -30.386272635414045], [-51.12894922897567, -30.35896346602534], [-51.12233868899369, -30.39677616210201], [-51.22296579760832, -30.419883920815533], [-51.26556705526998, -30.480104140493196], [-51.2986197551799, -30.559230708209192], [-51.292743719640356, -30.707680552065757], [-51.33461047285958, -30.633455630137476], [-51.380884252733466, -30.643258921712906], [-51.39043281048522, -30.87993838974837], [-51.44845866143818, -30.87223580351053], [-51.49767045908183, -30.917751085825046], [-51.44552064366841, -31.08930868839513], [-51.6284122498366, -31.153030083635446], [-51.63942981647324, -31.27066958254065], [-51.81203836044725, -31.285374519903797], [-51.843622051472266, -31.323187215980468], [-51.919276009043855, -31.310582983954912], [-51.96040825782063, -31.35259709070677], [-52.030920684295126, -31.692211120284284], [-52.10437112853938, -31.684508534046444], [-52.225564361542396, -31.751731104849416], [-52.2204228304453, -31.872871779317272], [-52.138892837334176, -31.918387061631787], [-52.24172345927613, -31.991911748447535], [-52.22850237931217, -32.03602656053699], [-52.188104634977826, -31.9821084568721], [-52.11318518184869, -31.97790704619692], [-52.11318518184869, -32.00941762626081], [-52.19618418384469, -32.02832397429915], [-52.19398067051736, -32.057733849025446], [-52.138892837334176, -32.04653008722495], [-52.1565209439528, -32.09554654510212], [-52.099229597442275, -32.08294231307656], [-52.09702608411495, -32.16136864568003], [-52.29313877024711, -32.33852812915036], [-52.38642083443732, -32.525490904196126], [-52.49512749191881, -32.86720563911123], [-52.62366576934626, -33.1038851071467], [-52.77644269337431, -33.283145295954625], [-53.36992228286789, -33.7439], [-53.422072098281305, -33.7439], [-53.43970020489993, -33.69348307189777], [-53.522699206895936, -33.68928166122258], [-53.533716773532575, -33.65146896514591], [-53.510947135816856, -33.54433299292867], [-53.46540786038542, -33.55833769517929], [-53.438231196015046, -33.51632358842743], [-53.425010116051084, -33.43789725582397], [-53.46908038259763, -33.255135891453385], [-53.4323551604755, -33.16200462148677], [-53.33686958295797, -33.08287805377077], [-53.277374723120126, -33.109486988046946], [-53.17454410117817, -33.003751486054774], [-53.1473674368078, -32.8188894163466], [-53.07024447035133, -32.83359435370975], [-53.00267006164661, -32.764971312681716], [-52.96300682175472, -32.84199717506012], [-52.83226503099994, -32.91482162676334], [-52.73016891350043, -32.847599055960366], [-52.58767505166657, -32.53739490110915], [-52.688302160281204, -32.319621781112026], [-52.62293126490381, -32.145263238091815], [-52.73237242682775, -32.159968175454964], [-52.8212474643633, -32.334326718475175], [-52.79039827778072, -32.379141765677154], [-52.77203566671965, -32.35253283140098], [-52.72355837351844, -32.38194270612728], [-52.8021503488598, -32.44706457159266], [-52.96814835285181, -32.49047914856958], [-53.020298168265235, -32.613020293262494], [-53.0628994259269, -32.61792193905021], [-53.083465550315296, -32.656434870239416], [-53.2457910320951, -32.60741841236225], [-53.289126794199206, -32.62142311461287], [-53.36992228286789, -32.56960571628558], [-53.388284893928954, -32.58711159409885], [-53.47054939148252, -32.48067585699415], [-53.522699206895936, -32.48627773789439], [-53.64389243989896, -32.384743646577405], [-53.643157935456514, -32.30141566818622], [-53.72321891968275, -32.17397287770559], [-53.72542243301008, -32.09834748555224], [-53.83339458604914, -32.054932908575324], [-53.851022692667755, -32.00031456979791], [-53.963401872361466, -31.92188823719444], [-54.03905582993305, -31.89738000825586], [-54.08165708759472, -31.92959082343228], [-54.45478534435553, -31.652997953982553], [-54.47314795541659, -31.5703702107039], [-54.586996143995194, -31.45623188736135], [-54.7390385635808, -31.42542154240999], [-54.83672765442566, -31.44222718511073], [-54.89989503647571, -31.376405084532824], [-54.93221323194319, -31.384807905883193], [-55.002725658417674, -31.269269112315587], [-55.07470709377704, -31.332290272443373]]]}}, {"type": "Feature", "properties": {"regiao": 26}, "geometry": {"type": "Polygon", "coordinates": [[[-54.378396882341505, -28.659492847912702], [-54.43128120219737, -28.658092377687638], [-54.4180601222334, -28.60837568469794], [-54.44670579548867, -28.581766750421764], [-54.406308051154326, -28.5509564054704], [-54.463599397664844, -28.488635480455144], [-54.37472436012929, -28.436117847015325], [-54.36884832458975, -28.349288693061485], [-54.4628648932224, -28.33668446103593], [-54.464333902107285, -28.292569648946476], [-54.57304055958878, -28.298871764959255], [-54.75960468796919, -28.247054366631964], [-54.74564910356278, -28.207841200330233], [-54.634738932753955, -28.2071409652177], [-54.695702801476685, -28.160225212678128], [-54.69643730591913, -28.06779417782404], [-54.73830405913836, -28.058691121361136], [-54.71773793474996, -27.985166434545388], [-54.76180820129652, -27.98026478875767], [-54.819099547807035, -27.915843158404822], [-54.83158612332856, -27.841618236476542], [-54.685419739282494, -27.889234224128643], [-54.55981947962482, -27.84091800136401], [-54.73610054581103, -27.57973030438996], [-54.671464154876084, -27.566425837251874], [-54.6802782081854, -27.52651243583761], [-54.63180091498418, -27.545418783875945], [-54.57304055958878, -27.45368798413439], [-54.524563266387574, -27.50620561757421], [-54.44376777771889, -27.459990100147166], [-54.47241345097415, -27.43478163609605], [-54.3989630067299, -27.41167387738253], [-54.357096253510676, -27.464891745934885], [-54.341671660219376, -27.40467152625722], [-54.28364580926642, -27.44808610323414], [-54.26748671153268, -27.40397129114469], [-54.217540409446585, -27.385064943106354], [-54.193301762845984, -27.30873931584048], [-54.082391592037155, -27.298936024265046], [-54.00820664335046, -27.198102168060586], [-53.960463854591694, -27.195301227610464], [-53.94650827018529, -27.151186415521014], [-53.898030976984074, -27.17009276355935], [-53.864243772631724, -27.1259779514699], [-53.77022720399908, -27.261823563300904], [-53.78712080617525, -27.303137434940233], [-53.90611052585095, -27.333247544779063], [-53.825315037182264, -27.438983046771238], [-53.827518550509595, -27.489399974873468], [-53.90611052585095, -27.530013611400264], [-53.898030976984074, -27.595135476865643], [-54.03171078550862, -27.627346292042066], [-54.03685231660572, -27.654655461430774], [-53.84367764824333, -27.728880383359055], [-53.82164251497005, -27.763892138985604], [-53.87746485259569, -27.791201308374312], [-53.898030976984074, -27.895536340141422], [-53.84588116157066, -27.955056324706554], [-53.5271062335506, -28.065693472486448], [-53.50727461360464, -28.146920745540037], [-53.475690922579616, -28.088100996087437], [-53.411789036087114, -28.08740076097491], [-53.402974982777806, -28.136417218852074], [-53.35302868069171, -28.128714632614233], [-53.31116192747248, -28.195236968304673], [-53.24946355430731, -28.14201909975232], [-53.30161336972073, -28.08109864496213], [-53.20906580997297, -28.074096293836817], [-53.190703198911905, -28.045386654223048], [-53.237711483228225, -28.002672312358662], [-53.156181490117106, -27.943152327793527], [-53.057757894829805, -27.941751857568466], [-53.043067805980954, -27.865426230302592], [-53.068775461466444, -27.8136088319753], [-52.98430745058555, -27.79050107326178], [-53.11358023245543, -27.650454050755588], [-52.9989975394344, -27.609840414228792], [-52.95125475067563, -27.625945821817005], [-52.946847724020984, -27.588133125740335], [-52.90644997968664, -27.67216133924405], [-52.95786529065762, -27.686166041494666], [-52.946113219578535, -27.718376856671092], [-52.81830944659353, -27.830414474676044], [-52.7815842244714, -27.82621306400086], [-52.75808008231324, -27.88013116766574], [-52.77203566671965, -27.91514292329229], [-52.74485900234928, -27.945253033131124], [-52.82785800434529, -28.029281246634838], [-52.72429287796089, -28.059391356473668], [-52.66039099146839, -28.122412516601454], [-52.654514955928846, -28.16932826914103], [-52.57151595393284, -28.123812986826515], [-52.48925145637927, -28.12031181126386], [-52.46501280977867, -28.16792779891597], [-52.3034218324413, -28.19173579274202], [-52.26743111476162, -28.241452485731717], [-52.30489084132619, -28.30167270540938], [-52.213812290463316, -28.35278986862414], [-52.25861706145231, -28.366094335762227], [-52.28212120361047, -28.334583755698336], [-52.309297867980845, -28.361192689974512], [-52.29534228357444, -28.38920209447575], [-52.372465250030906, -28.376597862450193], [-52.443712180947834, -28.403907031838898], [-52.55241883842933, -28.529949352094473], [-52.36144768339427, -28.578965809971642], [-52.31443939907794, -28.648289086112204], [-52.249068503700556, -28.662293788362824], [-52.32766047904191, -28.81354457266951], [-52.22850237931217, -28.970397237876448], [-52.21234328157843, -29.094338852794426], [-52.112450677406244, -29.270798101152227], [-52.03679671983466, -29.267296925589573], [-52.03385870206489, -29.328917615492298], [-51.97656735555437, -29.30090821099106], [-51.96261177114796, -29.328217380379765], [-51.86639168918799, -29.276399982052475], [-51.88622330913394, -29.17136471517283], [-51.842153042587384, -29.151057896909435], [-51.757685031706494, -29.185369417423452], [-51.75474701393672, -29.260294574464265], [-51.80175529825304, -29.259594339351732], [-51.77972016497977, -29.298807505653468], [-51.70112818963842, -29.304409386553715], [-51.70186269408086, -29.334519496392545], [-51.781189173864654, -29.387737364944897], [-51.781923678307095, -29.46126205176065], [-51.74446395174253, -29.46196228687318], [-51.73932242064543, -29.414346299221073], [-51.69084512744422, -29.415046534333605], [-51.69084512744422, -29.47036510822355], [-51.588014505502265, -29.47666722423633], [-51.57552792998074, -29.613213071179867], [-51.503546494621375, -29.576800845328258], [-51.427892537049786, -29.65312647259413], [-51.27658462190662, -29.655927413044257], [-51.30743380848921, -29.77566761728705], [-51.19285111546817, -29.80367702178829], [-51.209744717644355, -29.734353745647724], [-51.17742652217688, -29.672032820632467], [-51.132621751187884, -29.7406558616605], [-51.084878962429116, -29.735053980760256], [-51.0812064402169, -29.829585720951933], [-50.81164330984049, -29.773566911949455], [-50.8549790719446, -29.872300062816322], [-50.8204573631498, -29.999042618184426], [-50.86893465635101, -30.015848260885168], [-50.94899564057725, -29.96613156789547], [-51.20093066433504, -29.971733448795717], [-51.26703606415487, -29.935321222944108], [-51.404388394891626, -29.9871386212714], [-51.50721901683359, -29.927618636706267], [-51.72683584512391, -29.946524984744602], [-51.75033998728207, -29.888405470404535], [-51.71655278292971, -29.860396065903295], [-51.81571088265946, -29.86179653612836], [-51.91046195573455, -29.766564560824147], [-52.0375312242771, -29.70354340069636], [-52.014761586561384, -29.735754215872785], [-52.05883185310794, -29.81418054847625], [-52.03312419762245, -29.95702851143257], [-52.18002508611096, -29.933220517606514], [-52.17782157278363, -29.82678478050181], [-52.30635985021108, -29.872300062816322], [-52.31443939907794, -29.83518760185218], [-52.39964191440128, -29.8400892476399], [-52.46134028756646, -29.903110407767684], [-52.58106451168459, -29.793873730212855], [-52.7037267535725, -29.792473259987794], [-52.75514206454348, -29.84289018809002], [-52.74118648013707, -29.904510877992745], [-52.70519576245738, -29.917115110018305], [-52.68462963806899, -29.98643838615887], [-52.64349738929221, -29.99484120750924], [-52.69050567360853, -30.061363543199683], [-52.65745297369861, -30.209113151943715], [-52.689771169166086, -30.341457588212066], [-52.88074232420115, -30.35196111490003], [-52.90571547524419, -30.573935645572345], [-52.97255537950647, -30.603345520298642], [-52.98871447724021, -30.677570442226926], [-53.03572276155653, -30.671268326214147], [-53.18923419002702, -30.532621773933016], [-53.21347283662762, -30.450694265766895], [-53.17013707452351, -30.37366840338849], [-53.18409265892993, -30.314148418823358], [-53.267826165368376, -30.34495876377472], [-53.336135078515525, -30.319050064611073], [-53.351559671806825, -30.248326318245446], [-53.303082378605616, -30.139089640690617], [-53.12606680797696, -29.968232273233063], [-53.41913408051154, -29.924817696256145], [-53.46834587815519, -29.880702884166695], [-53.54914136682387, -29.867398417028603], [-53.56530046455761, -29.813480313363723], [-53.51829218024128, -29.764463855486554], [-53.544734340169214, -29.704243635808893], [-53.6497684754385, -29.6230163627553], [-53.582928571176225, -29.576800845328258], [-53.629936855492545, -29.568398023977885], [-53.6549100065356, -29.508177804300225], [-53.55501740236341, -29.450758525072686], [-53.51829218024128, -29.471065343336083], [-53.499195064737776, -29.45495993574787], [-53.52637172910815, -29.399641361857924], [-53.43970020489993, -29.33872090706773], [-53.36698426509812, -29.357627255106067], [-53.312630936357365, -29.437454057934595], [-53.23844598767067, -29.412245593883483], [-53.21053481885785, -29.26379575002692], [-53.24726004097998, -29.240687991313397], [-53.26121562538639, -29.144055545784123], [-53.094483116951935, -29.13985413510894], [-53.06363393036935, -29.181868241860798], [-52.99973204387685, -29.13915389999641], [-52.883680341970916, -29.20567623568685], [-52.87780430643138, -29.321215029254457], [-52.8161059332662, -29.31561314835421], [-52.75440756010103, -29.363929371118846], [-52.66186000035327, -29.194472473886353], [-52.79113278222316, -29.117446611507948], [-52.80435386218713, -29.043221689579667], [-52.85503466871566, -29.042521454467135], [-52.95272375956052, -28.955692300513295], [-53.07538600144842, -28.961294181413543], [-53.15177446346245, -29.02501557665386], [-53.23477346545846, -28.956392535625827], [-53.33025904297599, -29.00961040417818], [-53.37139129175277, -28.975298883664163], [-53.44924876265168, -29.047423100254854], [-53.445576240439465, -29.086636266556585], [-53.49405353364068, -29.073331799418497], [-53.56676947344249, -28.962694651638607], [-53.545468844611655, -28.883568083922608], [-53.57778704007913, -28.76242740945475], [-53.546937853496544, -28.74422129652895], [-53.51388515358663, -28.773631171255246], [-53.46393885150053, -28.737218945403637], [-53.33099354741843, -28.785535168168273], [-53.240649500998, -28.68190037151369], [-53.46393885150053, -28.553757345920523], [-53.51315064914418, -28.57056298862127], [-53.705590813064134, -28.480932894217304], [-53.694573246427495, -28.510342768943605], [-53.781244770635716, -28.54955593524534], [-53.717342884143214, -28.63778555942424], [-53.74525405295603, -28.758926233892097], [-53.87232332149859, -28.815645278007104], [-53.96854340345857, -28.796038694856236], [-53.974419438998105, -28.647588850999675], [-54.12866537191104, -28.554457581033056], [-54.1969742850582, -28.66019308302523], [-54.31229148252167, -28.686101782188878], [-54.32257454471588, -28.72461471337808], [-54.377662377899064, -28.69520483865178], [-54.378396882341505, -28.659492847912702]]]}}]}